26030102003,La Pastilla,3001
26030102004,Veladero,3001
26030102005,Loma Al Medio,3001
26030102006,Bulla,3001
26030102007,Hato Viejo,3001
26030102008,Arroyo Bulla,3001
26010101001,Cambelen,3002
26010101002,El Cementerio,3002
26010101003,Francisco Bueno Zapata,3002
26010101004,Urbanizacion Invi,3002
26010101005,Centro,3002
26010101006,La Joya,3002
26010101007,E. Leon Jimenes,3002
26010101008,Bolsillo,3002
26010101009,El Hospital,3002
26010101010,Felito Bueno,3002
26010101011,Norte,3002
26010101012,Cerro Dulce,3002
26010101013,Los Maestros,3002
26010101014,Tamarindo,3002
26010101015,Mejoramiento Social (Bameso),3002
26010101016,Tomines Arriba,3002
26010101017,Alejandro Bueno,3002
26010101018,Marien,3002
26010101019,Rodolfo Scheaffler,3002
26010101020,Villa Polin O Tomines Abajo,3002
26010101021,Las Espinas,3002
26010101022,La Sabana,3002
26010102001,Arroyo Blanco,3002
26010102002,Arroyo Blanco Abajo,3002
26010102003,Atras De Los Cerros,3002
26010102004,La Lechuza,3002
26010102005,Alto De Amacey,3002
26010102006,La Lana,3002
26010102007,El Rodeo,3002
26010102008,Loma Del Hicacal,3002
26010102009,Los Cuaos,3002
26010102010,El Cerrazo,3002
26010102011,El Anicetal,3002
26010102012,La Estaca,3002
26010102013,Los Brazos,3002
26010102014,La Babosa,3002
26010102015,El Manglar,3002
26010102016,El Maniel,3002
26010102017,El Corral,3002
26010102018,Arroyo Al Medio,3002
26010102019,Los Magueyes,3002
26010102020,Boca De Los Rios,3002
26010102021,Arroyo Blanco Arriba,3002
26010102022,El Canton,3002
26010102023,Los Corozos,3002
26010102024,Monte Llano,3002
26010102025,Agua Clara,3002
26010102026,Los Higueros,3002
26010103001,La Estancia,3002
26010103002,Guamanal O Guamachal,3002
26010103003,Arroyo Palero,3002
26010103004,El Oregano,3002
26010103005,Los Caimonies,3002
26010103006,El Mamon,3002
26010103007,Gurabo Dulce,3002
26010103008,Loma De Las Caobas,3002
26010103009,Las Caobas,3002
26010103010,Cerro Caimonies,3002
26010103011,Los Ingenitos,3002
26010103013,Cañada Verde,3002
26010103014,Arroyo Seco,3002
26010103015,Sanchez,3002
26010103016,Las Caobas Adentro,3002
26010103017,El Estrecho,3002
26010103018,La Loma De Las Caobas,3002
26010103019,Gurabo Adentro,3002
2010101001,Los Cartones,101
2010101002,Simon Striddels,101
2010101003,La Bombita,101
2010101004,Villa Esperanza,101
2010101005,Centro De La Ciudad,101
2010101006,Pueblo Abajo,101
2010101007,Savica,101
2010101008,Los Mangos,101
2010101009,Buenos Aires,101
2010101010,La Colonia Española,101
2010101011,Mejoramiento Social,101
2010101012,Pajarito,101
2010101013,La Nevera,101
2010101014,La Frontera,101
2010101015,El Prado,101
2010101016,Alto De Las Flores,101
2010101017,Urbanizacion Quisqueya,101
2010101018,Juan Pablo Duarte,101
2010101019,Acapulco,101
2010101020,Los Parceleros,101
2010201001,Barro Arriba,101
2010201002,La Golondrina,101
2010202001,Los Lirios,101
2010202002,El Higuerito,101
2010203001,Aguaelico,101
2010203002,Barro En Medio,101
2010203003,Los Conuquitos,101
2010203004,La Golondrina,101
2010203005,Gurabo,101
2010204001,El Prado,101
2010204002,La Vereda,101
2010204003,Barro Arriba,101
2010204004,La Sabana,101
2010204005,Los Magaleños,101
2010301001,Las Barias,101
2010301002,La Estancia,101
2010302001,La Ceiba Vieja,101
2010303001,La Ceiba Nueva,101
2010401001,Los Jovillos,101
2010401002,6to.,101
2010401003,Los Españoles,101
2010401004,Kilometro 7,101
2010402001,La Altagracia,101
2010402002,Betania,101
2010402003,Cañada De Piedra,101
2010402004,Jura,101
2010402005,Maleno La Mina,101
2010402006,Arroyo Copey,101
2010403001,Kilometro 8,101
2010403002,Los Jovillos,101
2010501001,Los Negros,101
2010502001,Rancheria,101
2010502002,El Puerto,101
2010502003,Palmar De Buena Vista,101
2010601001,Barreras,101
2010602001,Mordan,101
2010602002,El Alto,101
2010602004,Los Negros,101
2010701001,Doña Emma Balaguer Viuda Vallejo,101
2010702001,Monte Rio,101
2010801001,Centro Del Pueblo,101
2010802001,Terreros,101
2010802002,Guazibara,101
2010802003,Palmarejo,101
2010803001,Los Tramojos,101
2010804001,Los Barrancones,101
2010901001,Las Lomas,101
7060105003,Los Conucos,705
7060105004,Santiaguito,705
7060105005,Las Mesas,705
7060105006,Los Caños,705
7060105007,Monte Mayor O Cerro Mico,705
7050101001,Militar,706
7050101002,Azul,706
7050101003,Centro De La Ciudad,706
7050101004,Nuevo,706
7050101005,La E,706
7050101006,Los Patios,706
7050101007,Jose Francisco Peña Gomez,706
7050102001,La Descubierta,706
7050102002,Las Palmas,706
7050102003,Los Cajuilitos,706
7050102004,Los Cercadillos,706
7050102005,Damajagua,706
7050102006,Los Chicharrones,706
7050102007,El Corbano,706
7050102008,Cerro San Francisco,706
7050103001,El Hoyo,706
7050103002,Los Gritos,706
7050103003,La Yamayas,706
7050103004,Guayuyal,706
7050103005,Valentin Las Yayas,706
7050103006,Bartolo,706
7050103007,El Barrero,706
7050103008,Pesquero,706
7050103009,La Racimera,706
7050104001,Guayajayuco,706
7050104002,Rosso,706
7050104003,Carata,706
7050104004,La Zurza,706
7050104005,Los Amaceyes,706
7050104006,Rancho Higuero,706
7050104007,Sombrero,706
7050104008,Hoyo Prieto,706
7050104009,Los Cedros,706
7050104010,Los Dajaos,706
7050104011,Pulio,706
7050105001,Nicolas O Joca,706
7050105002,Los Tocones,706
7050105003,Arroyo Grande,706
7050105004,El Morro,706
7050105005,La Cueva,706
7050105006,El Tocino De Joca,706
7050105007,El Pomito,706
7050105008,Las Canas - El Estrecho,706
7050201001,Rio Limpio,706
7050202001,Rio Bonito,706
7050202002,Piedra Blanca,706
7050202003,La Guazara,706
7050202004,Los Pinitos,706
7050202005,Ravinzal,706
7050202006,Los Guandules,706
7050202007,La Palma,706
7050202008,La Tayota,706
7050203001,Rancho Tomas,706
7050203002,Rancho Valdez,706
7050203003,La Llanadita,706
7050203004,Patricio,706
7050203005,La Tayota,706
7050203006,La Guama,706
7050203007,Francisco Jose,706
7050203008,La Nasa,706
7050203009,La Sierrecita,706
7050203010,El Cayuco,706
7050203011,La Cidra - La Ginita,706
7050203012,Cañada De Piedra,706
7050203013,El Hoyo Sanjuanero,706
7050203014,Cañada Negra,706
7050204001,Billiguin,706
7050204002,Pachutico,706
7050204003,La Horqueta,706
7050204004,Rincon,706
7050204005,La Siembrita,706
7050204006,Los Corocitos,706
7050204007,La Peña,706
7050204008,Caramana,706
7050204009,Majagualito,706
7050204010,Botoncillos,706
7050204011,El Jengibre,706
7050204012,La Atravesada,706
26010104001,Rancho De Las Mujeres,3002
26010104002,El Pomo,3002
26010104003,Los Planes Arriba,3002
26010104004,Los Planes Abajo,3002
26010104005,El Corozo Arriba,3002
26010104006,El Corozo Abajo,3002
26010104007,Mata Clara,3002
26010104008,Mata De Limon,3002
26010104009,Mata Bonita,3002
26010104010,Pinar Claro,3002
26010104011,El Romerillo,3002
26010104012,Quebrada Honda,3002
26010104013,La Tarana,3002
26010104014,Los Cercadillos Al Medio,3002
26010104015,El Guanal,3002
26010104016,El Pozo,3002
26010104017,Pata De Vaca,3002
26010104018,Palmarejo,3002
26010104019,Lazaro,3002
26010104020,La Laguneta,3002
26010104021,Higuerito,3002
26010104022,Los Cercadillos Abajo,3002
26010104023,Higuerito Arriba,3002
26010104024,Minaya,3002
26010104025,Los Cercadillos Arriba,3002
26010105001,Clavijo,3002
26010105002,El Guanabano,3002
26010105003,Cerro De La Estancia,3002
26010105004,Clavijo Abajo,3002
2020101001,Las Charcas,104
2020102001,Hatillo,104
2020102002,Playa Chiquita,104
2020102003,La Cienaguita,104
2020102004,Arroyo Hatillo,104
2020102005,La Delicia,104
2020102006,Caña Rafe,104
2020102007,Loma Vieja,104
2020103001,Cañada Cimarrona,104
2020103002,Barranca,104
2020103003,Las Baitoas,104
2020103004,Los Naranjos,104
2020103005,Los Limones,104
2020103006,La Palma,104
2020103007,Los Barrancos,104
2020103008,La Peñita,104
2020103009,Los Guanabanos,104
2020103010,Arroyo Naranjo,104
2020104001,Monte La Guardia,104
2020104002,El Nemero,104
2020104003,Boqueron,104
2020104004,Los Ciruelos,104
2020105001,Caracoles,104
2020105002,El Salado,104
2020105003,La Acequia,104
2020105004,Boca Cachon,104
2020105005,Las Tejas,104
7020101001,Centro Del Pueblo,701
7020101002,La Planta O El Gajo,701
7020102001,Las Cañitas,701
26010105005,Los Carderejos,3002
7020302001,Mata Bonita,701
7020302002,La Mina,701
7020302003,Los Campechitos,701
7020302004,La Corcovada,701
7020302005,La Lajita,701
7020302006,Blas Martinez,701
7020302007,Arroyo Salado,701
7020302008,Las Chupaderas,701
7020302009,Los Pinalitos,701
7020302010,La Herradura,701
7020303001,Los Yareyes,701
7020303002,Los Pinitos,701
7020303003,El Palistal,701
7020303004,La Peña,701
7020303005,El Anon,701
7020303006,Clavellina,701
7020303007,El Campeche,701
7020304001,El Pon,701
7020304002,Hato Viejo,701
7020304003,La Viajaca,701
7020304004,Charco Colorado,701
7020304005,El Vallecito,701
7020304006,El Canton,701
7020304007,Los Boquerones,701
7020304008,Sabana Mula,701
7020304009,El Charco,701
7020304010,Palma Sola,701
7020304011,Sabana Del Pino,701
7020304012,Sabana En Medio,701
7020304013,La Majuana,701
7020305001,El Naranjo,701
7020305002,La Caya,701
7020305003,Los Brito,701
7020305004,Arroyo Seco,701
7020305005,Las Canas,701
26010105006,Cañada De Palma,3002
26010105007,Arroyo Del Cuano,3002
26010105008,Luis Gomez,3002
26010105009,La Peñita,3002
26010105010,Sabana De Maguana,3002
26010105011,Cruce De Maguana,3002
26010105012,Conuco Lejos,3002
26010105013,La Maguana,3002
26010105014,Hundideros,3002
26010105015,Los Garcia,3002
26010105016,Copeyal,3002
26010105017,La Piña,3002
26010105018,Mesa,3002
26010106001,Coqui,3002
26010106002,Los Guayubines,3002
26010106003,La Ceiba,3002
26010106004,Palo Amarillo,3002
26010107001,Pastor,3002
26010107002,Cerro Chino,3002
26010107003,Sebastian,3002
26010107004,Barrigon,3002
26010107005,Cordero,3002
26010107006,La Reforma,3002
26010107007,El Capacito,3002
26010107008,Estancita,3002
26010107009,Estancia Vieja,3002
26010108001,Naranjo De China,3002
26010108002,Hato Viejo,3002
26010108003,El Guano,3002
26010108004,Mata De Jobo,3002
26010108005,Los Bambees,3002
26010108006,Cañada De Palma,3002
26010108007,El Limon,3002
26010108008,Mata Macey,3002
26010108009,Los Candelones,3002
26010108010,La Castilla,3002
26010108011,Alto De Cana,3002
26010108012,La Puerta Del Mulo,3002
26010108013,Palo Blanco,3002
26010108014,El Rodeo,3002
26010108015,Juan Becerro,3002
26010108016,El Candelon,3002
26010108017,Maria Garcia,3002
26010108018,Cabezada Del Caimito,3002
26010109001,La Maguanita,3002
26010109002,La Lima,3002
26010109003,La Cabirmita,3002
26010109004,Amacey Picado,3002
26010109005,Nizay,3002
26010109006,Los Ramones,3002
26010109007,Brazo Chiquito,3002
26010109008,La Patilla,3002
26010109009,Rincon Llano,3002
26010109010,La Jagua,3002
26010109011,Piedra Blanca,3002
26010109012,Los Jobos,3002
26010109013,El Jobo,3002
26010109014,El Llano,3002
26010109015,La Guama,3002
26010109016,Palmarejo,3002
26010109017,Rincon Alto,3002
26010109018,La Osea,3002
26010109019,El Naranjito,3002
26010109020,Los Palmaritos,3002
26010109021,El Guayabo,3002
26010109022,Revolcaderos,3002
26010109023,El Bebedero,3002
26010109024,Los Castilo,3002
26010110001,La Breña Abajo,3002
26010110002,El Guayabito,3002
26010110003,Baboso,3002
26010110004,La Tuatea,3002
26010110005,Pastor,3002
26010110006,El Rincon,3002
26010110007,Sabana Abajo,3002
26010110008,El Cafe,3002
26010110009,Las Animas,3002
26010110010,Los Cerros,3002
26010110011,La Enramada,3002
26010110012,Los Bombones,3002
26010110013,San Jose,3002
26010110014,El Oregano,3002
26010110015,Sabana Arriba,3002
26010110016,El Candejon,3002
26010110017,La Baitoa,3002
26010110018,Los Tocones,3002
26010110019,Zamba Arriba,3002
26010110020,Los Cajuiles,3002
26010110021,Los Tomines,3002
26010110022,Los Indios,3002
26010110023,El Caimito,3002
26010110024,Sabaneta Redonda,3002
26010110025,Los Puentes De Tomines,3002
26010110026,Los Tomines Abajo,3002
26010110027,Los Pravieles,3002
26010110028,Zamba,3002
26010111001,El Poblado,3002
26010111002,La Leonor,3002
26010111003,Toma - Pinar Sucio,3002
26010111004,La Bija,3002
26010111005,El Aguacate,3002
26010111006,Loma Escondida,3002
26010111007,Loma Vieja,3002
26010111008,Arroyo Montazo,3002
26010111009,El Cerrazo,3002
26010111010,Los Amaceyes,3002
25030206004,El Peñon,2903
26010111011,Los Anquelles,3002
26010111012,La Cabirma,3002
26010111013,Cenovi,3002
7010109003,Roncador,702
7010109004,El Hueso,702
7010109005,El Duan,702
7010109006,Lucazada,702
7010109007,Prudencio,702
7010201001,Sabana Larga,702
7010202001,La Rosa,702
7010202002,Escondidito,702
7010203001,Angostura,702
7010203002,Monte Grande,702
7010203003,Los Jobazos,702
7010203004,Junquito,702
7010203005,Los Corbanos,702
7010203006,Piedra Hincada,702
7010203007,Los Cocuyos,702
7010204001,Hato Viejo,702
7010204002,El Candelon,702
7010204003,Cañada Grande,702
7010204004,El Batey,702
7010205001,Ojo De Agua,702
7010205002,La Mina,702
7010205003,Potroso,702
7010205004,La Mina Arriba,702
7010205005,Tierra Honda,702
7010205006,La Cotorra,702
7010206001,Potro Blanco,702
7020102002,El Papayo,701
7020102003,Blas,701
7020102004,El Mamoncito,701
7020102005,Rincon Grande,701
7020102006,El Escarbadero,701
7020102007,Maria Isabel,701
7020102008,Los Memisos,701
7020103001,Tabacal,701
7020103002,La Cruz,701
7020103003,Los Pinos,701
7020103004,El Caobal,701
7020201001,Centro Del Pueblo,701
7020202001,El Peligro,701
7020202002,Los Jobitos,701
7020202003,San Andres,701
7020202004,El Guayabo,701
7020202005,El Mamoncito,701
7020202006,Maria Isabel,701
7020202007,Sabana Cruz,701
7020203001,Guayabal,701
7020203002,Pilon,701
7020203003,Hato Viejo,701
7020204001,Guaroa,701
7020204002,Manyaya,701
7020205001,Espinosa,701
7020206001,Sabana Grande,701
7020206002,El Fondo De Sabana Cruz,701
7020206003,Los Cercadillos,701
7020301001,Higuero,701
26010111014,La Cidra,3002
26010111015,La Cidrita,3002
26010111016,Loma De Cana,3002
26010111017,Los Alzafraz,3002
26010111018,Fuquete,3002
26010111019,Loma De Copey,3002
26010111020,Hoya Grande,3002
26010111021,La Peonia,3002
26010111022,Los Hundideros,3002
26010111023,El Montazo,3002
26010111024,El Vallecito,3002
26010111025,Los Higos,3002
26010111026,Loma Los Palos De Escoba,3002
26010111027,Palo De Burro,3002
26010111028,Loma Cenovi,3002
26010111029,Parque Nacional,3002
26020101001,Baldemiro Cabreras,3003
26020101002,La Ceiba,3003
26020101003,San Isidro,3003
26020101004,El Fundo,3003
26020101005,Enriquillo O La Gallera,3003
26020102001,Yaya Picada,3003
2090101001,Guayabal,103
2090101002,Las Canitas,103
2090101003,Los Tainos,103
2090102001,El Naranjito,103
2090102002,El Recodo,103
2090102003,Palma Cana,103
2090102004,Arroyo La Vaca,103
2090102005,Sabana San Juan,103
2090102006,La Cueva,103
2090102007,La Finca,103
2090102008,Loma Miguel Martin,103
2090102009,Sabana Miguel Martin,103
2090102010,Los Naranjales,103
2090102011,Paso Cabrera,103
2090102012,Hoyo Sin Fin,103
2090102013,Las Cayas,103
2090102014,Fruta De Paloma,103
2090102015,La Cienaguita O Yuna,103
2090103001,Las Cojas,103
2090103002,La Gina,103
2090103003,Las Cañitas,103
2090103004,Arroyo Corozo (El Corozo),103
2090103005,Las Guamas,103
2090103006,Las Avispas,103
2090103007,Las Lagunitas,103
2090103008,El Montazo,103
2080403003,La Tasajera,110
3010101001,Cachon Seco,203
3010101002,Centro Del Pueblo,203
3010101003,La Cuaba,203
3010101004,Puerto Plata (Invi),203
3010101005,Santa Cruz,203
3010101006,El Tanque,203
3010101007,Cerro Al Medio,203
3010101008,Coronel Francisco Alberto Caamaño,203
3010101009,Los Cocos,203
3010101010,Las Filipinas,203
3010101011,Las Malvinas,203
3010101012,Los Girasoles,203
3010101013,Brisas Del Norte,203
3010101014,La Jota,203
3010101015,La Teja,203
3010102001,Apolinar Perdomo,203
3010102002,San Sapito O Agapito,203
3010102003,El Hato,203
3010102004,El Pico,203
3010102005,Dos Brazos,203
3010102006,El Botado,203
3010102007,Los Hoyitos,203
3010102008,El Gajo,203
3010103001,El Estero,203
3010103002,Cachon Seco,203
3010103003,La Puentecita,203
3010103004,Ojeda,203
3010103005,Cecadal,203
3010104001,Los Guineos,203
3010104002,Los Segundos,203
3010104003,Los Montazos,203
3010104004,Las Cañas,203
3010105001,El Manguito,203
3010105002,La Tala,203
3010105003,Tabardillo Arriba,203
3010105004,Las Cañas,203
3010105005,Monte Quemado,203
26020102002,Los Naranjos,3003
26020102003,El Jengibre,3003
26020102004,Muse,3003
26020102005,La Ceiba De Bonet,3003
26020102006,La Luisa,3003
26020103001,Los Aguacates,3003
26020103002,Cerro El Dajao,3003
26020103003,Loma Llana,3003
26020103004,El Cabirmal,3003
26020103005,Los Carmonies,3003
26020103006,Loma De Tomas,3003
26020103007,Los Palmaritos,3003
26020103008,Loma Del Perico,3003
26020103009,Palo Bonito,3003
26020103010,Loma De Palo Bonito,3003
26020103011,Las Berbenas,3003
26020103012,El Dajao,3003
26020103013,Los Dajaitos,3003
26020103014,Julupe,3003
26020103015,Los Jaiquices,3003
26020104001,El Caimital Arriba,3003
26020104002,El Resbaloso,3003
26020104003,Los Hoyos,3003
26020104004,Monier,3003
26020104005,El Algarrobo,3003
26020104006,El Fundo,3003
26020104007,La Guasima,3003
26020104008,La Soya (Soyo),3003
26020105001,La Ceiba Abajo,3003
26020105002,Los Rodriguez,3003
26020105003,Palo Alto,3003
26020105004,La Ginita,3003
26020105005,Palma Larga,3003
26020105006,Cerca De La Piña,3003
26020105007,La Piña,3003
26020105008,Boca De Vereda,3003
26020105009,Arroyito Malo,3003
26020105010,La Canastica O Canastilla,3003
26020105011,Los Cinco (5) Puercos,3003
26020105012,La Pionia,3003
26020105013,El Limon,3003
26020105014,La Cidra,3003
26020105015,Burende,3003
26020105016,La Ceiba Arriba,3003
26020105017,Colonia El Naranjito,3003
26020105018,Colonia Los Limones,3003
26020105019,El Valle,3003
26020105020,Llano De La Pionia,3003
26020106001,Bohio Viejo,3003
26020106002,Los Naranjos,3003
26020106003,Los Candelones,3003
26020106004,Sabana De Inaje,3003
26020106005,Higuero,3003
26020106006,Los Inajitos O Los Najitos,3003
26020106007,Inaje,3003
26020106008,Caimital Abajo,3003
26020106009,Los Cacaos,3003
26020106010,Los Arroyitos,3003
26020107001,La Lana O La Calle De La Bebida,3003
26020107002,Ceja Larga,3003
26020107003,Rancho Viejo,3003
26020107004,Cruce De La Lana,3003
26020107005,La Madrecita,3003
32060101001,Savica,3102
32060101002,Canta La Rana O Barriolandia,3102
32060101003,Pueblo Nuevo,3102
32060101004,Las Mercedes,3102
32060101005,Los Libertadores,3102
32060101006,Altos De Chavon,3102
32060101007,Los Americanos (Los Angeles),3102
32060101008,Nuevo Amanecer,3102
32060101009,Nazareno O Manzanero,3102
32060101010,Lebron,3102
32060101011,La Union,3102
32060101012,La Fe,3102
32060101013,La Piña,3102
32060101014,Valle Encantado,3102
32060101015,Residencial Los Cerros,3102
32060101016,La Esperanza,3102
32060101017,Residencial Los Hidalgos,3102
32060101018,Paraiso,3102
32060102001,Santa Rosa,3102
32060201001,Palmarejo,3102
32060202001,Santa Rosa,3102
32060202002,Palmarejito,3102
32060203001,Las Flores,3102
32060203002,Santa Barbara,3102
32060204001,Los Coquitos,3102
32060204002,Cerinca,3102
32060204003,Villa Linda,3102
32060301001,Pantoja,3102
32060301002,Urbanizacion Don Gregorio,3102
32060301003,Villa El Palmar,3102
32060301004,Urbanizacion Proyecto Invi-Cea,3102
32060301005,Villa Morada,3102
32060301006,Urbanizacion Villa Pantoja,3102
32060301007,La Redencion,3102
32060301008,Las Colinas O Los Cocos,3102
32060301009,Pantoja I,3102
32060301010,Vista Verde,3102
32060301011,Jose Contreras,3102
32060301012,Reparto Samaria,3102
32060301013,Residencial Don Miguel,3102
32070101001,Pedro Brand,3103
32070101002,Los Cocos (Kilometro 28),3103
32070102001,El Catalan,3103
32070102002,Los Corozos,3103
32070103001,San Miguel,3103
32070103002,Mata De Iglesia,3103
32070104001,Piedra Gorda,3103
32070104002,La Montosa,3103
32070105001,La Polonia,3103
32070105002,El Platon,3103
32070106001,Frasquito Gomez,3103
32070106002,El Puerto,3103
32070107001,Santa Cruz,3103
32070107002,Hato Viejo,3103
32070201001,La Guayiga,3103
32070202001,Batey Palamara,3103
32070202002,Los Garcia,3103
32070203001,El Pedregal,3103
32070204001,Yaco,3103
32070204002,Proyecto Los Guardias,3103
32070301001,La Cuaba,3103
32070302001,Los Aguacates,3103
32070302002,Salamanca,3103
32070302003,Arroyo Indio,3103
32070302004,La Piña,3103
32070303001,El Convento,3103
32070303002,La Maleza,3103
32070303003,La Estancia,3103
32070303004,Sabana Al Medio,3103
32070303005,Higuero,3103
32070303006,Los Jobos De Matea,3103
32070303007,Higuamo,3103
32070303008,Suardi,3103
32070303009,Hojas Anchas,3103
32070304001,El Limon,3103
32070304002,La Isabela Arriba,3103
32070304003,Bañadero,3103
32070304004,El Cachon,3103
32070304005,Los Genaros,3103
32070304006,Sabana Mina,3103
32070304007,El Cachimbo,3103
32070304008,Mala Vuelta,3103
32070304009,Victoriano,3103
32070304010,Arroyo Mina,3103
32070304011,Loma De Galan,3103
32070304012,La Malenita,3103
32070304013,La Malena,3103
32070304014,Los Pilones O Los Pilares,3103
32050101001,Guerra Centro,3104
32050102001,El Toro,3104
32050102002,La Piedra,3104
32050102003,El Fao,3104
32050102004,El Mamon,3104
32050102005,La Mujarra (Mojarra),3104
32050102006,La Corcobada (Corcovada),3104
32050102007,El Viso,3104
32050102008,Concordia,3104
32050102009,La Filipina,3104
32050102010,El Mamey,3104
32050103001,La Joya,3104
32050103002,Los Barreros,3104
32050103003,La Guama,3104
32050103004,Mata Barraco,3104
32050103005,Santa Lucia,3104
32050103006,Tierra Blanca,3104
32050103007,El Alto,3104
32050103008,El Cachon (Los Cachones),3104
32050103009,La Batata,3104
32050103010,El Peje,3104
32050103011,Ahorca Los Perros,3104
32050104001,Cruce De Guerra,3104
32050104002,La Estancia,3104
32050104003,Bejucal,3104
32050104004,Los Berroa,3104
32050104005,La Caoba,3104
32050104006,El Fao,3104
32050104007,La Pluma,3104
32050104008,El Cajuilito,3104
32050104009,El Coquito,3104
32050104010,La Culebra,3104
32050105001,Los Cocos,3104
32050105002,Cuenca,3104
32050105003,La Jaguita,3104
32050105004,Valentin,3104
32050105005,Las Parras,3104
32050105006,La Reforma,3104
32050105007,El Porrito O Pomito,3104
32050105008,La Granja,3104
32050105009,La Barias,3104
32050105010,Cerro Cabra,3104
32050105011,El Cea,3104
32050105012,Santa Maria,3104
32050105013,Poco Agua,3104
32050105014,La Picadora,3104
32050105015,Capacito,3104
32050106001,Bella Vista,3104
32050106002,Mata Vaca,3104
32050106003,Los Marenos,3104
32050106004,La Piña,3104
32050201001,Estorga,3104
32050202001,Batey Ii O Hato Viejo Ii,3104
32050202002,El Limon,3104
32050202003,Hato Viejo,3104
32050202004,La Gina,3104
32050203001,Kilometro 36b,3104
32050204001,Batey Amelia,3104
32050204002,Mata La Piedra,3104
32050204003,Juana Jico,3104
32050204004,La Catalina,3104
32050204005,Ismael Jimenez O Las Garzas,3104
32050204006,Los Urbanos,3104
32050204007,Estorga,3104
32010101001,Villa Duarte,3105
32010101002,Ensanche Ozama,3105
32010101003,Los Mina Norte,3105
9030103004,Los Palmaritos,902
9030103006,El Anon Abajo,902
9030103007,Arenoso,902
9030103008,Angostura,902
9030104001,El Manguito,902
9030104002,Arroyo Grande,902
9030104003,Boca De Partido,902
9030104004,Ojo De Agua,902
9030104005,El Peñon,902
9030104006,Mata Puerco,902
9030104007,Arroyo Seco,902
9030104008,Hoyo Hondo,902
9030104009,Paso De La Palma,902
9030104010,La Gina,902
9030201001,Joba Arriba,902
9030201002,Maria Auxiliadora,902
9030201003,Emilio Garcia,902
9030201004,Espiritu Santo,902
9030201005,La Piragua,902
9030202001,Arroyo Blanco,902
9030202002,El Guaranal,902
9030202003,El Higuero,902
9030202005,Los Limones,902
9030202006,Higuero Abajo,902
9030202007,La Sabana,902
9030203001,La Vereda,902
9030203002,Jagua Clara,902
9030203003,Los Ramones,902
9030203004,La Sabaneta,902
9030203005,El Sisal,902
9030203006,El Majagual,902
9030203007,El Paradero,902
9030203008,La Cueva,902
9030204001,La Ceiba,902
9030204002,Gajo Malo,902
9030204003,La Piragua Al Medio,902
9030204004,Los Alcarrizos (Sabaneta),902
9030204005,La Lomota,902
9030204006,Caliente,902
9030204007,La Piragua,902
9030204009,Los Hoyos,902
9030204010,La Filipina,902
9030204011,El Guaranal O Alto De La Piragua,902
9030301001,Veragua,902
9030301002,Villa Progreso,902
9030302001,Batey Ginebra,902
9030302002,Las Marias,902
9030302003,Calolin,902
9030303001,Rincon De Veragua O Rincon,902
9030303002,Boca De Yasica,902
9030303003,La Lometa,902
9030303004,La Piña,902
9030303005,La Cuchara,902
9030303006,Veragua Arriba,902
9030304001,Caño Dulce,902
9030304002,La Hebra,902
9030304003,La Canas,902
9030304004,Cruz De Gen,902
9030304005,Alto Grande,902
9030304006,Los Guaos,902
9030304007,Cruz De Gen (Saltadero),902
9030401001,La Yagua,902
9030401002,Las Amapolas,902
9030402001,Vereda Al Medio,902
9030402002,Los Firmes O Loma Titises,902
9030402003,El Oro,902
9030402004,El Mango,902
9030402005,La Hicotea,902
32010101004,Los Mina Sur,3105
32010101005,Alma Rosa,3105
32010101006,Las Americas,3105
32010101007,Sans Souci,3105
9030402006,Arroyo Prieto,902
9030402007,La Cienaga,902
9030403001,La Cantera,902
9030403002,El Limon,902
9030403003,Los Puyones,902
9030403004,El Tablon,902
9030404001,Las Tres Ceibas,902
9030404002,Los Pinos,902
9030404003,El Gajo,902
9030404004,Churumbunes,902
9030404005,El Bachateo,902
9030404006,La Sufridera,902
9030405001,Magante,902
9030405002,Gancho Al Medio,902
9030405003,Palmarito,902
9030405004,Tierra Blanca,902
9010101001,Nuevo Puerto Rico,904
9010101002,Jose Horacio Rodriguez,904
9010101003,El Muerto Borracho Cervantes,904
9010101004,Puerto Rico Viejo,904
9010101005,Juan Lopito,904
9010101006,Los Caceres,904
9010101007,Militar,904
9010101008,Centro De La Ciudad,904
9010101009,Guachupita,904
9010101010,Urbanizacion Estela,904
9010101011,Sal Si Puedes,904
9010101012,Guauci,904
9010101013,Mejoramiento Social,904
9010101014,Urbanizacion Del Este,904
9010101015,Villa Elsa,904
9010101016,La Piscina,904
9010101017,Roque Dabas,904
9010101018,Villa Olga,904
9010101019,Mairosa,904
9010101020,Residencial Moca  (Maco Tibio O Moca Toribio),904
9010101021,La Milagrosa,904
9010101022,Las Flores,904
9010101023,Don Bosco,904
9010101024,Guauci Abajo,904
9010101025,Residencial Calaf I,904
9010101026,Los Panchos,904
9010101027,Juan De Dios,904
9010101028,La Joyita,904
9010101029,Villa Carolina I,904
9010101030,Villa Carolina Ii,904
9010101031,El Corozo,904
9010101032,Los Maestros,904
9010101033,Euripides,904
9010101034,Quija Quieta,904
9010101035,El Caimito,904
9010101036,Urbanizacion Yenny Maria I,904
9010101037,Urbanizacion Yenny Maria Ii,904
9010101038,Villa Estancia Nueva,904
9010101039,Los Lopez,904
9010101040,Miguel A. Michel,904
9010101041,Residencial Alexandra,904
9010101042,Milito,904
9010101043,Villa Carolina Iii,904
9010101044,Villa Carolina Iv,904
9010101045,Nueva Suiza,904
9010101046,Residencial Moronta,904
9010101047,Los Cocos,904
9010101048,Villa Caimito,904
9010101049,Pueblo Arriba,904
9010101050,La Estacion,904
9010101051,Los Loros,904
9010101052,El Bolsillo,904
9010101053,Altos De Chavon,904
9010101054,Manuel Rodriguez,904
9010101055,Los Torres,904
9010101056,Villa Delia,904
9010101057,El Cementerio,904
9010101058,San Jose,904
9010101059,Cementerio Municipal De Moca,904
9010101060,De Foro,904
9010101061,Los Profesionales,904
9010101062,Montreal,904
9010101063,El Batuto,904
9010101064,Los Octavios,904
9010102001,Zafarraya,904
9010102002,Los Cercados,904
9010102003,La Chancleta,904
9010102004,La Soledad,904
9010102005,Cacique Soledad,904
9010102006,La Rosa De Moca,904
9010102007,El Picacho,904
9010102008,Caimito,904
9010103001,Santa Eduvigis,904
9010103002,Quebrada De La Jagua De La Jagua O De La Yagua,904
9010103003,Los Cadillos,904
9010103004,El Algarrobo,904
9010103005,La Penda,904
9010104001,Los Hilario,904
9010104002,El Corozo,904
9010104003,Isleta,904
9010104004,Llenas-Hinchas,904
9010105001,San Francisco Arriba,904
9010105002,Paso De Moca,904
9010105003,La Ermita,904
9010105004,Estancia Nueva Abajo,904
9010105005,Barrancon,904
9010106001,Quebrada Honda,904
9010106002,San Luis,904
9010106003,Los Jengibres,904
9010106004,Los Jengibres Abajo,904
9010106005,La Piragua,904
9010107001,Rincon De Los Jimenez,904
9010107002,Santa Rosa,904
9010107003,La Playita,904
9010107004,Los Bretones,904
9010107005,La Furnia (Rincon De Los Jimenez),904
9010201001,Villa Trina,904
9010202001,Camarones Arriba,904
9010202002,Los Guayuyos,904
9010202003,La Encantada,904
9010202004,Los Laureles,904
9010202005,Camarones Abajo,904
9010203001,Palma Herrada,904
9010203002,Las Golondrinas,904
9010203003,El Limon,904
9010203004,Los Bueyes,904
9010203005,La Jaguita,904
9010203006,Partido,904
9010204001,Arroyo Blanco,904
9010204002,Arroyo Blanco De Los Rincones,904
9010204003,La Higuereta,904
9010204004,Arroyo Bellaco,904
9010204005,Los Cacaos,904
9010204006,Los Tratraces,904
9010204007,Arroyo Dichoso,904
9010204008,La Yautia Arriba,904
9010204009,La Yautia Abajo,904
9010204010,Los Calderos,904
9010204011,Cola De Pato,904
9010204012,Rancho De Los Platanos,904
9010204013,Los Rincones,904
9010301001,San Victor,904
9010301002,Centro Del Pueblo,904
9010301003,Lambada,904
9010301004,San Antonio,904
9010301005,San Victor Abajo,904
9010302001,Guayabillo,904
9010302002,San Victor Arriba,904
9010302003,Amapola,904
9010302004,Cuero Duro,904
9010302005,Madera,904
9010303001,La Cangrejera,904
9010303002,La Lomota,904
9010303003,Colorao,904
9010303004,Los Amaceyes Arriba,904
9010304001,El Puente,904
9010304002,Puesto Grande,904
9010304003,El Limon,904
9010304004,Alto De Los Pozos,904
9010304005,Las Cabirmas,904
9010304006,Los Veintiuno,904
9010304007,La Cumbre,904
9010304008,Moquita,904
9010304009,Loma Picada,904
9010304010,El Caimito,904
9010304011,El Sitio,904
9010304012,El Catey,904
9010304013,La Cumbre 2,904
9010305001,La Ceiba De Madera,904
9010401001,Juan Lopez,904
9010402001,Juan Lopez Abajo,904
9010402002,Los Gonzalez,904
9010402003,Guauci  Arriba,904
9010402004,Los Turcos,904
9010403001,Los Robles,904
9010403002,Los Perez,904
9010403003,Los Julines (Los Julianes),904
9010403004,Los Tejada,904
9010404001,Juan Lopez Arriba,904
9010404002,Los Cañafistol,904
9010404003,Los Camacho,904
9010404004,San Caralampio,904
9010405001,El Salitre,904
9010405002,Los Naranjos,904
9010405003,Pozo De La Palma,904
9010405004,La Barca,904
9010501001,Las Lagunas,904
9010501002,Lo Roto O La Playa,904
9010501003,Los Ureña,904
9010502001,La Penda,904
9010502002,Las Cruces,904
9010502003,Las Laguna Arriba,904
9010502004,Las Laguna Abajo,904
9010502005,La Cañada O La Lomita,904
9010502006,El Cañafistol,904
9010502007,Jababa Al Medio,904
9010503001,El Aguacate Abajo,904
9010503002,Cacique Arriba,904
9010503003,Canta Rana,904
9010503004,Aguacate Arriba,904
9010503005,Catarey,904
9010503006,Los Polancos,904
9010503007,Altos De Serafina,904
9010503008,Jababa Arriba,904
9010504001,Boca Ferrea Abajo (Aguacate),904
9010504002,Boca Ferrea Arriba (Algarrobo),904
9010504003,El Rancho  Los Pomos O Rancho,904
9010601001,Canca La Reyna,904
9010602001,La Chicharra,904
9010602002,Los Medina,904
9010602003,Los Mendez,904
9010602004,Canca Reparacion U Onesimo Polanco,904
9010603001,San Francisco Abajo,904
9010603002,El Pere,904
9010603003,Los Santos,904
9010603004,Villa Dura,904
9010604001,Los Platanitos,904
9010604002,El Puente,904
9010701001,El Higuerito,904
9010701002,La Sabana,904
9010701003,Calle 8,904
9010701004,Camboya,904
9010701005,El Zoologico,904
9010701006,El Higuerito Arriba,904
9010702001,Tierra Dura,904
9010702002,Managua Abajo,904
9010702003,Las Guazumas,904
9010703001,Reparadero,904
9010703002,Reparadero Arriba,904
9010703003,Los Beatos,904
9010704001,Bonagua,904
9010704002,Bonagua Arriba,904
9010704003,Los Quezada,904
9010704004,Las Palmitas,904
9010801001,Monte De La Jagua,904
9010801002,Monte De La Jagua Arriba,904
9010801003,Los Maringuises,904
9010801004,Juan Reyes,904
9010802001,El Pico,904
9010802002,Borojol,904
9010802003,Los Bretones,904
9010802004,Mata Larga,904
9010803001,Los Vargas,904
9010803002,La Colina,904
9010803003,Los Duran,904
9010803004,Los Tavarez,904
9010803005,Los Mendez,904
9010804001,Sarambamba,904
9010804002,Monte De La Jagua Abajo,904
9010804003,Los Pichardo,904
9010804004,Los Perez,904
9010901001,La Ortega,904
9010902001,La Rivera Del Este,904
9010902002,Ortega Afuera,904
9010902003,El Azucey,904
9010903001,La Rivera Del Oeste,904
9010903002,La Rivera Del Norte,904
9010903003,Los Guzman,904
9010903004,Los Grullon,904
10030101004,Maria Auxiliadora O La Meseta,1104
10030101005,Rincon Collado,1104
10030101006,Los Limoncitos,1104
10030102001,Angel Felix,1104
10030102002,Sabana Real,1104
10030102003,Bonete,1104
10030103001,Charco Largo,1104
10030103002,Palo Alto,1104
10030103003,Granada,1104
10030103004,El Bejuco,1104
10030103005,La Cañaata,1104
10030103006,Los Pinos Del Eden,1104
10030103007,Guasosa,1104
10030103008,El Arroyo,1104
10030103009,La Plena,1104
10030103010,El Cao,1104
10030103011,Acitron,1104
10030103012,El Canton,1104
10030103013,Cruce De Granada,1104
10030103014,El Naranjo,1104
10030103015,Los Borbollones,1104
10030103016,Cerros Los Trates,1104
10030104001,Bartolome,1104
10030104002,Los Geños,1104
10030104003,El Higuero,1104
10060101001,Pueblo Nuevo,1105
10060101002,Sector Nuevo,1105
10060101003,Q De Arriba,1105
10060101004,Q De Abajo,1105
10060102001,Berbesi,1105
10060102002,Charabiscal,1105
10060102003,Proyecto Agrario A-C 151,1105
10060102004,Charco Largo,1105
10060102005,Cachon,1105
10060102006,Los Pasos  De Mella,1105
10060102007,El Flaco,1105
10060102008,Monte Palma,1105
10060102009,Angostura,1105
10060201001,Colonia Mixta,1105
10060202001,El Japon,1105
10060202002,Palmar Dulce,1105
10060202003,El Abanico,1105
10040101001,El Otro Lado Del Rio,1106
10040101002,Caimani,1106
10040101003,Mogote O El Cerro,1106
10040101004,Centro Del Pueblo,1106
10040101005,Tierra Seca,1106
10040101006,Nuevo,1106
10040102001,Los Bolos,1106
10040102002,La Guamita,1106
10040102003,La Peña,1106
10040102004,Los Ranchitos,1106
10040102005,La Filipina,1106
10040102006,Los Almendros,1106
10040102007,La Finca,1106
10040102008,La Caña,1106
10040102009,Las Chicharras,1106
10040102010,Las Auyamas,1106
10040102011,Rio Abajo,1106
10040102012,El Otro Lado,1106
10040102013,Los Limones,1106
10040102014,El Cerro,1106
10040201001,Guayabal,1106
10040202001,Cabeza De Rio,1106
10040202002,Bayona,1106
10040202003,Los Conuquitos,1106
10040202004,Las Telas,1106
10040203001,El Maniel,1106
10040203002,Paso De Los Novillos,1106
10040203003,Barreras,1106
10040203004,Los Pinalitos,1106
10040203005,Gajo Del Rancho,1106
10040203006,La Guamita,1106
10040203007,Las Lechuzas O Los Morales,1106
10040203008,Aguita  Prieta,1106
10040203009,Tasajera Del Chivo,1106
10040204001,Raiz Picada,1106
10040204002,Los Carraos,1106
10040204003,Gregorio,1106
10040205001,Pie Cadencia,1106
27020101001,Sur,3201
5010101001,Benito Moncion,401
5010101002,Centro Del Pueblo,401
5010101003,Norte,401
5010101004,Abanico,401
5010101005,Mejoramiento Social,401
5010101006,Beller,401
5010101007,La Curva,401
5010101008,Nuevo Mexico,401
5010101009,Las Flores,401
5010101010,La Colonia Libertador,401
5010101011,La Fe,401
5010101012,La Esperanza,401
5010101013,La Paz,401
5010101014,La Bomba,401
5010102001,Colonia De La Fe,401
5010102002,Colonia 30 De Mayo,401
5010102003,Corral Grande,401
5010103001,Palo Blanco,401
5010103002,Cayuco,401
5010103003,La Cera,401
5010103004,Laja Arriba,401
5010103005,Los Arroyos,401
5010103006,Sabana Santiago,401
5010104001,La Cana,401
5010104002,Sabana Larga,401
5010104003,Los Cercadillos,401
5010104004,Los Ciruelos,401
5010104005,El Candelon,401
5010104006,Talanquera,401
5010105001,Clavellina,401
5010105002,Esperon,401
5010105003,Lajas,401
5010105004,La Piña,401
5010105005,La Cienaga,401
5010105006,La Patilla,401
5010105007,Agua Santa,401
5010105008,Arroyo Prieto,401
5010105009,Los Jibaros,401
5010106001,Chacuey,401
5010106002,El Pabellon,401
5010106003,Paso Tapao,401
5010201001,Cañongo,401
5010202001,La Colonia Japonesa,401
5010202002,Las Palomitas,401
5010202003,Sanchez,401
5010202004,Kilometro Cuatro (4),401
5010202005,Kilometro Cinco (5),401
5020101001,Legion,403
5020101002,Norte O Ensanche Quisqueya,403
5020101003,Centro Del Pueblo,403
5020101004,Duarte,403
5020101005,Gregorio Luperon O La Gallera,403
5020101006,Garcia,403
5020101007,Sal Si Puedes,403
5020101008,Gomez,403
5020101009,El Tanque,403
5020102001,Arroyo La Puerta,403
5020102002,La Marihuana,403
5020102003,El Corozo,403
5020102004,Los Zumbadores,403
5020102005,El Aguacate,403
5020102006,Monte Higo,403
5020102007,Cerro Monte,403
5020102008,Monte La Jagua,403
5020102009,Los Candelones,403
5020102010,El Cadillar,403
32010101008,Los Tres Brazos-Jardines Del Ozama,3105
32010101009,Faro A Colon,3105
32010101010,Los Mameyes,3105
32010101011,Isabelita,3105
32010101012,Los Tres Ojos,3105
32010101013,Villa Faro,3105
32010101014,Mendoza,3105
32010101015,Cancino,3105
32010101016,Los Trinitarios,3105
32010101017,El Cachon De La Rubia,3105
32010101018,Cancino Afuera,3105
32010101019,Cancino Adentro,3105
32010101020,El Tamarindo,3105
32010101021,San Jose De Mendoza,3105
32010101022,Prado Oriental,3105
32010101023,Brisa Oriental,3105
32010101024,Juan Lopez,3105
32010101025,Hainamosa,3105
32010101026,El Almirante,3105
32010101027,Los Frailes,3105
32010101028,Las Canas,3105
32010102001,Cancino Adentro,3105
32010102002,El Cuatro,3105
32010103001,Los Paredones,3105
32010103002,San Miguel,3105
32010103003,La Grea,3105
32010103004,El Valiente,3105
32010103005,La Ureña,3105
32010201001,San Luis,3105
32010202001,El Bonito,3105
32010202002,San Isidro Adentro,3105
32010202003,San Isidro Afuera,3105
32010203001,Batey El Naranjo,3105
32010203002,El Puente,3105
32010203003,El Cabreto,3105
32010204001,El Muelle,3105
32010204002,Piragua,3105
32030101001,Villa Mella,3106
32030101002,Santa Cruz,3106
32030101003,Sabana Perdida,3106
32030101004,El Eden,3106
32030101005,Guaricano,3106
32030101006,San Felipe,3106
32030102001,Licey,3106
32030102002,Mancebo,3106
32030102003,Mata Gorda,3106
32030102004,Mata San Juan,3106
32030102005,Limonal,3106
32030102006,Punta,3106
32030102007,Cercadillo,3106
32030103001,Sierra Prieta,3106
32030103002,Los Vizcaino,3106
32030103003,Buenos Aires,3106
32030103004,Hoyos Oscuros,3106
32030103005,Kilometro 26,3106
32030103006,Jubileo,3106
32030103007,Juan Dinga,3106
32030104001,Duquesa,3106
6010101001,Vista Del Valle,606
6010101002,El Ciruelillo,606
6010101003,Ribera Del Jaya,606
6010101004,Los Jardines,606
6010101005,Pisa Costura,606
6010101006,Guzman,606
32030104002,La Jacagua,3106
32030104003,Los Cazabes,3106
32030105001,Higuero Abajo,3106
32030204002,San Mateo,3106
32030204003,La Guabina,3106
32030204004,Los Tapia (El Ocho),3106
32030204005,Los Potrazos,3106
32030204006,Rincon Dorado,3106
32030204007,Los Rosario,3106
32030204008,Los Genaro,3106
32030204009,El Siete,3106
32030204010,Cabon,3106
32030204011,Santana,3106
32030204012,Aguacate Adentro,3106
32030204013,El Higuerito,3106
32030204014,El Ocho,3106
32030205001,La Bomba,3106
32030205002,Guayabo,3106
32030206001,Batey Guanuma,3106
32030206002,Mata Redonda,3106
32030206003,La Gina (La Tita),3106
32030206004,El Hato De Sanguineo,3106
32030207001,Hacienda Estrella,3106
32030207002,El 11 De Hacienda Estrella,3106
32030207003,San Mateo,3106
32030207004,El 10 De Hacienda Estrella,3106
32030207005,La Campaña,3106
32030207006,Los Morenos,3106
32030208001,La Ceiba,3106
32030208002,La Piña,3106
32030208003,Los Castillos,3106
32030208004,Los Mercedes,3106
32030208005,Los Mambruses,3106
32030208006,La Jaiba,3106
32030208007,Rancho Arriba-Cabon,3106
32030208008,Cruce De Gina,3106
32020101001,Santo Domingo Country Club,3107
32020101002,La Altagracia,3107
32020101003,Engombe,3107
32020101004,La Rosa,3107
32020101005,Las Caobas,3107
32020101006,Alameda,3107
32020101007,Enriquillo,3107
32020101008,Buenos Aires De Herrera,3107
32020101009,Herrera,3107
32020101010,Zona Industrial Herrera,3107
32020101011,Juan Pablo Duarte,3107
32020101012,Costa Verde,3107
32020101013,San Miguel,3107
32020101014,Bayona,3107
32020101015,Manoguayabo,3107
32020101016,Finca De Engombe,3107
32020102001,La Cienaga,3107
32020102002,Caballona,3107
32020102003,Palave,3107
32020102004,Buenas Noches,3107
32020102005,Hato Nuevo,3107
32020102006,Bienvenido,3107
27020101002,Centro De La Ciudad,3201
27020101003,Norte O Rincon,3201
27020101004,Gregorio Luperon,3201
27020101005,Cristobal Colon,3201
27020101006,Duarte,3201
27020101007,Nuevo,3201
27020101008,La Logia,3201
27020101009,Enriquillo,3201
27020101010,Vista Hermosa,3201
27020101011,Los Cayucos I,3201
27020101012,Tito Cabrera,3201
27020101013,La Fe,3201
27020101014,Buenos Aires,3201
27020101015,Quisqueya,3201
27020101016,Los Cayucos Ii,3201
27020101017,Los Patitos O Maria Auxiliadora,3201
27020101018,Salome Ureña,3201
27020101019,La Altagracia,3201
27020101020,Paraiso,3201
27020101021,Jose Francisco Peña Gomez,3201
27020101022,Buena Vista O El Bolsillo,3201
27020101023,1 De Mayo,3201
27020102001,Peñuela Adentro,3201
27020102002,Peñuela Abajo,3201
27020102003,Guachupita - Los Callejones,3201
27020102004,Kilometro 7,3201
27020102005,Cañeo,3201
27020102006,Cruce De Esperanza,3201
27020102007,Los Callejones De Peñuela,3201
27020102008,Peñuela Afuera,3201
27020102009,Cacheo,3201
27020103001,Bejucal,3201
27020103002,Barrero,3201
27020103003,Cruce De Barrero,3201
27020103004,Villa Henequen (Ponton),3201
27020103005,Cruce Jicome,3201
27020201001,Maizal,3201
27020202001,Damajagua,3201
27020202002,Saltadero,3201
27020202003,El Mango,3201
27020202004,El Palo,3201
27020202005,Ojos De Agua,3201
27020202006,Batey Libertad,3201
27020203001,Linea A,3201
27020203002,Buen Hombre,3201
27020203003,Domingo Cabrera (Antiguo Vietnam),3201
27020204001,Loma De Maimon O Pozo Del Maiz,3201
27020204002,Loma La Majagua,3201
27020204003,Los Aguacaticos,3201
27020204004,Los Arroyos,3201
27020204005,El Alto,3201
27020204006,La Cumbre,3201
27020204007,Los Ozorio (Osorio),3201
27020205001,Loma De Palma Picada O Palma Picada,3201
27020205002,El Rayo,3201
27020205003,El 31,3201
27020205004,La Lomita,3201
27020205005,La Palma,3201
27020205006,Loma De Damajagua,3201
27020205007,El Llano,3201
27020205008,La Llanada,3201
27020206001,Maimon,3201
27020206002,La Cañita,3201
27020206003,Los Guamachos,3201
27020206004,Loma Del Aguacate,3201
27020206005,Bejucal,3201
27020301001,Jicome,3201
27020302001,Cruce De Jicome-Kilometro 7,3201
27020302002,Kilometro 10,3201
27020302003,Cruce De Esperanza,3201
27020303001,Jicome Arriba (Rural),3201
27020303002,Jicome Abajo,3201
27020303003,Bañadero Prieto,3201
27020303004,La Guazara,3201
27020303005,Los  Ortegas,3201
27020303006,El Jarqui,3201
27020303007,El Pozo,3201
27020401001,Boca De Mao,3201
27020402001,Guazumita,3201
27020402002,Batey 3,3201
27020402003,El Puente De Laguna Salada,3201
27020402004,Boca De Mao,3201
27020501001,Paradero,3201
27020502001,La Cayota,3201
27020503001,Loma De Aguacate O El Aguacate,3201
27020503002,Los Cocos,3201
27020503003,El Barrero,3201
27020503004,La Cana O La Yuca,3201
27020503005,El Aguacate Abajo,3201
27020503006,El Chepe,3201
27020504001,Las Cabirmas,3201
27020504002,La Campana,3201
27020504003,Los Higos O La Yaguita,3201
27020504004,La Lomota,3201
27020504005,El Murazo,3201
27020504006,Arroyo Seco,3201
27020504007,El Corte,3201
27020504008,Loma De Jicome,3201
27020504009,Derrumbadero,3201
27030101001,Las Flores,3202
27030101002,Pueblo Nuevo,3202
27030101003,Enemencio Diaz,3202
27030101004,Residencial Triniti,3202
27030101005,Lindo,3202
27030101006,Camilo Rodriguez,3202
27030101007,Los Tejada,3202
27030101008,Sito Toro,3202
27030101009,El Yaque,3202
27030101010,La Duarte,3202
27030101011,San Antonio,3202
27030101012,Los Altos De Buenos Aires,3202
27030101013,Los Crespo,3202
27030101014,Puerto Rico,3202
27030101015,Los Fermin,3202
27030101016,La Curva,3202
27030102001,Ranchete,3202
27030102002,El Firme,3202
27030102003,Cabirma,3202
27030102004,Los Mangos,3202
27030102005,El Naranjo,3202
27030102006,Barrera O La Divisora,3202
27030102007,El Carril Arriba,3202
27030102008,El Carril Abajo,3202
27030102009,Paso Largo,3202
27030201001,Jaibon,3202
27030202001,Entrada De Pozo Prieto,3202
27030202002,El Cerro,3202
27030202003,Jaibon,3202
27030202004,Arroyo Seco,3202
27030203001,San Roque,3202
27030203002,La Sabana,3202
27030301001,La Caya,3202
27030302001,Pozo Prieto,3202
27030302002,Los Manantiales,3202
27030302003,Loma De Pozo Prieto,3202
27030303001,Palo Amarillo,3202
27030303002,Los Toros,3202
27030303003,La Caya,3202
27030303004,Loma De La Caya,3202
27030303005,Los Grayumbos,3202
27030401001,Cruce De Guayacanes,3202
27030402001,Ojo De Agua,3202
27030402002,Las Cañitas,3202
27030402003,Los Guamachos,3202
27030403001,Loma De Guayacanes O Arroyo De Agua,3202
27030403002,El Molino,3202
27030403003,Los Pinos,3202
27030403004,El Chorro,3202
27030404001,Guayacanes Adentro,3202
27030404002,La Barranquita,3202
27030404003,El Barrio O Los Parceleros,3202
27030404004,Puente San Rafael,3202
27010101001,Las Flores,3203
27010101002,Los Cajuiles,3203
27010101003,Los Restauradores,3203
27010101004,San Anton,3203
27010101005,De Pericle,3203
27010101006,Sibila,3203
27010101007,Los Cayucos,3203
27010101008,Cerro Marino,3203
27010101009,La Guardia O Carlos Daniel,3203
27010101010,Los Oficiales,3203
27010101011,Las Cuarenta (Las 40),3203
27010101012,Las Trescientas (Las 300),3203
27010101013,Centro Del Pueblo,3203
27010101014,Buenos Aires,3203
27010101015,Residencial Carol Gissel,3203
27010101016,Militar,3203
27010101017,Urbanizacion Sin Nombre,3203
27010101018,Enriquillo,3203
27010101019,Maria Auxiliadora,3203
27010101020,El Rincon,3203
27010101021,Los Bonilla,3203
27010101022,Los Acostados,3203
27010101023,Moto Cross,3203
27010101024,Hatico,3203
27010101025,Pueblo De Dios,3203
27010101026,Los Medicos,3203
27010101027,Desiderio Arias,3203
27010101028,Urbanizacion Villa Carolina,3203
27010101029,Urbanizacion Bello Atardecer,3203
27010101030,Villa Olimpica,3203
27010101031,La Compuerta,3203
27010101032,Tierra Seca,3203
27010101033,Urbanizacion Los Corobat,3203
27010101034,Villa Diego,3203
27010101035,El Saman,3203
6010210006,Los Espinos,606
6010301001,Cenovi,606
6010301002,Los Rieles,606
6010302001,Los Rieles,606
6010302002,El Canal,606
6010302003,Los Arroyos,606
6010302004,Los Rincones,606
6010302005,El Bobo,606
6010302006,Bandera,606
6010302007,Santa Lucia,606
6010302008,La Berma,606
6010302009,La Amarga,606
6010302010,La Reforma,606
6010302011,El Carril,606
6010303001,Los Indios,606
6010303002,Hoyo Viejo,606
6010303003,El Chucho De Pey,606
6010303004,El Limpio,606
6010303005,Rosa Baja,606
6010303006,Rosa Alta,606
6010304001,Cruz De Cenovi,606
6010304002,Los Caimitos,606
6010304003,La Colonia,606
6010304004,La Nasa,606
6010304005,El Mamey,606
6010304006,Noni,606
6010305001,Porquero Abajo,606
6010305002,El Hatico,606
6010305003,El Gajo,606
6010305004,Los Cacaos,606
6010305005,Porquero Arriba,606
6010305006,Las Caobas,606
6010306001,El Caimito,606
6010306002,La Caoba,606
27010101036,Don Bosco,3203
27010101037,Cruce De Copellito,3203
27010101038,Aserradero,3203
27010101039,Urbanizacion Laiden,3203
27010102001,Arroyo De Agua,3203
27010102002,Los Quemados,3203
27010102003,Gurabo Adentro,3203
27010102004,Mao Adentro,3203
27010102005,Laguna De La Ceiba,3203
27010102006,Damajagua,3203
27010102007,El Cercado,3203
27010102008,Palo Amarillo,3203
27010102009,Yerba De Guinea O Yerba Buena,3203
27010201001,Amina,3203
27010202001,Hato Nuevo,3203
27010202002,Laguneta,3203
27010202003,Batey Laguneta,3203
27010202004,Batey  Amina,3203
27010202005,Los Chichiguaos,3203
27010202006,Tierra Fria Afuera,3203
27010202007,La Becerrera,3203
27010203001,Tartabon,3203
27010203002,Entrada De Mao,3203
27010203003,Los Helechos,3203
27010203004,Martinez,3203
27010203005,Sabana Grande,3203
27010203006,Jimenez,3203
27010203007,Tartabon Adentro,3203
27010301001,Pueblo Nuevo,3203
27010302001,Gurabo Afuera,3203
27010302002,La Caida,3203
27010302003,Piedra Blanca,3203
27010302004,Las Raices,3203
27010302005,Gurabo Adentro,3203
27010303001,Prestiles,3203
27010303002,La Yagua (La Jagua),3203
27010304001,Pueblo Nuevo,3203
27010304002,Cartujo,3203
27010304003,Cayito,3203
27010401001,Guatapanal,3203
27010402001,Boruco,3203
27010402002,La Sabana,3203
27010402003,La Caña,3203
27010402004,Baguazuma,3203
27010403001,Jinamagao Abajo,3203
27010403002,Jinamagao Arriba,3203
27010403003,El Remate,3203
27010403004,Tierra Fria,3203
27010404001,Potrero,3203
27010404002,Hundidera,3203
27010404003,Higuerito-Peñuela,3203
27010404004,Guanal,3203
27010404005,Guazabara,3203
27010404006,Tabacal,3203
27010404007,Guanajuma,3203
27010404008,La Caoba,3203
27010404009,Jaiquipicao,3203
27010404010,La Sabana,3203
6040101001,La Jabilla,605
6040101002,Centro Del Pueblo,605
6040101003,Cementerio,605
6040101004,Los Molondrones,605
6040101005,La Estancia,605
6040101006,Cantan Los Macos,605
6040101007,El Play,605
6040102001,Buena Vista,605
6040102002,La Jagua,605
6040102003,Catalina,605
6040102004,Guanabano,605
6040103001,Caobete,605
6040103002,Caobete Arriba,605
6040103003,Rincon Martin,605
6040103004,Los Limones,605
6040103005,Rinconazo,605
6040104001,Cuaba Abajo,605
6040104002,El Puente De Came,605
6040104003,Matuan Abajo,605
6040104004,La Estancia,605
6040104005,Casa De Alto,605
6040104006,La Excavacion,605
6040104007,La Chancleta,605
6040104008,Campeche Arriba,605
6040104009,La Barca,605
6040104010,La Gina,605
6040104011,Campeche Abajo,605
6040105001,San Felipe Arriba,605
6040105002,Alto Del Caimito,605
6040105003,La Galana,605
6040105004,Quebrada De Los Patos,605
6040105005,La Berraza,605
6040105006,Los Callejones,605
6040105007,San Felipe Abajo,605
6050101001,Villa Feria (Centro Del Pueblo),607
6050101002,Ciudad Nueva,607
6050101003,Buenos Aires,607
6050101004,San Antonio,607
6050101005,El Manguito,607
6050101006,Urbanizacion Rodriguez,607
6050101007,Urbanizacion Abreu,607
6050102001,Ceiba De Los Pajaros,607
6050102002,La Ceiba Abajo,607
6050102003,Los Cocos,607
6050102004,Reventazon,607
6050102005,Los Naranjos,607
6050102006,Boca De Cevicos,607
6050102007,Loma Colorada,607
6050102008,Junco Verde,607
7010101001,La Hortensia O Rabo Duro,702
7010101002,Aduana,702
7010101003,Cristo Salvador,702
7010101004,Centro Del Pueblo,702
7010101005,La Virgen,702
7010101006,Galindo,702
7010101007,Ana Patria Martinez,702
7010101008,Invi-Villa Progreso O El Play,702
7010101009,Lavador,702
7010102001,Sabana Campo,702
7010102002,Los Rinconcitos,702
7010102003,Sabana Yegua,702
7010103001,Lambedero,702
7010103002,La Margarita,702
7010103003,Pozo Hondo,702
7010103004,Puello,702
7010103005,Corral De Marcos,702
7010103006,El Carril,702
7010103007,Afortunada,702
7010103008,Hato Nuevo,702
7010103009,Cruce De Malena,702
7010104001,La Jagua,702
7010104002,Cruce De Mundito,702
7010105001,Juan Felipe,702
7010105002,Caobal,702
7010105003,Los Jengibres Arriba,702
7010105004,Los Callejones,702
7010106001,Las Dos Bocas,702
7010106002,El Hoyo,702
7010106003,El Morro,702
7010106004,Macasia,702
7010106005,Carrera Verde,702
7010107001,Las Patillas,702
7010107002,El Carrizal,702
7010107003,Carrera De Sierra,702
7010107004,La Ceiba,702
7010107005,La Cabra - El Cerro,702
7010107006,Los Corocitos,702
7010108001,El Pino,702
7010108002,La Barranca,702
7010108003,Guazumal,702
7010108004,Mata Bonita,702
7010108005,La Cuna,702
7010108006,Rancho Del Negro,702
7010109001,Pinzon,702
7010109002,La Lomita,702
6050402003,Baiguate,607
6050402004,El Bombillo (Bombillo Adentro),607
6060101001,Las Guaranas,604
6060101002,Los Genao,604
6060101003,El Vaticano,604
6060101004,San Juan,604
6060101005,Pueblo Nuevo,604
6060102001,La Enea,604
6060102002,El Came,604
6060102003,La Palmilla,604
6060102004,La Gina,604
6060102005,Los Memisos,604
6060102006,El Tablon,604
6060102007,Las Mercedes,604
6060103001,El Hato,604
6060103002,Honduras,604
6060103003,Serrano,604
6060103004,El Limon,604
6060104001,Rincon De Los Genao,604
6060104002,Guamacage (Papayo),604
6060105001,Los Rivera Altagracia,604
6060105002,Cuca,604
6060105003,La Rivera,604
25070101001,Cementerio,2910
25070101002,Espaillat,2910
25070101003,Centro Del Pueblo,2910
25070101004,Arrenquillo,2910
25070101005,Nueva Esperanza,2910
25070101006,La Lomita,2910
25070101007,Vidal Guillã‰N,2910
25070102001,Las Lavas,2910
25070102002,Palmarejo,2910
25070102003,El Boqueron,2910
25070102004,El Martillo,2910
25070102005,La Lomita Del Palmar Abajo,2910
25070102006,Arrenquillo,2910
25070103001,Loma Mata Puercos,2910
7030101001,El Llano,703
7030102001,Media Luna,703
7030102002,Palo Seco,703
7030102003,El Fundo,703
7030102004,Palo Grande,703
7030102005,Guazumal - El Chivo,703
7030102006,Piedra Hincada,703
7030102007,Reboso - Ponton De El Llano,703
7030102008,Palma Cana,703
7030102009,El Mamoncito,703
7030201001,Guanito,703
7030202001,Venancio,703
7030202002,Los Arroyos,703
7030202003,La Lajita,703
7030202004,Guanito,703
7030203001,Rosa De La Piedra,703
7030203002,Los Pinalitos,703
7030203003,El Valle,703
7030203004,Plan Cafe,703
7030203005,Las Lagunas,703
7030203006,El Aguacate,703
7030203007,El Hoyo,703
7030203008,Juan Cano,703
7030204001,Blanco O Blam,703
7030204002,Bruno,703
7030204003,Cobo,703
7030204004,Sabaneta,703
7030204005,Matadero,703
7030204006,La Lista,703
7030204007,Yayal,703
7030204008,La Nunuta,703
7030204009,Cerro Mico,703
7030204010,Media Luna,703
7040101001,Los Mojaos,704
7040101002,La Colonia,704
7040101003,Centro Del Pueblo,704
7040101004,Guachupita,704
7040101005,El Cruce,704
7040102001,Cañada De Miguel,704
7040102002,El Hoyazo,704
7040102003,Yerba Buena,704
7040102004,Los Palos De Burro,704
7040102005,Barrero,704
7040102006,Piedra Blanca O Sobacon,704
7040102007,Las 204,704
7040102008,Junquito,704
7040102009,Palo Prieto,704
7040102010,Guardia Del Cafe,704
7040102011,Aniceto Martinez,704
7040103001,Los Callejones,704
7040103002,El Beyugal,704
7040103003,Las Cañitas,704
7040103004,La Rosa,704
7040103005,Palo Blanco,704
7040103006,Calimete,704
7040103007,La Bestia,704
7040103008,Los Pajaritos,704
7040103009,Boca Del Botado,704
7010206002,El Salto,702
7010206003,Sabaneta,702
7010206004,El Barrero,702
7010206005,La Estrelleta,702
7010301001,Guayabo,702
7010302001,Palermo,702
7010302002,Meseta Del Pino,702
7010302003,Guazumal Arriba,702
7010302004,Guazumal Abajo,702
7010303001,Palo Grande,702
7010303002,Sobacon,702
7010303003,Sobacon Abajo,702
7010303004,Sobacon Arriba,702
7010303005,Isidro Martinez,702
7010303006,La Lajita De Antonio Moreta,702
7010304001,El Cedro,702
7010304002,Guardia Vieja,702
7010304003,La Meseta Abajo,702
7010304004,La Meseta Arriba,702
7010304005,La Meseta,702
7010304006,La Tinaja O Tinajita,702
7020101003,La Recta,701
7040103010,Los Chicharrones,704
7040103011,La Fruta,704
7040103012,El Cedro,704
7040103013,Los Jaquelles,704
7040103014,Los Rincones,704
7040103015,Los Botados De La Caña,704
7040103016,Los Botados De Victoria,704
7040103017,Los Botados,704
7040103018,Los Naranjos,704
7040103019,Lagunita,704
7040103020,Escondido,704
7040103021,El Pino,704
7040103022,La Siembra,704
7040103023,Los Magueyes,704
7040103024,Agua Del Higo,704
7040103025,Tasajera,704
7040103026,Los Guayabos,704
7040103027,Loma De Febrillet,704
7040103028,La Fuente,704
7040103029,Los Botados De La Reserva,704
7040103030,Rancho De Pedro,704
7040103031,La Vuelta Del Chivo,704
7040201001,Rancho De La Guardia,704
7040202001,Los Guineos,704
7040202002,Los Ranchitos,704
7040202003,Plan Cafe O El Caliche,704
7040202004,Primer Rancho Arriba,704
7040202005,Las Lagunas,704
7040203001,La Sahonada,704
7040203002,El Puerton,704
7040203003,Los Marranitos,704
7040203004,La Sahonada Arriba,704
7040204001,Guayabal,704
7040204002,El Pedregal,704
7040204003,La Fuente Arriba,704
7040204004,Pinal Redondo,704
7040204005,Manaclar,704
7040204006,Los Naranjos,704
7040204007,El Pozo,704
7040204008,Gajo Del Gacho,704
7060101001,Juan Santiago,705
7060102001,Guardia Del Cafe,705
7060102002,Majagualito,705
7060102003,Cañada De Cilantro,705
7060102004,Las Canas,705
7060102005,Sabana De Jengibre,705
7060102006,El Guayacil,705
7060102007,Sabana De Chen,705
7060102008,Los Palmaritos,705
7060102009,Naranjo Dulce,705
7060103001,Cañada Del Barrero,705
7060103002,Sabana Cuna,705
7060103003,Sabana Calvario,705
7060103004,Joco Viejo,705
7060103005,Sonador O Juan De La Cruz,705
7060103006,La Tinaja,705
7060104001,La Bucara,705
7060104002,Sabana De La Loma,705
7060104003,Juan Garcia,705
7060104004,Cabeza De Toro,705
7060104005,Madre Vieja,705
7060104006,Cañada Bejuco,705
7060104007,Domingo,705
7060104008,Sabana Larga,705
7060104009,Los Pilones,705
7060105001,Majagual,705
7060105002,Asiento Miguel,705
8010101001,El Rincon,801
8010101002,Los Cajuiles,801
8010101003,Villa Nene,801
8010101004,Los Hoyitos,801
8010101005,Buenos Aires,801
8010101006,El Retiro,801
8010101007,Centro Del Pueblo,801
8010101008,Ginandiana,801
8010101009,El Matadero,801
8010101010,Villa Guerrero,801
8010101011,Loma De Los Chivos,801
8010101012,Ensanche Palo Hincado O Blanco,801
8010101013,Cañada Francisca,801
8010102001,El Llano,801
8010102002,Buenas Noches,801
8010102003,Guayuyo,801
8010102004,Cañada De Cacao,801
8010102005,Yaguaque,801
8010102006,Sabana De Arroyo Grande,801
8010102007,Sal Si Puedes,801
8010102008,Los Negros Viejos,801
8010102009,Hoyo Frio,801
8010102010,Santo Espiritu,801
8010102011,Dos Bocas,801
8010102012,Los Prietos,801
8010102013,Arroyon,801
8010102014,Cañada Te Hundes,801
8010103001,Colon Salvaleon,801
8010103002,Dominica,801
8010103003,Hozaro,801
8010103004,Los Platanitos,801
8010103005,Batey Bejucal,801
8010103006,Batey Arroyo Lucas,801
8010103007,Los Novillos,801
8010103008,Arroyo Lucas Campo,801
8010103009,La Guarapa,801
8010103010,Barragueybano,801
8010103011,Batey Solano,801
8010103012,Batey La Gina,801
8010103013,Batey Juan Gil,801
8010103014,Batey Bella Cruz,801
8010103015,Batey Guayacanes,801
8010103016,Batey Albizu,801
8010103017,Sabana De Campiña,801
8010103018,Batey Plumita,801
8010103019,Batey Marchena,801
8010103020,Batey Altagracia,801
8010103021,Batey Los Martinez,801
8010103022,Batey El Higo,801
8010103023,Batey Guazabal,801
8010103024,Batey Lechuga,801
8010103025,Batey Monte Adentro,801
8010103026,Batey Copey,801
8010103027,Batey Higueyana,801
8010103028,Batey Bermejo,801
8010103029,Batey El 28,801
8010103030,Batey Tentacion 27,801
8010103031,Batey El 29,801
8010103032,Batey Español,801
8010103033,Batey El 30,801
8010103034,Batey Agua Blanca,801
8010103035,Arroyo Hondo,801
8010104001,El Grumo,801
8010104002,La Zanja,801
8010104003,El Copey,801
8010104004,Reparadero,801
8010104005,Los Verracos,801
8010104006,Los Corazones,801
8010104007,Los Jengibres,801
8010104008,Los Sopaipos,801
8010104009,Cerro Naranjo,801
8010104010,Batey Kilometro 2,801
8010104011,Palo Hincado,801
8010104012,La Tala,801
8010104013,San Pablo,801
8010104014,Cerro Guamo,801
8010104015,Candelaria,801
8010104016,Cañada De Jengibre,801
8010105001,El Cabao,801
8010105002,La Maravilla,801
8010105003,Piedra Blanca 1,801
8010105004,Arroyo Tabaco,801
8010105005,Los Dieguillos,801
8010105006,Trepada De Jabilla,801
8010105007,Janabo,801
8010105008,El Coamo,801
8010105009,El Limoncillar,801
8010105010,El Lial,801
8010105011,Piedra Mala,801
8010105012,Arroyo Higuero,801
8010105013,El Majagual,801
8010105014,Janabito,801
8010105015,Soco Arriba,801
8010105016,Mata Guineo,801
8010105017,Porto,801
8010105018,Alto Del Jobo (Ant. Las Cuchillas),801
8010105019,Dos Bocas,801
8010105020,Los Guzman,801
8010106001,La Cabirma,801
8010106002,La Parcela,801
8010106003,Cañada Honda,801
8010106004,Cesteadoro,801
8010106005,Los Mameyes,801
8010106006,Jobo Claro,801
8010106007,Sabaneta,801
8010106008,Los Rodriguez,801
8010106009,El Palmar,801
8010106010,Caciquillo,801
8010106011,Cañada De La Vaca,801
8010106012,La Meseta,801
8010106013,Jobo Dulce,801
8010106014,Cuchillita,801
8010106015,Rincon Chavon,801
8010106016,Sabana Del Cuey,801
8010106017,Los Vargas,801
8010106018,La Viuda,801
8010106019,El Prieto O Los Prietos,801
8010106020,Cal De Piedra,801
8010106021,Rio Piedras,801
8010106022,Sabana Grande,801
8010106023,Higua,801
8010106024,Alto Del Jobo Dulce O Yabana,801
8010106025,Cabirmal,801
8010106026,Sabana Rodeo,801
8010106027,Ceibita (La Cuevita),801
8010106028,Mal Pecao,801
8010106029,Chavoncito,801
8010107001,Los Carlos,801
8010107002,Peña Blanca Afuera,801
8010107003,Peña Blanca Adentro,801
8010107004,Agua Clara,801
8010107005,Magarin Abajo,801
8010107006,Mancorneta,801
8010107007,Bejucal,801
8010107008,Jobo Dulce Adentro,801
8010107009,Jobo Dulce Afuera,801
8010107010,Saguatico,801
8010107011,Las Agustinas,801
8010107012,Quaiquia,801
8010107013,Las Uvas,801
8010108001,Mata Del Toro,801
8010108002,La Bija,801
8010108003,Batey Castillo,801
8010108004,Arroyo Blanco,801
8010108005,Batey Carlos Torres,801
8010108006,Cañada Del Agua,801
8010108007,Batey Paraiso Dos,801
8010108008,Batey Haiti,801
8010108009,Batey Los Blocks De Haiti,801
8010108010,Campo Alegre,801
8010108011,Batey Bella Vista,801
8010108012,Las Yayas,801
8010108013,Casabe,801
8010108014,Guacaya,801
8010108015,Batey Los Riseles O Rieles,801
8010108016,Batey El Guaral,801
8010108017,San Miguel,801
8010108018,Batey Polonio,801
8010108019,Aleman,801
8010108020,Gorreta,801
8010108021,Piedra Grande,801
8010108022,Solanito,801
8010108023,La Guazuma,801
8010108024,El Caimito,801
8010108025,Sanabia,801
8010108026,Mata De Palma,801
8010109001,Anama,801
8010109002,Matencio,801
8010109003,Rincon De Mesa,801
8010109004,Las Palmillas,801
8010109005,El Prado,801
8010109006,Las Matas,801
8010109007,El Cerrito,801
8010109008,Las Dos Bocas,801
8010109009,Las Tunas,801
8010109010,Lagunita,801
8010109011,Kilometro 7,801
8010109012,La Mayita,801
8010109013,Batey Guayquia,801
8010109014,Loma De Pinto,801
8010109015,San Lorenzo,801
8010109016,Loma Tabaco,801
8010109017,Cibahuete,801
8010109018,San Miguel,801
8010109019,Las Lajas,801
8010109020,Los Chivos,801
8010109021,La Jaquima,801
8010109022,Los Pajones,801
8010201001,Pedro Sanchez O Centro Del Pueblo,801
8010201002,Campo De Tiro,801
8010201003,Pavin,801
8010201004,Julio Guillamo,801
8010202001,Los Botados,801
8010202002,Guazumilla,801
8010202003,Buenos Aires,801
8010202004,Los Bejucos,801
8010202005,Los Cafes,801
8010202006,La Piedra,801
8010202007,Caciquillo,801
8010202008,Piedra Blanca,801
8010202009,Los Altos Grandes,801
8010202010,La Jina,801
8010202011,Los Corsos,801
8010202012,Higo Barbe,801
8010202013,Sabana De Pedro Sanchez,801
8010202014,La Ceibita,801
8010202015,Los Rincones,801
8010202016,Isabelita,801
8010202017,Cienagatuamo,801
8010202018,Ceiba Del Agua (Cañada Honda),801
8010203001,La Troncha,801
8010203002,Kilometro 2,801
8010203003,Kilometro 8,801
8010203004,Cocuyo,801
8010203005,El Grumo,801
8010203006,Hato Santiago,801
8010203007,Las 13,801
8010203008,Lomas De Limon,801
8010203009,Florencio,801
8010203010,Magua O Majagua,801
8010203011,Kilometro 9,801
8010203012,Kilometro 14,801
8010203013,La Puerta Blanca,801
8010203014,Gimio El Buey,801
8010203015,Cabirma Clara,801
8010203016,Arroyo Piedra,801
8010203017,Hoyo De La Cigua,801
8010203018,El Batey Isabelita,801
8010203019,Loma La Herradura,801
8010203020,Los Platanos,801
8010203021,Kilometro 3,801
8010203022,Kilometro 1,801
8010301001,Vicentillo,801
8010302001,La Pocilga,801
8010302002,Palma El Gallo,801
8010302003,Palo Seco,801
8010302004,Los Ranchitos,801
8010302005,Limoncillo,801
8010302006,Los Mampurrios,801
8010302007,Los Brazos,801
8010302008,Tedeche,801
8010302009,Arroyon,801
8010302010,La Culebra,801
8010302011,Camaron,801
8010302012,Rompe Trapo,801
8010302013,Cascajito,801
8010302014,El 16,801
8010302015,Yabon,801
8010303001,El Cercado,801
8010303002,La Loreta,801
8010303003,Rancho 2,801
8010303004,Rancho O Rancho 1,801
8010303005,Las Tunas,801
8010303006,Rancho Chiquito,801
8010303007,Garantia,801
8010303008,Doña Ana O Cueva De Doña Ana,801
8010303009,El Corozal,801
8010303010,El Peñon,801
8010303011,Mala Muerte,801
8010303012,El Jobo,801
8010303013,La Guajaba,801
8010303014,Los Macos,801
8010303015,Cañada Mala,801
8010303016,Bibiana,801
8010303017,La Culebra,801
8010303018,El Perico,801
8010303019,Loma Arenita,801
8010303020,Paso Cibao,801
8010401001,Centro Del Pueblo  (La Higuera),801
8010401002,Buenos Aires,801
8010401003,La Ceniza,801
8010401004,Vietnam,801
8010401005,La Cuadra,801
8010401006,Rincon Bellaco,801
8010402001,El Pintado,801
8010402002,Kilometro 8,801
8010402003,Los Marmolejos,801
8010402004,Los Pelao,801
8010402005,El Salao O El Salado,801
8010402006,El 90,801
8010402007,El 91 O Batey La Gina,801
8010402008,El 50,801
8010402009,El 35,801
8010402010,Alto De Peguero,801
8010403001,Santa Rita,801
8010403002,Los Aguacaticos,801
8010403003,Las Papitas,801
8010403004,Los Maguelles,801
8010403005,Kilometro 10,801
8010403006,La Higuera,801
8010404001,Kilometro 6,801
8010404002,Yabana,801
8010404003,Morales,801
8010404004,Higuera Abajo,801
8010404005,Santa Lucia,801
8010404006,Batey Victoria,801
8010404007,Kilometro 12,801
8010404008,Batey Cascajito,801
8010404009,Batey Alcides,801
8010404010,Batey Brador 104,801
8010404011,Batey 105,801
8010404012,Batey 106,801
8010404013,Batey La Florida,801
8010404014,Batey 107,801
8010404015,Batey La Cerca,801
8010404016,Sabaneta,801
8010404017,Chavon (Batey Cabo Haitiano),801
8010404018,Batey 108,801
8010404019,Cañada Barrosa,801
8010404020,El Algarrobal,801
8010404021,La Palma,801
8010404022,Kilometro 5,801
8010404023,Batey Callao,801
8010404024,Cruce De Pavon,801
8020101001,Miramar,802
8020101002,Los Mameyes,802
8020101003,Pueblo Abajo,802
8020101004,Cementerio,802
8020101005,La Jabilla,802
8020101006,Borinquen,802
8020101007,Pueblo Nuevo,802
8020101008,Centro Del Pueblo,802
8020101009,Pueblo Arriba,802
8020101010,Los Franceses,802
8020101011,Miches O Higuey,802
8020101012,La Boca,802
8020101013,El Matadero,802
8020101014,El Hospital,802
8020101015,Asfalto,802
8020102001,Kilometro 1,802
8020102002,Kilometro 7,802
8020102003,Los Mameyes,802
8020102004,Kilometro 10,802
8020102005,Kilometro 8,802
8020102006,Las Tres Palmas,802
8020102007,Arroyo Santiago,802
8020102008,Los Franceses,802
8020102009,Monte Claro,802
8020102010,El Jobo,802
8020102011,Kilometro 6,802
8020102012,"Kilometros 11, 12 Y 13",802
8020102013,El Morro,802
8020102014,Las Cuchillas,802
8020102015,Kilometro 14,802
8020102016,Kilometro 2,802
8020102017,Kilometro 3,802
8020102018,Kilometro 4,802
8020201001,21 De Enero,802
8020201002,Cuaron,802
8020201003,Mono Mojao,802
8020201004,Rabo De Chivo,802
8020202001,Cuchareta,802
8020202002,Guaco,802
8020202003,Los Guineos,802
8020202004,Las Lisas,802
8020202005,Sabana De Nisibon,802
8020202006,La Llovedera,802
8020202007,El Loro,802
8020203001,El Perro,802
8020203002,El Hato,802
8020203003,Rio Arriba,802
8020203004,Las Cabirmas,802
8020203005,Los Dos Rios,802
8020203006,Los Guayacanes,802
8020203007,El Colorao,802
8020203008,La Mina,802
8020203009,Los Hicacos Blancos,802
8020203010,Los Urabos,802
8020203011,El Guaraguao,802
8020203012,El Oro,802
8020203013,Cuaron,802
8020203014,El Jovero,802
8020203015,Altamira,802
8020203016,Los Cuatro Caminos,802
8020301001,Centro De Pueblo O La Gina,802
8020301002,Juan Pablo Duarte O La Jagua,802
8020301003,Pueblo Nuevo,802
8020301004,Proyecto Arrocero,802
8020302001,La Culebra,802
8020302002,Arroyo Rico,802
8020302003,26 De Enero,802
8020302004,Jayan,802
8020302005,La Mireya,802
8020302006,La Gina,802
9030204008,El Anon Arriba,902
26010103012,Caobanitas,3002
9020101001,Urbanizacion Alba,901
9020101002,Centro Del Pueblo,901
9020101003,Guanabano,901
9020101004,Bolo O Urbanizacion Sanchez,901
9020101005,Los Rojas,901
9020101006,Hato Viejo,901
9020102001,La Guama (Guanabano),901
9020102002,La Vereda,901
9020102003,El Carril,901
9020102004,Nibaje,901
9020102005,Los Rincones,901
9020102006,Calle Del Rio,901
9020102007,Los Rojas,901
9020103001,La Penda,901
9020103002,Vuelta Larga,901
9020103003,Los Barrancones,901
9020103004,Los Hicacos,901
9020103005,Hato Viejo (Azucey),901
9020103006,Sabana De Los Alba,901
9020103007,Los Jazmines,901
9030101001,Centro Del Pueblo,902
9030101002,La Hoya,902
9030101003,Altos De Gaspar Hernandez,902
9030101004,El Correo,902
9030101005,Candoy,902
9030101006,Campo Verde,902
9030101007,El Semillero,902
9030101008,Loma De Yerba,902
9030101009,Los Franceses,902
9030102001,Naranjo Dulce Arriba,902
9030102002,La Ermita,902
9030102003,Las Auyamas,902
9030102004,Hoya Grande,902
9030102005,Palo Colorado,902
9030102006,La Batata,902
9030102007,Los Algarrobos,902
9030102008,Bejuco Blanco,902
9030102009,Mata De  Guanabano,902
9030102010,El Catey,902
9030102011,Rio Piedra,902
9030102012,La Cabuya,902
9030102013,La Cigua,902
9030102014,Punta Gorda,902
9030102015,Las Caobas,902
9030102016,Boca De Henequen,902
9030102017,Loma Al Medio,902
9030102018,Boca De Joba,902
9030103001,La Jaguita,902
9030103002,Loma De Yerba,902
9030103003,El Jobo,902
9030103005,El Caiman,902
9040101001,Centro Del Pueblo,903
9040101002,Arroyo Del Agua,903
9040101003,Rincon Caliente,903
9040101004,La Laguna,903
9040101005,Boca De Jamao,903
9040102001,Arroyo Del Gato,903
9040102002,La Piedra,903
9040102003,Los Moluses O Los Meluses,903
9040102004,Marinero,903
9040102005,El Ramonal,903
9040102006,La Jagua,903
9040102007,Las Espinas,903
9040103001,Los Brazos,903
9040103002,Los Peña,903
9040103003,La Mina,903
9040104001,La Filipina,903
9040104002,Hojas Anchas,903
9040104003,El Pajon,903
9040104004,Las Manaclas,903
9040104005,Los Manantiales,903
9040104006,Los Peñones,903
9040105001,Las Caobas,903
9040105002,Arroyo Del Agua,903
9040105003,Palo Roto,903
9040105004,La Canela,903
9040105005,Palo Blanco,903
9040105006,Caimoni,903
9040105007,La Cana,903
9040105008,Villa Iv-N Guzman (El Saladillo),903
9040105009,Arroyo Frio,903
9040105010,Los Saladillos,903
9040105011,La Vereda,903
9040105012,Los Charamicos,903
10010101001,Cuarenta,1103
10010101002,Jimani Viejo,1103
10010101003,Militar,1103
10010101004,Jimani Nuevo O Centro Del Pueblo,1103
10010101005,Villa Armonia O Nuevo,1103
10010101006,El Cerro,1103
10010101007,La Q,1103
10010101008,La Cincuenta,1103
10010101009,Villa Solidaridad,1103
10010102001,Arroyo Blanco,1103
10010102002,Mal Paso,1103
10010102003,Las Peñas,1103
10010102004,Jimani Viejo,1103
10010201001,El  Limon,1103
10010202001,La Playa,1103
10010202002,El Palmar,1103
10010202003,Casimiro,1103
10010202004,Monte De Los Negros,1103
10010202005,Las Lajitas,1103
10010202006,El Otro Lado,1103
10010202007,La Peronila,1103
10010202008,La Guacima,1103
10010202009,Los Limones,1103
10010203001,Los Pinos,1103
10010203002,Cruce Del Limon,1103
10010203003,Vuelta Grande,1103
10010203004,La  Florida,1103
10010203005,Caneco,1103
10010301001,Boca De Cachon,1103
10010302001,Tierra Nueva,1103
10010302002,Las Lajas,1103
10010302003,Tierra Virgen,1103
10010302004,Pedro Cuevas,1103
10010302005,Martin Brunito,1103
10010302006,Jose Joaquin Puello,1103
10030101001,Centro Del Pueblo,1104
10030101002,El Palmito,1104
10030101003,El Ganadero,1104
10020101001,San Jose,1107
10020101002,Placer Bonito,1107
10020101003,Las Mercedes,1107
10020101004,Camboya,1107
10020101005,Nuevo Amanecer,1107
10020101006,San Isidro,1107
10020101007,Las Damas,1107
10020101008,Brisas Del Mo,1107
10020101009,Buenos Aires,1107
10020102001,Puerto Escondido,1107
10020102002,Escondido,1107
10020102003,Altamisar,1107
10020102004,Palo De Leche,1107
10020102005,El Aguacate,1107
10020201001,Brisas Del Lago,1107
10020201002,Los Yesos,1107
10020201003,Las Piedras,1107
10020201004,Centro Del Pueblo,1107
10020201005,Duarte Arriba O Duarte Atras,1107
10020201006,El Barrio,1107
10020202001,Las Baitoas,1107
10020202002,San Jose,1107
10020202003,Vuelta Grande,1107
11010102001,Los Guineos,1201
11010102002,Los Botados,1201
11010102003,Los Garcia,1201
11010102004,La Vegana,1201
11010102005,Bejucalito,1201
11010102006,Chavoncito,1201
11010102007,Cruce De Morales,1201
11010102008,Enea,1201
11010102009,Primer Sabana,1201
11010102010,Sabana Gloria,1201
11010102011,Cruce Jovina,1201
11010102012,Arroyo Seco,1201
11010102013,Camino Real,1201
11010102014,Mani Blanco,1201
11010102015,Guanito,1201
11010102016,San Cristobal,1201
11010102017,Calichal,1201
11010102018,Los Montes,1201
11010102019,Las Limas,1201
11010102020,Jobitos,1201
11010102021,Cuesta La Piña,1201
11010102022,Don Francisco,1201
11010102023,Guizara,1201
11010102024,Guanabano Arriba (La Ceiba),1201
11010102025,El Junco,1201
11010102026,Hoyo De Luis,1201
11010102027,Charco Azul,1201
11010102028,Potrero Central Romana,1201
11010102029,Sanate,1201
11010102030,Piedra Blanca,1201
11010102031,Guanabano,1201
11010102032,Chavon Abajo,1201
11010102033,Chavon Arriba,1201
11010102034,Bejucal,1201
11010102035,Sanate Abajo,1201
11010103001,Cañafistola,1201
11010103002,El Rancho,1201
11010103003,La Rejolla,1201
11010103004,Centro Santana,1201
11010103005,La Yayas,1201
11010103006,Los Palitos - Los Naranjos,1201
11010103007,Los Mangos,1201
11010103008,El Mamey,1201
11010103009,Cajero,1201
11010103010,Rincon Frio,1201
11010103011,La Media Luna,1201
11010103012,La Cuchilla,1201
11010103013,Santana,1201
11010103014,Lopez,1201
11010103015,Reselezuela,1201
11010103016,La Paloma,1201
11010103017,Azafran,1201
11010103018,Martin,1201
11010103019,33 De Santana Cerra,1201
11010103020,Martinez,1201
11010103021,Guarapito,1201
11010103022,Puerto Escondido,1201
11010103023,Arroyo Seco,1201
11010103024,Los Cerritos,1201
11010103025,Mani Abajo,1201
11010103026,Sabana De Palmarejo,1201
11010103027,El Puerto,1201
11010103028,Naranjo De China,1201
11010103029,Arroyo Rico,1201
11010103030,Guaconejo,1201
11010103031,Peñon,1201
11010103032,Congo,1201
11010103033,Sabana El Piñal,1201
11010103034,Jobo Largo,1201
10050101001,Centro Del Pueblo,1100
10050101002,Viejo,1100
10050101003,El Cedro,1100
10050101004,Los Parceleros O Nuevo,1100
10050201001,Batey 8,1100
10050202001,Batey 7,1100
10050202002,Bateicito,1100
10050203001,Batey 9,1100
10050204001,Batey 10,1100
22050103030,Sabana Tuna,2704
11010103035,Ahoga Perro,1201
11010103036,Hato De Mani,1201
11010103037,La Boya,1201
11010103038,La Zarza,1201
11010103039,Los Cacaos,1201
11010103040,La Plaza,1201
11010103041,Los Tomates,1201
11010103042,La Caya,1201
11010103043,Los Husos O Jusos,1201
11010103044,Las Estancias,1201
11010103045,Sabana De Jina,1201
11010103046,Toro Prieto,1201
11010103047,Los Brazos,1201
11010103048,Las Auyamas,1201
11010103049,La Colorada,1201
11010103050,Boca De Guanche,1201
11010103051,El Caimito,1201
11010103052,Los Carpinteros,1201
11010103053,Batey Genaro Quino,1201
11010103054,La Culebra,1201
11010103055,Duyey,1201
11010104001,La Cruz,1201
11010104002,Peligro,1201
11010104003,Monte Claro,1201
11010104004,Jina Jaragua,1201
11010104005,Caña Brava,1201
11010104006,Limonal,1201
11010104007,Ojo De Agua,1201
11010104008,Batey Campo Nuevo,1201
11010104009,El Aguacate,1201
11010104010,Batey San German,1201
11010104011,Bocama,1201
11010104012,El Peñon,1201
11010104013,Pileta Verde,1201
11010104014,Batey El Block,1201
11010104015,Los Indios,1201
11010104016,Batey Los Lirios,1201
11010104017,El Jobo,1201
11010104018,La Ladrillada,1201
11010104019,Palo Bonito,1201
11010104020,Los Yayales,1201
11010104021,Batey Guayabo,1201
11010104022,El Quemado,1201
11010104023,Batey La Ñapita,1201
11010104024,Las Albahacas,1201
11010104025,El Chacaro,1201
11010104026,Valle De Los Algarrobos,1201
11010104027,Colorado,1201
11010104028,El Tapion,1201
11010104029,Jose Leta,1201
11010104033,El 25 (El Quemado),1201
11010104035,Hoyo Claro,1201
11010104037,Los Corozos,1201
11010104042,La Jarda De Los Lirios,1201
11010104043,Batey Los Caños,1201
11010104044,La Jardita,1201
11010104047,Batey Mirada,1201
11010104049,Chinchin,1201
11010104050,Batey La Pangola (Prop. Ml. De Leon),1201
11010105001,Quisibani,1201
11010105002,El Blanco,1201
11010105003,Anamuyita,1201
11010105004,Cabirma Clara,1201
11010105005,Los Platanos,1201
11010105006,La Majagua,1201
11010105007,Blandino,1201
11010105008,La Ceiba,1201
11010105009,El Brazo,1201
11010105010,Los Cacaos,1201
11010105011,El Naranjo,1201
11010105012,Los Rios,1201
11010105013,Los Asientos,1201
11010105014,El Cerro,1201
11010105015,La Llanada,1201
11010105016,El Barrero,1201
11010105017,Sabaneta,1201
11010105018,Los Corozos,1201
11010105019,Las Abras,1201
11010105020,Mata Aji,1201
11010105021,Arroyo Grande,1201
11010105022,Viejo Goyo,1201
11010105023,Cambelen,1201
11010105024,Serra O Cerrada,1201
11010106001,Los Mancornados,1201
11010106002,Santa Clara,1201
11010106003,Las Limas,1201
11010106004,La Cana,1201
11010106005,La Piña,1201
11010106006,Mata Chalupe,1201
11010106007,Hoyo Bonito,1201
11010106008,Peñoncito,1201
11010106009,La Tranquera,1201
11010106010,El Mameyito,1201
11010106011,Batey Siete Puertas,1201
11010106012,Batey Cuya,1201
11010106013,Batey Pestaña,1201
11010106014,Batey Estante Alto,1201
11010106015,Capa,1201
11010106016,Jagua Mocha,1201
11010106017,Maria Ruiz,1201
11010106018,Jobo Dulce,1201
11010106019,La Malenita,1201
11010106020,La Matilla,1201
11010106021,La Malena,1201
11010106022,La Cabirma,1201
11010201001,La Mina,1201
11010201002,Centro Del Pueblo,1201
11010201003,El Peñon,1201
11010201004,La Gallera,1201
11010201005,Los Callejones,1201
11010201006,Buenos Aires,1201
11010201007,Suizo,1201
11010202001,Cañada Honda,1201
11010202002,Las Zanjas,1201
11010202003,Las Vacamas,1201
11010202004,La Culatica,1201
11010202005,Los Sumideros,1201
11010202006,Los Tocones,1201
11010202007,El Maicillo,1201
11010202008,Los Manguitos,1201
11010202009,La Tranquera,1201
11010202010,Entrada De La Zanja,1201
11010202011,Arroyo Rancho,1201
11010202012,Boca De Mamon,1201
11010202013,La Laguna,1201
11010202014,El Peñon,1201
11010202015,Los Helechos,1201
11010203001,Las Cañas,1201
11010203002,El Barrero,1201
11010203003,Los Yagrumos,1201
11010203004,Guanchi,1201
11010203005,Rio Llano,1201
11010203006,La Lisita (La Luisita),1201
11010203007,El Guayabo,1201
11010203008,Los Bajos De Maimon,1201
11010203009,Chirino O Himiro,1201
11010203010,Miraflores,1201
11010203011,Punta De Coco,1201
11010203012,Batey Papagayo,1201
11010203013,La Ceibita,1201
11010203014,Palo Amargo,1201
11010203015,La Culata,1201
11010203016,Cuerecito,1201
11010204001,Palma Panda,1201
11010204002,Bonilla,1201
11010204003,El Algarrobo,1201
11010204004,Los Mogotes,1201
11010204005,El Hicoteo,1201
11010204006,Batey Las Guamas,1201
11010204007,Yone,1201
11010204008,El Higuero,1201
11010204009,La Jabilla,1201
11010204010,El Jobo,1201
11010204011,Las Cabirmas,1201
11010204012,Las Lajas,1201
11010204013,El Fuerte,1201
11010204014,La Silverita,1201
11010204015,Yone Arriba,1201
11010204016,Yone Abajo,1201
11010204017,Proyecto Yone,1201
11010204018,Arroyo Rico,1201
11010301001,Jobo Jaguey,1201
11010301002,Linea Nueva,1201
11010301003,Los Martinez O La Cancha,1201
11010301004,Los Polos,1201
11010301005,Los Castillos,1201
11010301006,Villa Juana O Los Pilotos,1201
11010301007,Laguna Verde,1201
11010301008,La Palmilla,1201
11010301009,Centro Del Pueblo,1201
11010302001,El Bonao,1201
11010302002,Villa Pion,1201
11010302003,Anamuya,1201
11010302004,Palo Amargo,1201
11010302005,Hoyo Campo,1201
11010302006,Puente Anamuya,1201
11010303001,Duyey,1201
11010303002,El Hilo,1201
11010303003,El Placer,1201
11010303004,Honduras,1201
11010303005,La Curtiembre,1201
11010303006,La Rinconada,1201
11010303007,Mi Lola,1201
11010303008,Paliza Buena,1201
11010303009,Vista Alegre,1201
11010303010,Pueblo Nuevo,1201
11010304001,Cruce De Isleño (Antiguo Cruz De Isleño),1201
11010304002,Cruz De Isleño (Antiguo Los Dajaos),1201
11010304003,Pinta Pico,1201
11010304004,Valle Jina,1201
11010304005,Yabiqui,1201
11010304006,Cerro Gordo,1201
11010304007,Los Palos,1201
11010304008,Las Cejas,1201
11010304009,La Cuchilla,1201
11010304010,Jobo Jaguey,1201
11010304011,Batey San Francisco,1201
11010304012,Batey Romanita,1201
11010304013,Las Tres Casitas,1201
11010304014,La Zafra,1201
11010304015,El Cuya,1201
11010304016,Los Vicini,1201
11010304017,El Cinco,1201
11010304018,Los Higos O El Higo,1201
11010304019,Zafarraya,1201
11010304020,Batey Los Caños,1201
11010304021,Campo Nuevo,1201
11010304022,Ojo De Agua,1201
11010304023,El Peñon De Los Reyes,1201
11010304024,Batey Mirador,1201
11010304025,Veron,1201
11010304026,Los Manantiales,1201
11010304027,Las Dos Jardas,1201
11010401001,Lotificacion Veron,1201
11010401002,Lotificacion Veron Ii,1201
11010401003,La Jarda De Hoyo Claro,1201
11010401004,Villa Progreso,1201
11010401005,Bavaro,1201
11010401006,Bello Amanecer,1201
11010401007,El Samaritano,1201
11010402001,Cabo Engaño,1201
11010402002,El Suero,1201
11010402003,Arraijan,1201
11010402004,Los Manantiales,1201
11010402005,Borrachon,1201
11010402006,Pantanal,1201
11010402007,Punta Cana,1201
11010402008,La Trocha,1201
11010402009,La Salina,1201
11010402010,Juanillo,1201
11010402011,La Curva O La Culata,1201
11010402012,Cabo San Rafael,1201
11010402013,Los Ranchitos (Arena Gorda),1201
11010402014,Caracolito,1201
11010403001,El Caño,1201
11010403002,Jose Leon,1201
11010403003,El Espino,1201
11010403004,Cañada Honda,1201
11010403005,La Jina,1201
11010403006,Jagua Mocha,1201
11010403007,El Peñon,1201
11010403008,La Ceiba,1201
11010403009,El Salado,1201
11010403010,Los Hoyos,1201
11010403011,Los Naranjos,1201
11010403012,La Safra,1201
11010403013,Maricao (El Jobovan),1201
11010403014,La Pileta,1201
11010403015,Uvero Alto,1201
11010403016,El Macao,1201
11010403017,Guiri Guiri,1201
11010403018,El Buren De Tres Piezas,1201
11010403019,La Jarda U Hoyo Claro,1201
11010403020,Caoba,1201
11010403021,La Jarda,1201
11010403022,Cabeza De Toro,1201
11010403023,Islabon,1201
11010403024,Tres Piezas (El Caracol),1201
11010403025,Sabana De Los Martinez,1201
11010403026,El Aleman,1201
11010403027,Zona Turistica De Bavaro,1201
11010403028,Cortecito,1201
11020101001,Lavador,1202
11020101002,Alma Rosa O El Bronx,1202
11020101003,La Lomita,1202
11020101004,Centro Del Pueblo,1202
11020101005,La Gallera O El Multiuso,1202
11020101006,Las Flores,1202
11020101007,Nuevo,1202
11020101008,Los Profesores,1202
11020101009,Oscar,1202
11020101010,Inespre,1202
11020102001,El Naranjo (Naranjal),1202
11020102002,Caño Prieto O La Jardita,1202
11020102003,El Jobito,1202
11020102004,Leonardo (El Bañadero),1202
11020102005,El Guano (Los Yagrumos),1202
11020102006,Yaguey,1202
11020102007,Guano O Los Muertos,1202
11020102008,La Guarapa,1202
11020102009,Agapito,1202
11020102010,Los Lopez,1202
11020102011,La Malagueta,1202
11020102012,El Carril,1202
11020102013,El Cascajal,1202
11020102014,El Dalmao,1202
11020102015,La Estrelladora,1202
11020102016,Los Negros,1202
11020102017,Los Sanchez,1202
11020102018,Central Romana,1202
11020102019,Pileta Honda,1202
11020102020,Cabo San Rafael,1202
11020102021,La Cueva De Luis,1202
11020102022,El Aguacate,1202
11020103001,Batey Ramon Gordo,1202
11020103002,Batey Cuesta Caribe,1202
11020103003,El Junco,1202
11020103004,Batey Montecarlo,1202
11020103005,Nazario,1202
11020103006,El Arraijan,1202
11020103007,El Guayacan,1202
11020103008,Los Valles,1202
11020103009,Venezuela (El Valle),1202
11020103010,Marota,1202
11020103011,Los Cinco Caminos,1202
11020103012,El Pozo,1202
11020103013,Batey Las Cejas,1202
11020103014,Batey Cinco,1202
11020103015,Santa Cruz De Gato,1202
11020103016,Cañada De La Jina,1202
11020103017,Ballestero,1202
11020103018,El Limon,1202
11020103019,Benerito,1202
11020103020,Hato Bonito,1202
11020103021,Batey Magdalena,1202
11020104001,El Arroyo,1202
11020104002,La Guazuma,1202
11020104003,Batey Guazuma,1202
11020104004,Batey 412,1202
11020104005,La Piñita,1202
11020104006,Los Valles,1202
11020104007,Los Charcos,1202
11020104008,Guaitabon,1202
11020104009,Batey Palo Bonito,1202
11020104010,Batey Los Higos,1202
11020104011,Batey Los Tocones,1202
11020104012,Batey Maragua,1202
11020104013,Batey Verde,1202
11020104014,La Cruz De Los Rondones,1202
11020104015,Cruce De La Piñita,1202
11020201001,Centro Del Pueblo,1202
11020201002,Los Cocos,1202
11020202001,Las Playitas,1202
11020202002,Atajadizo,1202
11020202003,La Gran Chorra,1202
11020202004,El Mate (El Marte),1202
11020202005,Liborio,1202
11020202006,La Bruja,1202
11020202007,El Caracol,1202
11020202008,Boca De Yuma (Rural),1202
11020202009,La Cueva,1202
11020202010,Bartolo,1202
11020202011,Valle De Los Algarrobos,1202
11020202012,Parque Nacional Del Este,1202
11020301001,Centro Del Pueblo Bayahibe,1202
11020301002,Flor De Bayahibe,1202
11020301003,La Bahia,1202
11020301004,La Punta,1202
11020301005,La Playa,1202
11020302001,Valle De La Orquesta,1202
11020302002,La Botijuela,1202
11020302003,Boca De Chavon,1202
11020302004,El Infinito,1202
11020302005,Parque Nacional Del Este,1202
11020302006,Padre Nuestro,1202
11020302007,El Valle,1202
11020302008,Dominicus,1202
11020302009,El Valle Frances,1202
12020101001,Centro Del Pueblo,1301
12020101002,La Palma,1301
12020101003,Hoyo De Higuero,1301
12020101004,Los Cocos,1301
12020101005,El Tanque,1301
12020101006,Pueblo Nuevo,1301
12020101007,La Construccion,1301
12020102001,La Noria,1301
12020102002,Placer Bonito,1301
12020102003,Mata Hombre,1301
12020102004,Punto Fijo,1301
12020102005,Batey Campiña,1301
12020102006,Batey Renguelito,1301
12020102007,Batey Las Flores,1301
12020102008,Batey El 20,1301
12020102009,Batey Higueral,1301
12020102010,Batey Almeyda,1301
12020102011,Batey Escuadra,1301
12020102012,Batey El Quemado,1301
12020102013,Batey El 5,1301
12020102014,Batey El 40,1301
12020102015,Batey El 4,1301
12020102016,Batey 62,1301
12020102017,Batey Espinillo,1301
12020102018,Batey Cruce De Guerrero,1301
12020102019,Batey Caimoni,1301
12020102020,Batey 82,1301
12020102021,Batey Palo Blanco,1301
12020102022,Batey El 17,1301
12020102023,Batey El 18,1301
12020102024,Batey El 15,1301
12020102025,Batey Guerrero,1301
12020102026,Batey El 22,1301
12020102027,Batey Peligro,1301
12020102028,Batey El 16,1301
12020102029,Chucho De Chichi,1301
12020103001,Mirapato,1301
12020103002,Chavon Abajo,1301
12020103003,Buenos Aires,1301
12020103004,Batey Bobito,1301
12020103005,Batey San Isidro,1301
12020103006,Batey La Altagracia,1301
12020103007,Batey Higo Claro,1301
12020103008,Batey America - El Quemado,1301
12020103009,Batey Las Parcelas,1301
12020103010,Batey La Milagrosa,1301
12020103011,Los Berroa,1301
12020103012,Chavon Arriba,1301
12020103013,Batey Pulguero,1301
12020103014,Batey Nigua,1301
12020103015,Batey Las Mercedes,1301
12020103016,Batey Como Quiera,1301
12020103017,Batey Santa Rosa,1301
12020103018,La Cuchilla,1301
12020103019,Batey El 80,1301
12020103020,Batey El 24,1301
12020103021,La Habana,1301
12020103022,Batey Sabana De Chavon,1301
12020103023,Batey Lecheria,1301
12020103024,Cerros De Chavon,1301
12020103025,Batey Hoyo De Puerco,1301
12020103026,El Arca,1301
12020103027,Batey Colon O Peligro,1301
12020103028,Aleton,1301
12020103029,Batey 205,1301
12020103030,La Regola,1301
12020103031,La Culebra,1301
12020103032,Batey Nuevo,1301
12020103033,Batey El 81,1301
12010101001,Ensanche Quisqueya,1302
12010101002,Los Camioneros,1302
12010101003,Paseo De Los Caciques I,1302
12010101004,Paseo De Los Caciques Ii,1302
12010101005,Villa Verde,1302
12010101006,Ensanche La Hoz,1302
12010101007,Invi,1302
12010101008,Chicago,1302
12010101009,Don Juan I,1302
12010101010,Ensansche Pereira,1302
12010101011,Orquidea Primera Etapa,1302
12010101012,La Aviacion,1302
12010101013,San Carlos,1302
12010101014,Los Colonos,1302
12010101015,Santa Fe,1302
12010101016,Central Romana,1302
12010101017,Centro De La Ciudad,1302
12010101018,Don Juan V,1302
12010101019,Katanga,1302
12010101020,Urbanizacion Maria Rubio,1302
12010101021,Urbanizacion Las Piedras,1302
12010101022,Papagayo,1302
12010101023,Urbanizacion Buena Vista Norte,1302
12010101024,Alto De Rio Dulce,1302
12010101025,Savica,1302
12010101026,Villa Alacran,1302
12010101027,Don Juan Ii,1302
12010101028,Obrero,1302
12010101029,Caleton O Urbanizacion Buena Vista Sur,1302
12010101030,Residencial Las Palmas,1302
12010101031,Preconca,1302
12010101032,Bancola,1302
12010101033,Villa Nazareth,1302
12010101034,Los Multi,1302
12010101035,Ensanche La Paz,1302
12010101036,Residencial Romana Del Oeste,1302
12010101037,Residencial Orquidea Ii Etapa,1302
12010101038,Villa San Carlos,1302
12010101039,George,1302
12010101040,Villa España,1302
12010101041,Mina Central Romana,1302
12010102001,Mirapato,1302
12010102002,Batey Corcica,1302
12010102003,Batey Santoni,1302
12010102004,Batey 205,1302
12010102005,Batey Mucarabon,1302
12010102006,La Cachaza,1302
12010102007,Batey Cacata,1302
12010102008,Batey Lithgow,1302
12010102009,Batey Gran Calle,1302
12010102010,Rancho Viejo,1302
12010102011,Maria Bonita,1302
12010102012,Batey 203,1302
12010102013,Batey Esperanza,1302
12010102014,La Luisa,1302
12010102015,Altos De Chavon,1302
12010102016,Batey Anon,1302
12010102017,Batey Culebra,1302
12010102018,Batey Mosquito 204,1302
12010102019,Caleton,1302
12010102020,Los Cajuiles,1302
12010102021,Isla Catalina,1302
12010103001,Mano Juan - Adamanay,1302
12010103002,Catuano,1302
12010201001,Caleta,1302
12010201002,Residencial Romana,1302
12010201003,Residencial Vista Catalina,1302
12030101001,Reparto Torres,1303
12030101002,El Picapiedra,1303
12030101003,Cumajon,1303
12030101004,Piedra Linda,1303
12030101005,Villa Zorrilla,1303
12030101006,La Sabanita,1303
12030101007,Villa Progreso,1303
12030101008,La Lechosa,1303
12030101009,La Caoba,1303
12030101010,Villa Caoba,1303
12030101011,Los Coquitos,1303
12030101012,Residencial Don Juan,1303
12030101013,Juan Pablo Duarte O Kilometro 6,1303
12030101014,La Paz,1303
12030101015,Sinai,1303
12030101016,El Parquecito,1303
12030101017,El Jobo O Villa Paraiso,1303
12030101018,Villa Hermosa,1303
12030101019,Los Maestros,1303
12030101020,Los Mulos,1303
12030201001,Kilometro 10 De Cumayasa,1303
12030201002,Villa Real,1303
12030201003,Cucama,1303
12030201004,Juan Pablo Duarte O Kilometro Seis,1303
12030201005,Residencial Doña Olga Iii,1303
12030202001,Batey El Gato,1303
12030202002,Batey Las Tumbas,1303
12030202003,El 14,1303
12030202004,El Papayo,1303
12030202005,El 10,1303
12030202006,Las Uvitas,1303
12030202007,Cucama,1303
12030202008,Campo Alegre,1303
12030202009,El Batey,1303
12030202010,El Gato,1303
12030202011,El Peñon,1303
12030202012,El Manguito,1303
12030202013,America,1303
12030202014,Espinilla,1303
13020101001,Respaldo 27 De Febrero,1401
13020101002,Buenos Aires,1401
13020101003,Los Laureles,1401
13020101004,El Centro Del Pueblo,1401
13020101005,El Progreso,1401
13020101006,Boca De Pato,1401
13020101007,Popular,1401
13020101008,El Tornado,1401
13020101009,Los Pinos,1401
13020101010,El Millon,1401
13020101011,La Colina De Los Pomos,1401
13020101012,El Cercado,1401
13020101013,Las Praderas Del Rio,1401
13020101014,Arroyo Arriba,1401
13020101015,Lindo,1401
13020101016,El Gajo O Mirador Norte,1401
13020101017,La Altagracia,1401
13020101018,Los Peynado,1401
13020101019,Santiago Apostol O San Pedro,1401
13020101020,Colonia Española,1401
13020102001,La Cienaguita,1401
13020102002,El Puente,1401
13020102003,La Culata,1401
13020102004,Don Miguel,1401
13020102005,El Arenaso,1401
13020102006,Arroyo Hondo,1401
13020102007,La Sabana Del Sur,1401
13020102008,Los Almendrales,1401
13020102009,Los Cayetanos,1401
13020102010,El Pino De Las Siete Hojas,1401
13020102011,Arroyo Naranjo,1401
13020102012,Los Corralitos,1401
13020102013,El Chorro,1401
13020102014,Fundo Viejo,1401
13020102015,La Cienaga,1401
13020102016,El Limon,1401
13020102017,Los Caños,1401
13020102018,Las Auyamas,1401
13020102019,Los Limoncitos,1401
13020102020,Pinar Parejo,1401
13020103001,Las Auyamas,1401
13020103002,La Colonia Japonesa,1401
13020103003,Pinar Bonito,1401
13020103004,El Valle,1401
13020103005,Colonia Kennedy,1401
13020103006,La Secadora,1401
13020201001,La Mina,1401
13020201002,Tireo Al Medio O La Secadora,1401
13020201003,Tireo Arriba,1401
13020201004,Tireo Abajo,1401
13020202001,Paragua,1401
13020202002,Monte Llano,1401
13020202003,Cruz De Cuaba,1401
13020202004,Suriel,1401
13020202005,El Chicharron,1401
13020202006,La Escuchadera,1401
13020202007,La Canelilla,1401
13020202008,El Cafe,1401
13020203001,Arroyo Frio,1401
13020203002,La Cienaga,1401
13020203003,Rio Abajo,1401
13020203004,Jima (Cristo Rey),1401
13020204001,La Descubierta,1401
13020204002,Arroyo Bonito,1401
13020204003,La Yegua,1401
13020204004,Las Nueces,1401
13020204005,Jima,1401
13020204006,La Castilla,1401
13020204007,Arenoso,1401
13020205001,Las Palmas O Las Palomas,1401
13020205002,Villa Cafetalera,1401
13020205003,El Arroyazo (Arroyo Del Toro),1401
13020205004,Arroyo Prieto,1401
13020205005,La Angostura,1401
13020205006,La Novilla O Villa Esperanza,1401
13020205007,Las  Palmas  Arriba,1401
13020206001,El Rio,1401
13020206002,El Majagual,1401
13020206003,La Cotorra,1401
13020206004,Los Sanchez,1401
13020206005,La Cumbre,1401
13020206006,La Pelada,1401
13020206007,La Joya De Paulino,1401
13020206008,Las Auyamas,1401
13020206009,El Pomito,1401
13020206010,La Novilla,1401
13020206011,Arenosito O Arenoso Arriba,1401
13020206012,El Cercado,1401
13020207001,La Guamita,1401
13020207002,Palerito,1401
13020207003,Tireo Abajo,1401
13020207004,Los Frios,1401
13020207005,La Novilla,1401
13020207006,Pinalito,1401
13020207007,El Naranjo,1401
13020207008,Los Amaceyes,1401
13020207009,La Playa,1401
13020207010,El Botao,1401
13020207011,Montellano,1401
13020207012,Arroyo Yaya,1401
13020207013,Portezuelo,1401
13020301001,Villa Sabina,1401
13020302001,Cachaza,1401
13020302002,El Tapion,1401
13020302003,Los Guineos,1401
13020302004,El Gramaso,1401
13020302005,El Cajon,1401
13020302006,Los Cerros,1401
13020303001,Cerro Del Monte,1401
13020303002,Palero Almonte,1401
13020303003,Palero O Los Higos,1401
13020303004,El Memiso O El Mimero,1401
13020303005,El Valle,1401
13020303006,Cañada Seca,1401
13020304001,Gajo Del Mulo O Villa De La Montaña,1401
13020304002,Santa Ana O Barrio Santa Ana,1401
13020304003,Barrio Duarte,1401
13020304004,Guaricano O Jarro Sucio,1401
13020304005,Gajo Del Mulo,1401
13020305001,El Convento,1401
13020305002,Rio Grande,1401
13020305003,Los Castillos,1401
13020305004,Monte Llano,1401
13020305005,La Silverio,1401
13020305006,Sonador,1401
13020305007,Pinar Parejo,1401
13020305008,Villa Los Pajones,1401
13020305009,Vallecito O Valle Nuevo,1401
13020305010,Sabana Sin Provecho-Alto Bandera,1401
13020305011,Sabana Queliz,1401
13020305012,El Convento Nizao-La Nevera,1401
13030101001,Yerba Buena,1402
13030101002,La Jabilla,1402
13030101003,Cristo Rey O La Cachaza,1402
13030101004,Urbanizacion Cerro Alto,1402
13030101005,Los Candelarios,1402
13030101006,Rincon,1402
13030101007,Colonia De Los Pomos O Toñito Batista,1402
13030101008,La Joya Ii,1402
13030101009,Urbanizacion Pinar Dorado,1402
13030101010,La Joya I,1402
13030101011,La Trinchera,1402
13030101012,Domingo Savio,1402
13030101013,La Colonia Agraria,1402
13030101014,Tavito,1402
13030101015,Don Bosco,1402
13030101016,Pueblo Nuevo,1402
13030101017,Doctor Elias Santana,1402
13030101018,Blanco O Belarminio Ramirez,1402
13030101019,Negro,1402
13030101020,Venecia,1402
13030101021,La Plaza,1402
13030101022,Altos Del Yaque,1402
13030101023,Rosa Mistica,1402
13030101024,Urbanizacion Rincon,1402
13030101025,Los Corralitos,1402
13030101026,El 2,1402
13030101027,Mirador Del Jimenoa,1402
13030101028,La Quebrada,1402
13030101029,Los Pomos,1402
13030101030,El Floron,1402
13030101031,Villa Balaguer O Proyecto Yerbabuena,1402
13030101032,Urbanizacion Proyecto Dilone,1402
13030101033,Rescate 94,1402
13030101034,Medina,1402
13030101035,Residencial Don Luis,1402
13030102001,La Travesia Del Mulo,1402
13030102002,La Yautia,1402
13030102003,Pinar Quemado,1402
13030102004,La Lomita,1402
13030102005,Palo Blanco,1402
13030102006,La Guazara,1402
13030102007,La Pelada,1402
13030102008,Arroyo Cercado,1402
13030103001,Los Cafeses,1402
13030103002,Cerro Redondo,1402
13030103003,Angosto,1402
13030103004,La Cana,1402
13030103005,Cañada Prieta,1402
13030103006,Mata Cadillo,1402
13030103007,Corocito,1402
13030103008,Los Auquelles,1402
13030104001,Boma,1402
13030104002,Arroyo Verraco,1402
13030104003,La Peña,1402
13030104004,Juana Alvarez,1402
13030104005,Balcon De Estancita,1402
13030104006,Los Pomos,1402
13030104007,Estancita,1402
13030104008,Los Hoyitos,1402
13030104009,Las Taranas,1402
13030105001,El Salto De Jimenoa,1402
13030105002,Ojo De Agua,1402
13030105003,Los Arroyos,1402
13030105004,Pedregal,1402
13030106001,Jumunuco,1402
13030106002,Arroyo Bonito,1402
13030106003,Loma Negra,1402
13030106004,Arenoso,1402
13030106005,Yabacao,1402
13030106006,Guanajuma,1402
13030106007,Montazos De Arroyo Bonito,1402
13030106008,Amaceyal,1402
13030106009,Los Pasos,1402
13030106010,Las Animas,1402
13030106011,Los Josaderos,1402
13030106012,Las Cabirmas,1402
13030106013,Rancho Del Rio Guanajuma,1402
13030106014,Llano Del Higo,1402
13030106015,Llano De Jumunuco,1402
13030106016,Los Montazos,1402
13030106017,Compadre Pascual,1402
13030106018,Arroyo Claro,1402
13030106019,Las Calabazas,1402
13030107001,El Paso De La Majaguita,1402
13030107002,Potro Rabon,1402
13030107003,Los Ranchitos,1402
13030107004,Los Corozos,1402
13030107005,La Cienaguita,1402
13030107006,Pinar Del Yaque (La Piña),1402
13030107007,Vera Del Yaque,1402
13030108001,La Pista,1402
13030108002,Redondo,1402
13030108003,Masipedro,1402
13030108004,La Manacla,1402
13030108005,Los Saltaderos,1402
13030108006,El Guayabo,1402
13030108007,La Golondrina,1402
13030108008,La Sal,1402
13030108009,La Peña,1402
13030108010,La Frisa,1402
13030108011,Arroyo Ancho,1402
13030108012,La Jagua,1402
13030108013,La Pocilga,1402
13030108014,Arroyo La Vaca,1402
13030108015,Arroyo La Pista,1402
13030108016,Paso Bajito,1402
13030108017,Loma De La Sal,1402
13030108018,Palma Sola,1402
13030201001,Buena Vista,1402
13030202001,Limonal,1402
13030202002,Mata Gorda,1402
13030202003,El Salto,1402
13030202004,Los Capacitos,1402
13030202005,El Anon,1402
13030202006,Hotel Montaña (El Puerto),1402
13030202007,La Atolladera,1402
13030202008,Mata De Platano,1402
13030202009,El Cacao,1402
13030203001,Honduras,1402
13030203002,La Cigua,1402
13030203003,La Tarana,1402
13030203004,Hato Viejo Arriba,1402
13030203005,Hato Viejo,1402
13030203006,Los Azules,1402
13030204001,La Ceniza,1402
13030204002,La Sabana,1402
13030204003,Hatillo,1402
13030204004,La Guama Abajo,1402
13030204005,La Caoba,1402
13030204006,Guachupita,1402
13030204007,La Guama Arriba,1402
13030204008,Crucero,1402
13030204009,La Ceiba,1402
13030205001,Los Cateyes O Los Catorce,1402
13030205002,Piedra Blanca,1402
13030205003,Sabaneta,1402
13030205004,Manaclas,1402
13030206001,Piedra Blanca,1402
13030206002,Los Higos,1402
13030206003,La Joya,1402
13030206004,Las Auyamas,1402
13030206005,Ovendo,1402
13030206006,Boca De Los Rios,1402
13030206007,La Guamita Presa De Yegua,1402
13030301001,Manabao,1402
13030302001,Rancho Del Rio,1402
13030302002,Los Calabazos,1402
13030302003,La Cortina,1402
13030302004,El Dulce O Arroyo Dulce,1402
13030302005,El Bolo O La Pelea,1402
13030302006,Josafa,1402
13030302007,El Manguito O Zumbador,1402
13030302008,Tiesto De Plato O La Cotorra,1402
13030302009,La Paloma,1402
13030302010,Los Dajaos,1402
13030302011,Cañada Amarga,1402
13030302012,Paso De La Majaguita O La Margarita,1402
13030302013,La Majaguita,1402
13030302014,Los Marranitos,1402
13030302015,Piedra Llana,1402
13030303001,Cienaga,1402
13030303002,Mata De Limon,1402
13030303003,Paso De La Perra,1402
13030303004,La Peñita,1402
13030303005,Joya De Ramon,1402
13030303006,El Tetero,1402
13030303007,El Higo,1402
13030303008,Arroyo Frio,1402
13030303009,El Arraigan,1402
13030303010,Los Tablones,1402
13030303011,Boca De Los Rios,1402
13030303012,Arroyo De Los Muertos,1402
13030304001,Pino Del Rayo,1402
13030304002,Arroyo Del Rancho,1402
13030304003,La Joya O La Joya Del Tetero,1402
13030304004,"La Redonda (Tierra Colarada, El Abanico)",1402
13030304005,La Angostura,1402
13030304006,Pajarito,1402
13030304007,Mata De Cafe,1402
13040101001,Centro Del Pueblo,1403
13040101002,Villa Consuelo,1403
13040101003,La Colonia,1403
13040101004,Rafael Cruceta,1403
13040101005,Villa Margarita,1403
13040101006,Maria Auxiliadora,1403
13040102001,La Frontera,1403
13040102002,Los Cerros,1403
13040102003,Pico Alto,1403
13040102004,Los Quemaitos,1403
13040102005,Los Samanes,1403
13040102006,El Canal De La Miseria,1403
13040102007,La Factoria,1403
13040102008,La Romana,1403
13040102009,Presa De Rincon,1403
13040103001,El Higo,1403
13040103002,Jima Arriba,1403
13040103003,Las Escobas,1403
13040103004,La Lometa,1403
13040103005,Los Corozos,1403
13040103006,Rio Chiquito,1403
13040103007,Los Rincones,1403
13040103008,La Cuarenta,1403
13040103009,Los Patos,1403
13040103010,La Guanabana,1403
13040104001,La Factoria,1403
13040104002,Batey Badia,1403
13040104003,La Joya,1403
13040104004,El Alto Del Polvo,1403
13040104005,La Boca De Jima,1403
13040104006,San Bartolo (Bartolome),1403
13040201001,Rincon,1403
13040202001,La Ceibita,1403
13040202002,La Jaguita,1403
13040202003,El Tamarindo,1403
13040203001,Calabacito,1403
13040203002,La Soledad,1403
13040203003,Villa Canal,1403
13040204001,El Caliche,1403
13040204002,La Guama De Junumuce,1403
13040204003,Junumuce,1403
13040204004,Puerto Arturo,1403
13040204005,La Bruja,1403
13040204006,Haiti,1403
13040204007,El Algarrobo O Acapulco,1403
13040204008,El Cercado,1403
13040204009,Controba O Borinquen,1403
13010101001,San Martin Ii,1404
13010101002,Napoles,1404
13010101003,X,1404
13010101004,Quinto Patio,1404
13010101005,Villa Real,1404
13010101006,Induveca,1404
13010101007,San Martin I,1404
13010101008,El Campito,1404
13010101009,El Tanque,1404
13010101010,Maria Auxiliadora,1404
13010101011,Las Carmelitas,1404
13010101012,Nibaje,1404
13010101013,El Hatico,1404
13010101014,Altos Del Hatico,1404
13010101015,La Primavera,1404
13010101016,Villa Holywood,1404
13010101017,Los Multifamiliares,1404
13010101018,Villa Francisca,1404
13010101019,La Laguna,1404
13010101020,Arenoso,1404
13010101021,Soto,1404
13010101022,Santo Domingo,1404
13010101023,Ciudad Universitaria,1404
13010101024,Villa Margarita,1404
13010101025,Gamundi,1404
13010101026,Santo Domingo Savio,1404
13010101027,Don Bosco,1404
13010101028,Guarionex,1404
13010101029,Villa Rosa,1404
13010101030,Juan Pablo Duarte,1404
13010101031,Puerto Rico,1404
13010101032,Los Barrancones O Conani,1404
13010101033,Nuevo,1404
13010101034,Residencial Don Zoilo,1404
13010101035,La Sabana,1404
13010101036,Ponton Abajo,1404
13010101037,Las Maras,1404
13010101038,Los Pomos,1404
13010101039,El Higuero,1404
13010101040,Villa Espinal,1404
13010101041,Villas Carolina,1404
13010101042,Carolina,1404
13010101043,Residencial Armida,1404
13010101044,Ponton,1404
13010101045,Villa Lora,1404
13010101046,Palmarito,1404
13010101047,Enriquillo O Residencial Santana,1404
13010101048,El Pinito,1404
13010101049,Hatico De Jeremias,1404
13010101050,Jeremias,1404
13010102001,Maguey,1404
13010102002,Bacui Al Medio,1404
13010102003,Las Uvas,1404
13010102004,Las Cinco Esquinas,1404
13010102005,El Rodeo,1404
13010102006,La Palmita,1404
13010102007,El Mamoncito,1404
13010102008,Sabana De Los Jimenez,1404
13010102009,El Capacito,1404
13010102010,Bacui Arriba,1404
13010102011,Bacui Adentro,1404
13010103001,Bacui Abajo,1404
13010103002,Barranca,1404
13010103003,Monte Plata,1404
13010103004,Las Yerbas,1404
13010103005,Verruguete,1404
13010103006,Los Hoyos,1404
13010103007,Jagua Dulce,1404
13010103008,Toro Cenizo,1404
13010104001,Monte Grande,1404
13010104002,Las Cruces,1404
13010104003,Las Guaranitas,1404
13010104004,El Higuero,1404
13010104005,Joa,1404
13010104006,Cercado Alto,1404
13010104007,Yami,1404
13010104008,El Higo,1404
13010104009,Monte Llano,1404
13010105001,Arenoso,1404
13010105002,Las Martinez,1404
13010105003,Los Callejones,1404
13010105004,Los Mota,1404
13010105005,Guaco(La Piñita),1404
13010105006,Guaco La Pista,1404
13010105007,La Lomita De Guaco,1404
13010105008,Loma De Los Angeles,1404
13010105009,Rio Seco,1404
13010105010,Soto,1404
13010105011,Las Pocilgas,1404
13010105012,Los Hornos,1404
13010105013,Carrera De Palmas,1404
13010105014,Santo Cerro,1404
13010105015,San Francisco,1404
13010105016,Pozo Del Bejuco,1404
13010105017,Guaco Los Frias,1404
13010105018,Burende,1404
13010105019,Los Valerio,1404
13010105020,Los Corozos,1404
13010105021,Los Suarez,1404
13010106001,Cabirmota,1404
13010106002,Pozo Colorado,1404
13010106003,La Cidra,1404
13010106004,Arenoso,1404
13010106005,Botija De Jimayaco,1404
13010106006,Botija De Cabirmota,1404
13010106007,Jimayaco Arriba,1404
13010106008,Jimayaco Abajo,1404
13010106009,Jimayaco,1404
13010109001,Guarey Arriba,1404
13010109002,El Faro,1404
13010109003,Arroyo Ancho,1404
13010109004,Los Guanabanos,1404
13010109005,Arroyo Amarillo,1404
13010109006,Guaigui,1404
13010109007,Guarey,1404
13010110001,Los Rieles,1404
13010110002,Las Yayas Adentro,1404
13010110003,Jamo Arriba O Jamo Afuera,1404
13010110004,Jamo La Barranquita,1404
13010110005,Jamo Jardeta,1404
13010110006,Las Yayas Afuera,1404
13010110007,Las Hoyitas,1404
13010110008,La Carmona,1404
13010111001,El Quemado,1404
13010111002,La Penda,1404
13010111003,Rancho Viejo,1404
13010111004,La Torre,1404
13010111005,El Caimito Afuera,1404
13010111006,El Caimito Adentro,1404
13010111007,El Caimito Abajo,1404
13010112001,La Cidra,1404
13010112002,Las Cabuyas,1404
13010112003,Los Guayos,1404
13010112004,La Catalina,1404
13010112005,La Cuarenta,1404
13010112006,La Privada,1404
13010112007,Los Ornes O Reforma,1404
13010112008,Sabana Rey Abajo Las Cabuyas,1404
13010114001,Hoya Grande O Las Tablitas,1404
13010114002,La Rafaela,1404
13010114003,Licey,1404
13010114004,Las Totumas O Los Tocones,1404
13010114005,Rancho Abajo,1404
13010114006,Colon,1404
13010114007,Monte Adentro,1404
13010115001,Ponton,1404
13010115002,Hoya  Cautiva,1404
13010115003,Terrero,1404
13010115004,Aguas Altas,1404
13010115005,El Siete,1404
13010115006,Sabana De Ponton,1404
13010115007,Ramada,1404
13010115008,Guanabano,1404
13010115009,Miranda,1404
13010115010,Las Manaclitas,1404
13010115011,El Algarrobo,1404
13010115012,El Pino,1404
13010116001,Sabaneta O El Puente,1404
13010116002,El Pinito De Los Jimenez,1404
13010116003,Matanzas,1404
13010116004,Rancho Viejo,1404
13010116005,Palmarejo,1404
13010116006,Maguey,1404
13010117001,Las Canas,1404
13010117002,La Estancia,1404
13010117003,Las Canas Arriba,1404
13010117004,La Brusca,1404
13010117005,La Loma,1404
13010117006,El Higo,1404
13010117007,La Mina,1404
13010117008,Las Canas Abajo,1404
13010201001,Cutupe,1404
13010201002,Vista Bella,1404
13010201003,Sabana Larga O Villas Tilin,1404
13010201004,El 11 De Cutupe,1404
13010201005,Los Profesores,1404
13010202001,Arroyo Hondo Arriba,1404
13010202002,Arroyo Hondo Abajo,1404
13010202003,Los Quezada,1404
13010202004,La Jabilla,1404
13010202005,Bonagua Los Sirices,1404
13010203001,Bonagua,1404
13010203002,El Llano,1404
13010203003,El Caimito,1404
13010203004,Romero,1404
13010203005,La Palmita,1404
13010204001,El Mirador,1404
13010204002,Monte Adentro,1404
13010204003,El Azucey,1404
13010204004,Los Hoyos,1404
13010204005,Jababa,1404
13010204006,Sabaneta,1404
13010205001,El Naranjal,1404
13010205002,Las Arenas,1404
13010205003,La Cruz Del Naranjal,1404
13010205004,El Tranche,1404
13010205005,El Naranjal Adentro,1404
13010206001,Pueblo Viejo,1404
13010206002,El Aljibe,1404
13010206003,Colorao,1404
13010206004,Los Suarez,1404
13010206005,La Vereda,1404
13010206006,El Ranchito,1404
13010207001,Rio Verde Abajo O Los Muñoces,1404
13010207002,La Lima,1404
13010207003,Las Cañas,1404
13010207004,Las Escobas,1404
13010207005,Los Placeres,1404
13010207006,El Alto Del Gallo,1404
13010207007,El Zumbio,1404
13010207008,Cazabito,1404
13010208001,Rio Verde Arriba,1404
13010208002,Caguey,1404
13010208003,Manga Larga Arriba,1404
13010208004,Manga Larga Abajo,1404
13010208005,La Destiladera,1404
13010208006,El Caliche,1404
13010208007,La Sabana De Rio Verde,1404
13010208008,Los Basora,1404
13010301001,Maria Trinidad Sinchez O El Semillero,1404
13010301002,Centro Del Pueblo,1404
13010301003,Ranchito Abajo O El Baden,1404
13010301004,Zafarraya,1404
13010301005,Urbanizacion  Doña Miledys,1404
13010302001,La Esquina,1404
13010302002,Hato Viejo,1404
13010302003,La Tina,1404
13010302004,Sabana Rey Arriba,1404
13010302005,La Romera,1404
13010302006,El Reco,1404
13010302007,Los Ranchos,1404
13010302008,Paso Astacio,1404
13010302009,La Otra Vera O Los Cruces,1404
13010302010,La Meseta,1404
13010302011,Los Gallardos,1404
13010302012,Los Rincones,1404
13010303001,Ranchito Abajo,1404
13010303002,La Reforma,1404
13010303003,Los Solares U Orlando Martinez,1404
13010303004,El Baden,1404
13010304001,La Rosa,1404
13010304002,Los Samanes,1404
13010401001,La Jina Hueca,1404
13010402002,Loma Del Coco,1404
13010402003,El Jobo,1404
13010402004,Conuco Viejo,1404
13010402005,El Morro,1404
13010402006,La Jaguita,1404
13010402007,Tavera,1404
13010402008,La Cabra,1404
13010402011,Poblado De Taveras,1404
13010402012,Los Ranchos De Taveras,1404
13010403001,La Cigua,1404
13010403002,Llanada Al Medio,1404
13010403005,La Sabana,1404
13010403006,La Tala,1404
13010403008,Alto Del Jobo,1404
13010403009,El Fundo,1404
13010403010,El Pino,1404
13010403011,La Cuaba,1404
13010403012,Los Jengibres,1404
13010404002,Los Indios,1404
13010404003,La Cotorra,1404
13010404004,El Aguacate,1404
13010404005,El Colorado,1404
13010404006,El Capa,1404
13010404007,Lomita Larga,1404
13010404008,Jagua Gorda,1404
13010404009,Loma Firme,1404
13010404010,Rancho La Vaca,1404
13010404011,La Monja,1404
13010404012,Velazquito,1404
13010404013,Los Limones,1404
13010404014,Loma Sucia,1404
13010404015,Palero,1404
13010404016,La Piña,1404
13010404017,Loma De La Palma,1404
13010404018,El Añil,1404
13010404019,Las Cruces,1404
13010404020,Los Camarones,1404
13010404021,La Ahumada,1404
13010404022,El Cafe,1404
13010404023,El Bejucal,1404
13010404024,El Mameyito,1404
13010405001,Los Guineos,1404
13010405002,El Mamey,1404
13010405003,La Guardarraya,1404
13010405004,Mocan Campana,1404
13010405005,Mocan,1404
13010405006,Jaguey,1404
13010405007,Los Peladeros,1404
13010405008,Yabanal,1404
13010405009,Los Rincones,1404
13010405010,Pozo Hondo,1404
13010405011,Ceiba Gorda,1404
13010405014,El Mameyito,1404
13010405015,El Desecho,1404
13010405018,El Laurel,1404
14020101001,Centro Del Pueblo,1501
14020101002,Residencial  Maria,1501
14020101003,Doña Luisa,1501
14020101004,Residencial Brismar O Brisas Del Mar,1501
14020101005,La Aviacion,1501
14020101006,Residencial Federico Linares,1501
14020101007,Residencial Brisas Del Atlantico,1501
14020101008,Residencial Roque Neñez,1501
14020101009,El Naranjito,1501
14020101010,El Jamo,1501
14020102001,Preciosa De Mora,1501
14020102002,Playa Navio,1501
14020102003,Los Romedillos,1501
14020102004,Loma Blanca,1501
14020102005,Abreu,1501
14020102006,El Breton,1501
14020102007,Catalina Abajo,1501
14020102008,El Puerto,1501
14020102009,Caya Clara,1501
14020102010,El Naranjito,1501
14020102011,Media Gorra,1501
14020102012,Los Novillos O Las Abejas,1501
14020102013,Laguna Honda,1501
14020102014,Las Escobas,1501
14020102015,Loma De La Jagua,1501
14020102016,El Zapote,1501
14020102017,El Cruce De La Palma,1501
14020102018,Jina Clara,1501
14020102019,Los Hoyos,1501
14020102020,Los Cavori,1501
14020102021,Las Cabirmas,1501
14020102022,Cañada Mala,1501
14020102023,Buena Agua,1501
14020102024,Jobo Dulce,1501
14020102025,Recodo,1501
14020102026,El Catuan,1501
14020102027,Los Guaos,1501
14020102028,Loma Del Burro,1501
14020102029,Las Cuatro Esquinas,1501
14020102030,Catalina Arriba,1501
14020102031,La Peonia,1501
14020102032,Pozo Del Higo,1501
14020102033,Loma Del Caballo,1501
14020102034,El Saltadero,1501
14020102035,Guao Abajo,1501
14020102036,Picado Cidor,1501
14020102037,Jobo Dulce O La Pionia,1501
14020102038,Loma Blanca O La Peonia,1501
14020103001,El Pujador O Jaguita,1501
14020103002,Caño Azul De Salomon,1501
14020103003,La Jagua,1501
14020103004,El Palito,1501
14020103005,Santa Maria,1501
14020103006,Jobo Claro,1501
14020103007,Sector Mella,1501
14020103008,San Jose Pastrana,1501
14020103009,Bejuco Alambre,1501
14020103010,Laguna Del Remblazo,1501
14020103011,La Bejucura,1501
14020103012,La Flaca,1501
14020104001,El Diamante,1501
14020104002,La Cruz,1501
14020104003,La Llanada,1501
14020104004,Juan Gomez,1501
14020104005,Loma Alta,1501
14020104006,Los Valles,1501
14020104007,Los Canjilones,1501
14020104008,Pozo Prieto,1501
14020104009,El Jamo,1501
14020201001,Payita O Centro Del Pueblo,1501
14020201002,Los Solares,1501
14020201003,Santa Ana,1501
14020201004,Los Placeres,1501
14020202001,Baoba Del Piñal,1501
14020202002,Linea 15,1501
14020202003,Vista Linda,1501
14020202004,Pueblo Nuevo,1501
14020202005,La Central (Arroyo Salado),1501
14020202006,Los Pajuiles,1501
14020202007,Ochoa,1501
14020202008,Los Higos,1501
14020203001,San Isidro,1501
14020203002,Caño Bejuco,1501
14020203003,Cañada Arenosa,1501
14020203004,Barrio El Carmen (Tierra De Pulguita),1501
14020203005,La Legamosa,1501
14020204001,Payita,1501
14020204002,Los Placeres,1501
14020204003,La Ceiba,1501
14020204004,Los Pajones,1501
14020204005,Puerto Rico A Pie,1501
14020205001,San Rafael,1501
14020205002,Barrio El Puente (Caño Claro),1501
14020205003,Ojo De Agua,1501
14020205004,La Milagrosa O Proyecto San Miguel,1501
14020205005,La Cueva,1501
14020301001,La Entrada,1501
14020302001,Caño Azul De Colorado,1501
14020302002,Las Abejas,1501
14020302003,La Vereda,1501
14020302004,Pozo Amarillo,1501
14020302005,Pozo Arenoso,1501
14020302006,El Brocal,1501
14020302007,El Bajao (Los Puentes),1501
14020302008,Loma Del Toro,1501
14020302009,La Virgen De La Piedra,1501
14020302010,Higo De Las Tres Piernas,1501
14020302011,La Entrada,1501
14020303001,La Capilla,1501
14020303002,El Cigual,1501
14020303003,Pozo Hondo,1501
14020303004,Los Pinitos,1501
14020303005,La Botija,1501
14020303006,Los Cacaos,1501
14020303007,El Callejon,1501
14020303008,Loma De Los Selectos,1501
14020303009,El Picao De Los Toritos,1501
14030101001,Factor Viejo,1502
14030101002,Pueblo Nuevo,1502
14030101003,El Hospital O Las Mercedes,1502
14030101004,El Barro,1502
14030101005,La Iglesia,1502
14030101006,El Abita,1502
14030101007,El Play O San Jose,1502
14030102001,Los Pomos,1502
14030102002,Vuelta Larga,1502
14030102003,Cinta Negra,1502
14030102004,El Papayo,1502
14030102005,El Higuero,1502
14030102006,El Jobito,1502
14030102007,Cuesta Colorada,1502
14030102008,La Peonia,1502
14030102009,Esquina Caliente,1502
14030102010,Altos Del Rancho,1502
14030103001,Los Pajones,1502
14030103002,Quebrada Fria,1502
14030103003,Caño De La Vaca,1502
14030103004,Piedra Blanca,1502
14030104001,El Barro,1502
14030104002,Palma Sola,1502
14030104003,El Telanza,1502
14030104004,Blanco,1502
14030105001,Los Indios,1502
14030105002,Higuerito,1502
14030105003,Higuerito Abajo,1502
14030105004,Higuerito Arriba,1502
14030105005,La Jibara,1502
14030201001,El Pozo,1502
14030201002,Los Limones,1502
14030201003,El Chucho,1502
14030202001,El Alto (Villa Flores),1502
14030202002,La Trocha,1502
14030202003,El Helechal (El Alto),1502
14030202004,Rabo De Chivo,1502
14030202005,La Cidra,1502
14030202006,Barrio La Yagua De La Trocha,1502
14030202007,La Grimosa,1502
14030202008,La Cimarra,1502
14030202009,La Pichinga,1502
14030203001,Madre Vieja,1502
24030103001,Came - Proyecto Canaan (El Baquetazo),2403
24030103003,Los Corozos (Cara Sucia),2403
24030103004,Don Juan,2403
14030203002,La Punta,1502
14030203003,Alto De Jalisco,1502
14030203004,Callejon De Los Mota,1502
14030203005,El Toro,1502
14030203006,La Factoria,1502
14030203007,La Guazara,1502
14030203008,La Candela,1502
14010101001,El Tanque,1503
14010101002,Libertad (El Guayo),1503
14010101003,La Capitalista,1503
14010101004,El Eden,1503
14010101005,San Marcos (Soldado Arriba),1503
14010101006,San Jose De Villa (Cumajon),1503
14010101007,Soldado Abajo,1503
14010101008,Pueblo Nuevo,1503
14010101009,Villa Iris,1503
14010101010,Centro Del Pueblo,1503
14010101011,Toro Cenizo,1503
14010101012,Rio Mar,1503
14010101013,Universitario,1503
14010101014,Residencial Miguel Abud,1503
14010101015,P.R.D.,1503
14010101016,Los Cacaitos,1503
14010101017,Quisqueyano,1503
14010101018,Roberto Fermin,1503
14010101019,Santisima Trinidad,1503
14010101020,Ensanche Jose Ramirez,1503
14010101021,Los Maestros,1503
14010101022,Luis Martin Hilario,1503
14010101023,Cementerio,1503
14010101024,Proyecto Nueva Nagua,1503
14010101025,Jose Lucas,1503
14010101026,La Pocilga O Duraliza Ulloa,1503
14010101027,Bella Vista,1503
14010101028,La Cruz,1503
14010101029,Buenos Aires,1503
14010101030,Proyecto Jose Francisco Peña Gomez,1503
14010101031,Residencial Doña Emma Balaguer,1503
14010101032,Residencial Vista Del Atlantico,1503
14010101033,Kilometro 3,1503
14010101034,Residencial Costa Verde,1503
14010101035,El Frenito,1503
14010101036,Urbanizacion Toni Lucas,1503
14010101037,Proyecto Sin Nombre,1503
14010101038,Urbanizacion Lora,1503
14010101039,Las Quinientas,1503
14010101040,La Laguna O Peña Bello,1503
14010101041,El Ferrocarril,1503
14010101042,Proyecto Mingoye,1503
14010101043,Cerros De La Bahia,1503
14010101044,Residencial Las Praderas,1503
14010101045,Callejon A.,1503
14010101046,Residencial Peña Bello,1503
14010102001,El Estero,1503
14010102002,Caño Blanco,1503
14010102003,La Senda,1503
14010102004,La Loma,1503
14010102005,Cruce Del Caño,1503
14010102006,La Represa,1503
14010102007,El Juncal,1503
14010102008,Los Cacaitos,1503
14010102009,Sabaneta,1503
14010201001,La Playa,1503
14010201002,Fogon Apagado,1503
14010201003,Los Suburbios,1503
14010201004,Nuevo,1503
14010201005,Centro Del Pueblo,1503
14010202001,Vietnam,1503
14010202002,El Aguacate De Vietnam,1503
14010202003,La Cejita,1503
14010202004,Ceja Del Jobo,1503
14010202005,La Ceja,1503
14010202006,Ceja De Los Castaños,1503
14010202007,El Tablon,1503
14010202008,Ceja De La Guamita,1503
14010203001,Cruce De Pescadero,1503
14010203002,Pescadero,1503
14010203003,Cruce De Rincon,1503
14010203004,Los Berrendos,1503
14010203005,La Lometa,1503
14010203006,Ponton,1503
14010203007,Las Garzas,1503
14010203008,Los Rieles De Molinillo,1503
14010203009,La Guama,1503
14010203010,La Lometica,1503
14010203011,Maltomacina,1503
14010203012,San Rafael,1503
14010203013,El Saldo,1503
14010204001,Poza De Bojolo,1503
14010204002,Los Yayales,1503
14010204003,Colorado,1503
14010204004,El Tope,1503
14010204005,El Anon,1503
14010204006,El Guayabo,1503
14010204007,El Naranjo,1503
14010204008,Cuba Libre,1503
14010204009,Arenoso,1503
14010204010,Matancita,1503
14010301001,Centro Del Pueblo O Alto De La Felicidad,1503
14010301002,El Caserio,1503
14010301003,La Changuela,1503
14010301004,Quebrada Amarilla,1503
14010301005,Canta Rana,1503
14010302001,La Lometa,1503
14010303001,La Senda,1503
14010303002,Bella Vista,1503
14010303003,Los Rincones De Boba,1503
14010303004,La Mata (Boba),1503
14010304001,Los Jengibres,1503
14010304002,Guayabito,1503
14010304003,Alemania,1503
14010304004,La Catalina,1503
14010304005,Los Cuervos,1503
14010304006,La Totuma,1503
14010304007,Laguna Del Caiman,1503
14010304008,Los Memizos,1503
14010304009,Las Totumas Abajo,1503
14010304010,El Higuero,1503
14010304011,Arroyo Sordo,1503
14010305001,Mata Bonita,1503
14010305002,Piragua,1503
14010305003,Mata Del Agua,1503
14010305004,El Tizon,1503
14010305005,Guarapo,1503
14010305006,Quebrada Amarilla,1503
14010306001,Caño De Los Naranjos,1503
14010306002,La Cienaga,1503
14010401001,Cruce De Arroyo Al Medio,1503
14010401002,Samana O Samana Tres Cuerdas,1503
14010402001,La Joya,1503
14010402002,El Cruce De Guayabo (El Cruce),1503
14010402003,El Guayabo,1503
14010402004,Los Cachimbos,1503
14010402005,Caño Teloso Abajo,1503
14010402006,Monte Llano,1503
14010402007,La Colmenas,1503
14010402008,Los Saecos,1503
14010402009,Sonador,1503
14010402010,Los Rincones,1503
14010402011,Caño Teloso Arriba,1503
14010403001,Rio Jagua O Placer Bonito,1503
14010403002,El Coil O Col,1503
14010403003,Los Chivos,1503
14010403004,La Mina,1503
14010403005,El Balata O Los Balataces,1503
14010403006,Los Anones,1503
14010403007,La Placeta,1503
14010403008,El Ramonal,1503
14010403009,Los Pajones,1503
14010403010,Rio Jagua Arriba,1503
14010403011,Peñoso,1503
14010403012,Los Oreganos,1503
14010403013,La Guasuma,1503
14010403014,El Calabazo,1503
14010404001,El Yayal,1503
14010404002,Sabana Del Yayal (Los Ranchos),1503
14010404003,Las Quince Mil,1503
14010404004,Los Pontones,1503
14010404005,Caño De Los Negros,1503
14010404006,Sabana Del Mono (La Sabana),1503
14010404007,Villa Altagracia (El Hoyito),1503
14010404008,La Palmita Arriba,1503
14010404009,El Drago,1503
14010404010,Villa Alegre,1503
14010404011,La Palmita Abajo,1503
14010404012,Los Cerros,1503
14010405001,Arroyo Al Medio Arriba,1503
14010405002,El Alto Del Cementerio,1503
14010405003,Los Fogones,1503
14010405004,La Curva (El Aguacate),1503
14010405005,Caya Clara,1503
14010405006,Las Corcobas,1503
14010405007,La Jagua,1503
14010405008,El Picao De Luis O Picado De Luis,1503
14010405009,Quebrada Honda,1503
14010405010,Los Toros,1503
14010405011,Majagual Abajo,1503
14010405012,El Palmar De Los Sanchez,1503
14010405013,La Pieza,1503
14010405014,Majagual,1503
14010405015,La Travesia,1503
14010405016,La Ciruela,1503
14040101001,Urbanizacion Aurora,1504
14040101002,Acapulco,1504
14040101003,Nueva York Chiquito,1504
14040101004,Las Flores,1504
14040101005,El Hospital,1504
14040101006,Buenos Aires,1504
14040101007,Centro Del Pueblo,1504
14040101008,Caña Amarga,1504
14040101009,El Eden,1504
14040101010,La Gallera Vieja,1504
14040101011,La Coquera,1504
14040101012,Urbanizacion Rosa Delia,1504
14040101013,Residencial Bella Colina,1504
14040101014,Santa Lucia,1504
14040102001,La Mozadera O La Hozadera,1504
14040102002,Los Cajuiles,1504
14040102003,La Puerta,1504
14040102004,El Caraqueño,1504
14040102005,Bobita Abajo,1504
14040102006,Bobita Al Centro,1504
14040102007,El Guano,1504
14040102008,Los Remolinos,1504
14040102009,Puerca Gorda,1504
14040102010,El Morrito,1504
14040102011,Jobo Claro,1504
14040102012,Arroyo Sabana,1504
14040102013,Los Pomos,1504
14040102014,El Copeyito,1504
14040102015,Carrasco,1504
14040102016,La Manigua,1504
14040102017,La Descubierta,1504
14040102018,Loma El Cafe,1504
14040102019,La Manteca,1504
14040102020,El Coquital,1504
14040102021,Puerca Gorda Del Firme,1504
14040102022,La Vigia,1504
14040102023,El Caracol,1504
14040102024,Los Palmaritos,1504
14040102025,Sabana La Puerta,1504
14040102026,Manigua Arriba,1504
14040102027,Batey Brugal,1504
14040102028,La Coyera,1504
14040102029,Las Ceibas,1504
14040102030,El Ranchito,1504
14040102031,Los Chirivicos,1504
14040103001,Laguna De Yerba O Josadera,1504
14040103002,Alto Del Macao,1504
14040103003,La Cubana,1504
14040103004,Pozo Prieto O Pozo Largo,1504
14040103005,Mata Puerco Arriba,1504
14040103006,Mata Puerco Abajo,1504
14040103007,Bejuco Alambre,1504
14040103008,La Caribe,1504
14040103009,La Novilla,1504
14040103010,Cuerno De Buey,1504
14040103011,Arroyo Grande,1504
14040103012,El Tablon,1504
14040103013,La Tierra,1504
19010102011,La Violeta,2201
19010102012,Jayabo Afuera,2201
19010102013,Los Tocones,2201
19010102014,El Caimito,2201
19010102015,La Majagua,2201
19010102016,Los Robles De Ojo De Agua,2201
19010102017,El Jobo,2201
19010102018,Sal Si Puedes,2201
19010102019,Jayabito,2201
19010102020,La Pailita,2201
19010102021,El Pico Del Aji,2201
19010102022,El Pistolar,2201
19010102023,Jayabo Adentro,2201
19010102024,La Lila,2201
19010102025,Loma Del Corral,2201
19010102026,Monte Adentro,2201
19010102027,La Cariñosa,2201
19010102028,Los Robles De Jayabo (La Cariñosa),2201
19010102029,La Bellaca,2201
19010103001,Los Cacaos,2201
19010103002,La Joya-La Jagua,2201
19010103003,Los Lanos,2201
19010104001,Palmar Abajo,2201
19010104002,La Calle,2201
19010104003,Palmarito,2201
19010104004,Palmarito Abajo,2201
19010104005,Palmar Arriba,2201
19010104006,Rancho Al Medio,2201
19010104007,Alto De Piedra,2201
19010104008,La Jabilla,2201
19010104009,El Zanjon,2201
19010104010,La Solao,2201
19010104011,Rancho Abajo,2201
19010104012,Rancho Arriba,2201
19010104013,Palmar,2201
19010201001,Montellano,2201
19010202001,Boca De Partido,2201
19010202002,Piedra Pegada,2201
19010202003,Los Pocitos,2201
19010202004,La Lagunita,2201
30030101001,Centro Del Pueblo,1001
30030101002,Los Maestros O Los Profesores,1001
30030101003,El Sano,1001
30030101004,Otra Banda,1001
30030101005,El Liceo,1001
30030101006,Vista Bella,1001
30030101007,Catanga,1001
30030101008,Capotillo,1001
30030101009,Lindo O Quija Quieta,1001
30030101010,Buenos Aires,1001
30030101011,Callejon Sur,1001
30030101012,La Colonia,1001
30030102001,La Loma Arenita,1001
30030102002,El Toro,1001
30030102003,La Filipina,1001
30030103001,Los Platanos,1001
30030103002,Puerto Alto,1001
30030103003,Rincon Fogon,1001
30030103004,Valle Viejo,1001
30030103005,Bella Vista O Loma Clara,1001
30030103006,Alto De La Piedra,1001
30030103007,Loma De La Yegua,1001
30030103008,Rio Chiquito,1001
30030103009,Loma Caballo,1001
30030103010,Pedro Pablo,1001
30030103011,Hoyo Oscuro,1001
30030103012,Guachiman,1001
30030103013,Tuningo,1001
30030103014,El Cabao,1001
30030103015,La Moledora,1001
30030103016,Buenos Aires,1001
30030103017,El Brinco,1001
30030103018,La Trocha De Laguna Clara,1001
30030104001,Kilometro 20,1001
30030104002,Colonia San Rafael,1001
30030104003,Kilometro 23,1001
30030104004,Las Piñitas,1001
30030104005,Jaguera,1001
30010101002,Puerto Rico,1002
30010101003,Punta Garza,1002
30010101004,Los Charleses,1002
30010101005,Gualey,1002
30010101006,Villa Canto,1002
30010101007,Lindo,1002
30010101008,Ondina,1002
30010101009,Los Multi,1002
30010101010,Media China,1002
30010101011,Los Cocos,1002
30010101012,La China O Villa Navarro,1002
30010101013,Las Malvinas,1002
30010101014,La Franja,1002
30010101015,La Plata,1002
30010101016,El Rondon,1002
30010101017,Genao,1002
30010101018,Nuevo,1002
30010101019,Vilorio,1002
30010102001,Yabano,1002
30010102002,La Sierra,1002
30010102003,Rincon Bellaco,1002
30010102004,Capote,1002
30010102005,Almirante,1002
30010102006,La Jina,1002
30010102007,Hoyoncito,1002
30010102008,Batey Rodeo,1002
30010102009,Batey Hoyon,1002
30010102010,Proyecto Uno,1002
30010102011,Batey Doña Ana,1002
30010102012,Batey Tabila,1002
30010102013,Las Taranas,1002
30010102014,Batey Altagracia,1002
30010102015,Batey Lajas,1002
30010102016,Batey Excavacion,1002
30010102017,El Higuito,1002
30010102018,Las Pajas,1002
30010102019,Batey Tabacones,1002
30010102020,Batey Don Lopez,1002
30010102021,El Pinto,1002
30010102022,Las Cuchillas,1002
30010102023,El Salto,1002
30010102024,El Blanco,1002
30010102025,Palma Espino,1002
30010102026,Batey Anita,1002
30010102027,Libonao,1002
30010102028,Los Cocos,1002
30010102029,La Lima,1002
30010102030,Mata Hambre,1002
30010102031,Guazumita,1002
30010102032,Batey Isabel,1002
30010102033,Rancho Cosme,1002
30010102034,Las Zonas (Mejia),1002
30010102035,Los Corrales,1002
30010102036,Rincon Dulce,1002
30010102037,Las Cañas,1002
30010102038,Mata Cabrito,1002
30010102039,Cambalache,1002
30010102040,Dos Rios,1002
30010102041,Capote Arriba,1002
30010103001,Yaya Clara,1002
30010103002,Lomita Sucia,1002
30010103003,La Peña,1002
30010103004,El Cercadito,1002
30010103005,Doña Ana Afuera,1002
30010103006,Doña Ana Adentro,1002
30010103007,Guanichita O Guamirita,1002
30010103008,La Soria (Kilometro 6),1002
30010103009,Kilometro 8,1002
30010103010,Kilometro 9,1002
30010103011,Rancho O Rancho Viejo,1002
30010103012,El Sorribo,1002
30010103013,Los Guayuyos,1002
30010103014,Kilometro 12,1002
30010103015,Las Palmillas,1002
30010103016,La Jagua,1002
30010103017,Santana,1002
30010103018,El Palmar,1002
30010103019,Manchado,1002
30010103020,Los Jibaros De Manchado,1002
30010103021,Los Jibaros,1002
30010103022,Loma De Consuelo,1002
30010103023,Arroyo Seco,1002
30010103024,Los Jibaros De Santana,1002
30010103025,Guamira,1002
30010103026,Juan Jimenez,1002
30010103027,Rodeo,1002
30010201001,Gilbraltar,1002
30010201002,San Nicolas,1002
30010201003,La Cerca,1002
30010201004,Rincon Bellaco,1002
30010202001,Boqueron,1002
30010202002,Sabana De Grande,1002
30010202003,Moña Gorra,1002
30010202004,Palmarejo,1002
30010202005,Las Claras,1002
30010202006,Loma Del Toro,1002
30010202007,Sudadero,1002
30010202008,Peña Alta,1002
30010202009,Jagua Caida,1002
30010202010,Arroyo Higuero,1002
30010202011,Gibraltar,1002
30010202012,Platanillo,1002
30010202013,Loma De Limon,1002
30010202014,Rincon Bellaco,1002
30010202015,Los Cacaos,1002
30010202016,San Nicolas,1002
30010202017,La Villita,1002
30010203001,Sabana Bruno,1002
30010203002,Los Fulgencios O Fulgenes,1002
30010203003,Aloncillo,1002
30010203004,La Piña,1002
30010203005,El Retiro,1002
30010203006,Las Blancas,1002
30010203007,El Mamon,1002
30010203008,Cerro Bohio,1002
30010203009,La Fuente,1002
30010203010,Cerro Adentro,1002
30010203011,El Guayabal,1002
30010203012,La Loma,1002
30010301001,Morquecho,1002
30010302001,Magua,1002
30010302002,La Peña,1002
30010302003,El Coco,1002
30010302004,Los Suarez,1002
30010302005,Las Lajitas,1002
30010302006,Bejucal,1002
30010302007,Mirador,1002
30010302008,La Orqueta,1002
30010302009,La Loma,1002
30010302010,Higuerito (Casa Colorada),1002
30010302011,La Plaza (Batey La Plaza),1002
30010302012,Mirador Arriba,1002
30010302013,Buenos Dias,1002
30010303001,Higuamo O Batey Higuamo,1002
30010303002,La Pringamosa (Pringamoza),1002
30010303003,Punta Afuera,1002
30010303004,Monte Coca,1002
30010303005,La Trepada,1002
30010303006,La Mora,1002
30010303007,El Cerro,1002
30010303008,La Jabilla,1002
30010303009,Rincon Largo,1002
30010303010,Los Soriano,1002
30010303011,La Toma,1002
30010303012,Los Vasquez,1002
30010303013,El Bote,1002
30010303014,La Lagañosa,1002
30010303015,Bonito,1002
30010303016,El Picado,1002
30010303017,Caimoni,1002
30010303018,La Piedra,1002
30010303019,La Lomita,1002
30010303020,Batey 6,1002
30010303021,Batey La Jagua,1002
30010303022,La Ceibita,1002
30010303023,Batey Constancia,1002
30010303024,Batey Amistades,1002
30010303025,Batey Barrancon,1002
30010303026,Batey Botecito,1002
30010303027,Monte Firme,1002
30010401001,Los Hatillos,1002
30010401002,Trepada Alta,1002
30010401003,La Bomba,1002
30010402001,Paso Cibao,1002
30010402002,San Valerio,1002
30010402003,Rodeo Polvo,1002
30010402004,Las Guaranas (Kilometro 4),1002
30010402005,Los Hatillos,1002
30010402006,Fio-Fio,1002
30010403001,Las Espinas,1002
30010403002,Paso Caribe,1002
30010403003,La Berraza (La Berrasa),1002
30010403004,Los Ranchos,1002
30010403005,Rancho Arriba,1002
30010403006,Rincon Solo,1002
30010403007,Batey Viejo,1002
30010403008,Los Algarrobos,1002
30010404001,Jalonga,1002
30010404002,Toronja,1002
30010404003,Galifete,1002
30010404004,El Pueblecito,1002
30010404005,La Loma,1002
30010404006,La Poza,1002
30010404007,Prudencio,1002
30010404008,Kilometro 25 Y 26,1002
30020101001,El Liceo,1003
30020101002,Catarey,1003
30020101003,El Hospital,1003
30020101004,San Carlos,1003
30020101005,Pueblo Abajo,1003
30020101006,Los Multifamiliares,1003
30020101007,Pueblo Arriba,1003
30020101008,Las Cinco Casitas,1003
30020101009,Los Dragones,1003
30020102001,La Ceja,1003
30020102002,Caño Hondo,1003
30020102003,Caño Salado,1003
30020102004,Palmarito,1003
30020102005,Yanigua,1003
30020102006,El Centro,1003
30020102007,Valle Real,1003
30020102008,Guineo Perdido,1003
30020102009,Arroyo Del Agua,1003
30020102010,Trepada Alta,1003
30020102011,Loma Clara,1003
30020102012,Arroyon,1003
30020102013,Los Cacaitos,1003
30020102014,Llanada Grande,1003
30020102015,Pueblo Viejo,1003
30020102016,Arroyo Negro,1003
30020102017,Arroyo Piedra,1003
30020102018,Tio Pepe,1003
30020102019,Cuba Libre,1003
30020102020,La Cruz,1003
30020102021,La Jaqueta,1003
30020102022,Escobar,1003
30020102023,Quintana,1003
30020102024,Sabana Rincon,1003
30020102025,Las Chamuscadas,1003
30020102026,El Brujo,1003
30020102027,El Caño,1003
30020102028,Sabana De Caño Hondo,1003
30020201001,Las Cañitas,1003
30020201002,Caña Grande,1003
30020202001,Capitan,1003
30020202002,Rio Arriba,1003
30020202003,Manaclitas,1003
30020202004,Magua,1003
30020202005,Cabeze,1003
30020202006,La Lissa,1003
30020202007,La Loma,1003
30020202008,La Cucurucha,1003
30020202009,La Vecina,1003
30020202010,El Mogote,1003
30020202011,Las Avispas,1003
30020202012,Dajao,1003
30020202013,Arroyo Hondo,1003
30020202014,Arroyo Rico,1003
30020202015,Loma Los Brazos,1003
30020202016,La Novilla,1003
30020202017,Madre Del Agua,1003
28010101013,Centro Del Pueblo,1601
28010101014,Ensanche La Fe,1601
28010101015,El Fundo O San Pedro,1601
28010101016,Residencial Don Mario,1601
28010101017,San Jose,1601
28010101018,La Villa,1601
28010101019,La Salvia,1601
28010101020,Las Flores,1601
28010101021,Los Platanitos,1601
28010101022,Villa Linda I,1601
28010101023,Mejoramiento Social,1601
28010101024,Los Tupamaros,1601
28010101025,Puerto Rico,1601
28010101026,Villa Liberacion,1601
28010101027,Agricola,1601
28010101028,Los Jardines,1601
28010101029,Maximo Gomez,1601
28010101030,Quisqueya,1601
28010101031,El Ocho,1601
28010101032,Los Heroes,1601
28010101033,Los Amapololos O Las Amapolas,1601
28010101034,Las Delicias,1601
28010101035,Las Mercedes,1601
28010101036,Residencial Granado,1601
28010102001,El Cercadillo,1601
28010102002,Los Jengibres,1601
28010102003,Yujo Abajo,1601
28010102004,Yujo,1601
28010102005,Caribe,1601
28010102006,Los Horcones,1601
28010102007,La Cuchilla,1601
28010102008,La Yautia,1601
28010102009,La Cienaga,1601
28010102010,Viejo Alejo,1601
28010102011,El Verde,1601
28010102012,Las Avispas,1601
28010102013,El Playon,1601
28010102014,Caño Claro,1601
28010102015,Hato Viejo,1601
28010102016,Los Arroyos,1601
28010102017,Barrancon (La Mina),1601
28010103001,Los Arroces Afuera,1601
28010103002,Los Arroces Adentro,1601
28010103003,Charco Prieto,1601
28010103004,Los Humanices O Los Anegadizos,1601
28010103005,Borojol Humanices,1601
28010103006,Cabirma Clara,1601
28010103007,Punta De Pino,1601
28010103008,Jima,1601
28010103009,Los Azufres,1601
28010103010,Loma Del Llano,1601
28010103011,El Jobo,1601
28010201001,Sabana Del Puerto,1601
28010202001,Palero Arriba,1601
28010202002,Palero Abajo,1601
28010202003,Los Quemados,1601
28010202004,Mata Puercos,1601
28010202005,Hoyo Del Toro,1601
28010202006,La Manaclita,1601
28010202007,Hoya Redonda,1601
28010202008,Arroyo El Pino,1601
28010202009,Los Aguacates,1601
28010202010,La Cotorra,1601
28010202011,Los Platanitos,1601
28010202012,Pedregal,1601
28010202013,La Sabana,1601
28010202014,La Cidra,1601
28010202015,La Atravesada,1601
28010202016,El Cruce,1601
28010202017,Miranda,1601
28010202018,Jayaquito,1601
28010202019,Fula,1601
28010202020,Caño Hondo,1601
28010202021,Cañabon,1601
28010202022,La Presa,1601
28010203001,La Zapa,1601
28010203002,La Zapa Arriba,1601
28010203003,Casabito,1601
28010203004,Jatubey,1601
28010203005,Blanco,1601
28010203006,El Abanico,1601
28010203007,La Vaca,1601
28010203008,Pringamosa,1601
28010203009,El Baden,1601
28010203010,Loma Prieta,1601
28010203011,Calle La Piedra,1601
28010203012,La Jaiba (Jima),1601
28010203013,Los Cacaos,1601
28010301001,Juma Adentro,1601
28010302001,San Isidro,1601
28010302002,Entrada De La Falconbridge,1601
28010302003,Bonaito,1601
28010302004,Salsal,1601
28010302005,Guamar,1601
28010302006,Cerro Montoso,1601
28010302007,Callejon Chino,1601
28010302008,Poblado De Juma,1601
28010302009,La Berengena (Berenjena),1601
28010302010,Bejucal,1601
28010302011,La Redonda,1601
28010302012,Plan Grande,1601
28010302013,Trabajo,1601
28010302014,Mirador,1601
28010303001,Boca De Juma,1601
28010303002,Los Barros,1601
28010303003,Caño Grande,1601
28010303004,Caracol,1601
28010303005,Boca De Yuboa,1601
28010303006,Rancho  Viejo (Rancho Nuevo),1601
28010303007,Palmarito,1601
28010304001,El Ocho,1601
28010304002,La Trocha,1601
28010304003,Hatico,1601
28010401001,Cruce De Arroyo Toro,1601
28010402002,Arroyo Dulce,1601
28010402003,El Callejon,1601
28010402004,La Cienaga,1601
28010402005,El Rincon,1601
28010402006,Las Nueces,1601
28010402007,Los Valerios,1601
28010402008,Rio Piedra,1601
28010402009,Colorado,1601
28010402010,El Humen,1601
28010402011,La Rinconada,1601
28010402012,Los Anones,1601
28010402013,Josesito,1601
28010402015,Jugadero,1601
28010402017,Arroyo Bonito,1601
28010402018,Arroyo Toro Al Medio,1601
28010402019,Arroyo Toro Abajo,1601
28010402021,La Yerba,1601
28010402022,Los Platanos,1601
28010402024,La Cieneguita,1601
28010402025,Piedra Gorda,1601
28010402026,Cañada De Agua,1601
28010402027,Arroyo Toro Arriba,1601
28010403001,Los Bleos,1601
28010403002,El Chorro,1601
28010403003,Higuerito,1601
28010403004,Mata Puercos,1601
28010403005,La Joya,1601
28010403006,Palma Clara,1601
28010403007,La Cabirma,1601
28010403008,Arroyo Corbinato,1601
28010403009,Alto Del Zamo,1601
28010403010,Arroyo Piyoyo,1601
28010403011,Masipedro,1601
28010403012,Yaso,1601
28010403013,Piyoyo,1601
28010404001,El Coco,1601
28010404002,Yaso Abajo (Arroyo Yabo),1601
28010404003,Yaso Arriba,1601
28010404004,Corbinato,1601
28010404005,Arroyo Frontino,1601
28010404006,Lengua Azul,1601
28010501001,Jayaco,1601
28010502001,Los Brazos,1601
28010502002,Cruce De La Ceiba,1601
28010502003,La Copla,1601
28010502004,Arroyo Majagual,1601
28010502005,Jayaco Arriba,1601
28010502006,El Abanico De La Ceiba,1601
28010502007,Caño Piedra I,1601
28010502008,Los Cauchos,1601
28010502009,Loma Prieta,1601
28010502010,La Base,1601
28010502011,Rabo De Chivo,1601
28010503001,Jayaco Abajo,1601
28010503002,Kilometro 100,1601
28010503003,Kilometro 101,1601
28010503004,El Yujo,1601
28010503005,El Cercado,1601
28010503006,Peñalo,1601
28010503007,Canabon (Kilometro 103),1601
28010503008,Puerto Rico,1601
28010601001,Los Quemados,1601
28010602001,Los Pedregones,1601
28010602002,Pino Del Yuna,1601
28010602003,Piedra De Los Veganos,1601
28010602004,El Torito,1601
28010602005,El Novillo,1601
28010602006,El Capaz,1601
28010602007,El Tanque,1601
28010602008,Joboban,1601
28010602009,Boca De Blanco,1601
28010602010,Arroyo Avispa,1601
28010602011,Loma Del Medio,1601
28010602012,Jurungo,1601
28010602014,Los Quemados,1601
28010602015,El Frio,1601
28010603001,Boca De Tireo,1601
28010603002,El Maco,1601
28010603003,El Colorado,1601
28010603004,Cienaguita Arriba,1601
28010603005,Rodeo,1601
28010603006,La Ceiba,1601
28010603007,El Higo,1601
28010603008,La Cuaba,1601
28010603009,El Candongo,1601
28010603010,El Pichon,1601
28010603011,Arroyo Atravesado Al Medio,1601
28010603012,La Vaca,1601
28010603014,Cienaguita Abajo,1601
28010603015,Los Guazaros,1601
28010603016,El Meche,1601
28010603017,El Mecherito,1601
28010603018,Los Pinitos,1601
28010603019,El Libro,1601
28010603020,Monteada Nueva,1601
28010603021,Los Cascarones,1601
28010603022,Blanco,1601
28010603023,Arroyo Caña,1601
28010603024,La Gritona,1601
28010603025,Los Jagueros,1601
28010603026,Los Capaces,1601
28010603027,La Goma,1601
28010604001,La Cueva,1601
28010604002,Los Pozos Blancos,1601
28010604003,Bejuco Aplastado,1601
28010604004,Los Palmaritos,1601
28020101001,Puerto Rico,1602
28020101002,Centro Del Pueblo,1602
28020101003,Juan Pablo Duarte,1602
28020101004,Venezuela,1602
28020101005,Buenos Aires,1602
28020101006,Los Pinitos,1602
28020101007,Los Transformadores,1602
28020101008,La Sabana,1602
28020101009,Vista Hermosa,1602
28020101010,Bella Vista,1602
28020101011,Parceleros,1602
28020102001,Hato Viejo,1602
28020102002,Batey Guano,1602
28020102003,Batey Maimon,1602
28020102004,La Mina,1602
28020102005,El Zinc,1602
28020102006,El Zinc  Abajo,1602
28020102007,El Corbano,1602
28020102008,El Cajuil,1602
28020103001,Los Martinez,1602
28020103002,Los Pinitos,1602
28020103003,Leonorita,1602
28020103004,La Sabana,1602
28020103005,El Pino (Los Mellizos),1602
28020103006,La Leonora,1602
28020103007,La Raiz,1602
28020103008,Copey,1602
28020103009,El Corozal,1602
28020103010,Sabana Enrique De Copey,1602
28030101001,Centro Del Pueblo,1603
28030101002,Nuevo,1603
28030101003,V Centenario,1603
28030101004,La Caridad,1603
28030101005,San Rafael,1603
28030101006,Buenos Aires,1603
28030101007,Las Flores,1603
28030101008,Los Multis,1603
28030102001,Arroyo Vuelta Arriba,1603
28030102002,La Cumbre Abajo,1603
28030102003,La Leonora,1603
28030102004,La Antena,1603
28030102005,La Facilidad,1603
28030102006,La Ceiba,1603
28030102007,El Algarrobito,1603
28030102008,Arroyo Majagua,1603
28030102009,Piedroso (Pedroso),1603
28030103001,Hoja Ancha,1603
28030103002,La Yabacoa O Batey Yabacoa,1603
28030103003,El Gaucho,1603
28030103004,Arroyo Palma,1603
28030103005,El Cinco (El 5),1603
28030103006,El Dos (El 2),1603
28030103007,La Lechuza,1603
28030103008,Madre Vieja,1603
28030103009,Arroyo Pomo-Paso De La Auyama,1603
28030103010,Loma Prieta,1603
28030103011,Yabacoa (El Atajadizo),1603
28030103012,El 77,1603
28030103013,El Corbano,1603
28030103014,La Jardeta,1603
28030104001,Rincon De Yuboa,1603
28030104002,Cerro Montoso,1603
28030104003,Blanco,1603
28030104004,La Ensenada Abajo -  Alto Del Naranjo,1603
28030104005,El Campamento,1603
28030104006,Munene,1603
28030104007,Quimbamba,1603
28030104008,La Ceibita,1603
28030104009,La Cuesta De La Vaca,1603
28030104010,Vigia,1603
28030201001,Sector A,1603
28030201002,Sector B,1603
28030202001,La Colonia,1603
28030202002,Mirador Arriba,1603
28030202003,Sonadorcito,1603
28030202004,Plan Grande,1603
28030202005,Julian Suardi,1603
28030202006,Lechoso,1603
28030202007,Finca Tony Rivera (Arroyo Sonador),1603
28030202008,Sonador,1603
28030202009,Los Almendros,1603
28030202010,Paso Del Capa,1603
28030203001,La Minita,1603
28030203002,Ingenio,1603
28030203003,Las Jardetas,1603
28030203004,El Palmar,1603
28030301001,Juan Adriin,1603
28030302001,El Zumbador,1603
28030302002,El Salto,1603
28030302003,Gajo De Las Flores,1603
28030302004,Vista Alegre,1603
28030302005,Puerto Rico,1603
28030302006,Los Pedregones,1603
28030302007,Zumbadorcito,1603
28030303001,Los Platanos,1603
28030303002,Zumbador Abajo,1603
28030303003,La Privada,1603
28030303004,Sector David,1603
28030303005,Arroyo Del Rancho,1603
28030303006,El Desvio,1603
28030303007,Arroyo Pomo,1603
28030304001,La Yautia,1603
28030304002,El Cacao,1603
28030304003,Kilometro 16,1603
28030304004,La Ensenada,1603
28030304005,Los Zanjones,1603
28030304006,El Llano,1603
15020101001,Castañuelas,1701
15020102001,El Ahogado,1701
15020102002,Finca Maule,1701
15020102003,Los Chichiguaos,1701
15020103001,Loma De Castañuelas,1701
15020103002,Jobo Corcovado,1701
15020104001,La Capitalita,1701
15020104002,Lozano,1701
15020104003,Punta De Garza,1701
15020201001,Palo Verde,1701
15020202001,El Vigiador,1701
15020202002,Molino Socias,1701
15020203001,La Magdalena,1701
15020203002,El Yaguarizo,1701
15020203003,Los Cajuiles,1701
15020204001,Hato Viejo,1701
15030103010,Guayubincito,1702
15030103011,El Charcon,1702
15030103012,El Mangal,1702
15030101001,Sal Si Puedes,1702
15030101002,Manzana De Oro,1702
15030101003,Canela,1702
15030101004,Gazcue,1702
15030101005,Santa Teresita,1702
15030101006,Monte Carmelo,1702
15030101007,Venecia,1702
15030102001,La Salada,1702
15030102002,Juan Gomez,1702
15030102003,Sabana,1702
15030102004,Villa Sinda,1702
15030102005,El Campamento,1702
15030103001,La Gata,1702
15030103002,Monte Abajo,1702
15030103003,Martin Garcia,1702
15030103004,El Guanito,1702
15030103005,Los Guamachos,1702
15030103006,La Vuelta,1702
15030103007,Machete,1702
15030103008,Cabeza De Toro,1702
15030103009,Vaca Vieja,1702
15030103013,Cayucal Abajo,1702
15030103014,Cayucal,1702
15030103015,La Antona,1702
15030103016,El Pocito,1702
15030103017,Villa Nueva,1702
15030103018,Bohio Viejo,1702
15030104001,Puerto Rico,1702
15030104002,Sabana Cruz,1702
15030104003,El Cayal,1702
15030104004,Haiti,1702
15030201001,Villa Elisa,1702
15030202001,El Copey,1702
15030202002,El Guayo,1702
15030202003,Los Limones,1702
15030203001,La Guajaca,1702
15030203002,La Breña,1702
15030203003,Sabana Bonita,1702
15030204001,Hato Del Medio Arriba,1702
15030204002,Hato Del Medio Adentro,1702
15030204003,Hato Del Medio Abajo,1702
15030204004,Villa Lobos Afuera,1702
15030204005,Villa Lobos Adentro,1702
15030204006,Rodeo O Rodero,1702
15030204007,Barranca Blanca,1702
15030205001,El Papayo,1702
15030205002,Agua De Las Palmas,1702
15030205003,Cuesta Corvada,1702
15030205004,Estero Balsa,1702
15030205005,Puerto Juanita,1702
15030301001,Hatillo Palma,1702
15030301002,Los Capellan,1702
15030301003,El Cayito,1702
15030302001,Arroyo Seco,1702
15030302002,Hatillo Palma Adentro,1702
15030302003,La Divisoria,1702
15030302004,Los Gorilas,1702
15030302005,El Camino La Jobera,1702
15030302006,Cruce De Lora,1702
15030302007,El Cayito,1702
15030303001,Los Derramaderos,1702
15030303002,Soliman,1702
15030303003,Los Palmaritos,1702
15030303004,Arroyo Caña,1702
15030303005,Agua De Luis,1702
15030303006,Zepiten,1702
15030303007,Loma De Soliman,1702
15030303008,Cerro Anton,1702
15030303009,Loma La Paloma,1702
15030304001,Doña Antonia,1702
15030304002,Sabana Del Rancho,1702
15030304003,La Bananera,1702
15030401001,Cana Arriba,1702
15030401002,Cana Al Medio,1702
15030401003,Cana Abajo O San Pedro,1702
15030402001,Vanessa,1702
15030402002,Sabanetica,1702
15030402003,Buenos Aires,1702
15030402004,Paso Real,1702
15030403001,Cerro Gordo Abajo,1702
15030403002,La Peña Arriba,1702
15030403003,Cerro Gordo Arriba,1702
15030403004,La Reforma,1702
15030403005,Rio Viejo,1702
15030403006,La Yaguita,1702
15030403007,Laguna Colorada,1702
15030403008,La Peña Abajo,1702
15030403009,Ranchaderos,1702
15030403010,Fundo Viejo,1702
15030403011,El Hospital,1702
15030403012,Sabana De Yajarima,1702
15030404001,Piloto,1702
15030404002,Sabana Larga,1702
15030404003,Los Cercadillos,1702
15030405001,La Caida,1702
15030405002,Barrio Nuevo,1702
15030405003,Gurabo Adentro,1702
15040101001,El Llano,1703
15040101002,Las Matas Abajo O Pedro Tomas,1703
15040101003,El Cayuco,1703
15040101004,Buen Pastor,1703
15040101005,El Bolsillo,1703
15040101006,La Mina,1703
15040101007,Vivienda O Centro Del Pueblo,1703
15040101008,El Campamento,1703
15040101009,Santa Lucia,1703
15040101010,La Cana,1703
15040101011,Lindo,1703
15040101012,El Cacique (Yagurizo),1703
15040101013,Manga Mocha O Yaguarizo,1703
15040101014,Los Reyes,1703
15040102001,Los Amaceyes,1703
15040103001,La Horca,1703
15040103002,La Mayita,1703
15040104001,Santa Cruz,1703
15040104002,Pueblo Nuevo,1703
15010101001,Mejoramiento Social,1704
15010101002,Antena Militar,1704
15010101003,El Fogonazo,1704
15010101004,Salomon Jorge,1704
15010101005,Cristo Rey,1704
15010101006,Centro Del Pueblo,1704
15010101007,La Albina,1704
15010101008,Las Flores,1704
15010101009,San Fernando,1704
15010101010,San Pedro,1704
15010101011,Bella Vista,1704
15010101012,Guatapanal,1704
15010101013,Buenos Aires,1704
15010101014,Los Maestros,1704
15010101015,Proyecto Javier,1704
15010102001,El Gomez,1704
15010102002,Jaiqui,1704
15010102003,El Rincon,1704
15010102004,Laguna Verde,1704
15010102005,Batey Bisono,1704
15010102006,Isabel De Torres,1704
15010102007,Vereda De Sinencio,1704
15010103001,Las Aguas,1704
15010103002,El Molino,1704
15010103003,Carnero,1704
15010103004,Higuero,1704
15010103005,Peladeros,1704
15010103006,Las Clavellinas,1704
15010103007,La Pinta,1704
15010103008,Batey Walterio,1704
15010103009,Batey Maguaca,1704
15010103010,Batey Higuero,1704
15010103011,Las Isletas,1704
15010103012,Batey Isabel,1704
15010103013,La Cruz De Palo Verde,1704
15010103014,Batey Madre,1704
15010103015,La Judea,1704
15010103016,La Recta De Sanita,1704
15010103017,Mangruno,1704
15010104001,Las Peñas,1704
15010104002,La Sequia,1704
15010104003,Jaramillo,1704
15010104004,Batey Juliana,1704
15010104005,Nueva Judea,1704
15010104006,Los Conucos,1704
15010104007,El Morro,1704
15010105001,El Duro,1704
15010106001,Baitoal,1704
15050101001,Pepillo Salcedo,1705
15050102001,Carbonera,1705
15050102002,Guanito,1705
15050102003,Las Fuentes De Guajabo,1705
15050103001,Masacre,1705
15050103002,Laguna Saladillo,1705
15050103003,Copey,1705
15050103004,Gozuela,1705
15050103005,Manzanillo Rural,1705
15050104001,Baitoa,1705
15050104002,Santa Maria,1705
15050104003,Sanita,1705
15050104004,Marmolejos,1705
15050104005,La Cabuya,1705
15060101001,El Arrozal,1706
15060101002,Los Cambrones O San Jose,1706
15060101003,Centro Del Pueblo,1706
15060101004,La Capilla,1706
15060101005,Las Flores,1706
15060101006,La Gallera,1706
15060101007,La Colina,1706
15060101008,La Colina Arriba,1706
15060102001,Botoncillo,1706
15060102002,La Trinchera,1706
15060102003,La Baitoa,1706
15060102004,Los Uveros,1706
15060102005,Los Algodones,1706
15060103001,Los Conucos,1706
15060103002,Buen Hombre,1706
15060103003,Las Cañas De Los Uveros,1706
15060103004,La Brigida,1706
15060104001,Loma Atravesada,1706
15060104002,La Finca,1706
15060104003,El Manantial,1706
15060104004,El Charcazo,1706
15060104005,La Aguitas,1706
15060104006,Villa Garcia,1706
15060104007,Villa Copa,1706
15060104008,Los Alpargatales,1706
15060104009,La Vereda,1706
15060104010,Sinencio,1706
15060104011,La Represa,1706
15060104012,Sabana Chiquita,1706
29020102024,Ceiba De La Pocilga,1801
29020103002,Cachiman,1801
29020103003,El Placer,1801
29020103004,Agua Buena,1801
29020103005,Malta Morena,1801
29020103006,La Soledad,1801
29020103007,El Bombon,1801
29020103008,La Ceja (Mata Santiago De Mena),1801
29020103009,Yerba Larga,1801
29020103010,Carabela Arriba,1801
29020103011,Buena Vista,1801
29020103012,Palmilla,1801
29020103013,Washington,1801
29020103014,Gallabon,1801
29020103015,Ladino,1801
29020103016,Juana Lorenza,1801
29020103017,Babieca,1801
29020103018,El Cuervo,1801
29020103019,Cañuelo (Las Aceitunas),1801
29020103020,Cojobal,1801
29020103021,El Pomito,1801
29020104001,Comatillo,1801
29020104002,Santa Cruz,1801
29020104003,Tentacion,1801
29020104004,Cabuya,1801
29020104005,Managua,1801
29020104006,La Altagracia,1801
29020104007,La Gironda,1801
29020104008,Las Lometas,1801
29020104009,Elegido,1801
29020104010,Mata Santiago,1801
29020104011,Las Lajas (Managua),1801
29020104012,Los Sosa,1801
29020104013,La Lamedera,1801
29020104014,El Cercado,1801
29020104015,Salto Grande,1801
29020104016,Sierra De Agua,1801
29020104017,Los Berros,1801
29020104018,Los Cerritos,1801
29020104019,Los Aquino,1801
29020104020,Polonia,1801
29020104021,Rincon Naranjo,1801
29020104022,Valle Grande,1801
29020104023,El Guazaral,1801
29020104024,Sabaneta,1801
29020104025,Piedra Chiquita,1801
29020104026,La Deseada,1801
29020104027,Laguna Colorada,1801
29020104028,Coca Barrera,1801
24030103005,Sierra Prieta,2403
24030103006,Piña Vieja,2403
24030103007,La Reforma,2403
24030103008,Piña Al Medio,2403
24030103009,La Ceniza,2403
24030103010,El Can,2403
24030103011,El Hoyo Del Can,2403
24030103012,La Sabana Del Hato,2403
24030103013,Los Capaces,2403
24030103014,La Guacara,2403
24030103015,Los Bejucos,2403
24030103016,La Conce,2403
24030103017,Blanco (El Pinito),2403
24040101001,Indrhi,2404
24040101002,El Cruce,2404
24040101003,Inespre,2404
24040101004,El Limpio O La Cigua,2404
24040101005,Paz Y Amor,2404
24040101006,Los Higueros,2404
24040101007,Monte Adentro,2404
24040101008,El Parque,2404
24040101009,La Escuela,2404
24040101010,Los Goyos,2404
24040101011,La Union,2404
24040102001,Vereda De Yuna,2404
24040102002,Trifurcacion,2404
24040102003,El Pozo,2404
24040102004,La Piñita,2404
24040102005,Agua Sarca,2404
24040102006,Monte Abajo,2404
24040102007,Los Corozos,2404
24040102008,La Recta,2404
24040102009,La Laja,2404
24040102010,Santa Pola,2404
24040201001,La Chinola,2404
24040201002,Mata De Conuco,2404
24040201003,Pueblo Nuevo,2404
24040201004,La Bija,2404
24040201005,Cabeza De Toro,2404
24040202001,La Soledad,2404
24040202002,Monte Rio,2404
24040202003,La Pangola,2404
24040202004,Pueblo Nuevo,2404
24040202005,El Charco,2404
24040202006,La Cuba,2404
24040203001,Boca De Came,2404
24040203002,La Piedra,2404
24040203003,Puente De Came,2404
24040203004,La Bija,2404
24040203005,Higuerito - La Factoria,2404
24040203006,Aguirre Aguirre,2404
24040204001,El Canal,2404
24040204002,Mata De Conuco,2404
24040204003,Malmel- (Maimely),2404
24040204004,Cabeza De Toro,2404
24040204005,Hato Viejo,2404
24040301001,La Cruz De Angelina,2404
24040301002,Cruce De Angelina O Guachupita,2404
24040302001,El Batey O La Paloma,2404
24040302002,Guachupita,2404
24040302003,El Cruce De Angelina,2404
24040303001,Pacho Pegao,2404
24040303002,Sector  Iad,2404
24040303003,El Pescozon (Sector  Padre  Fantino),2404
24040303004,Puncha Maquito,2404
24040304001,Rincon  Moreno,2404
24040304002,Los Castellanos,2404
21030101001,Miramar U Hoyo Frio,2501
21030101002,Piedra Blanca,2501
21030101003,Villa Penca,2501
21030101004,Bella Vista,2501
21030101005,Zona Industrial,2501
21030101006,Los Gringos,2501
21030101007,Villa Lisa,2501
21030101008,Barcequillo,2501
21030101009,San Antonio,2501
21030101010,El Centro,2501
21030101011,El Distrito,2501
21030101012,Invicea,2501
21030101013,Autoridad Portuaria,2501
21030101014,San Gregorio O Kilometro 18,2501
21030102001,Calle En Medio,2501
21030102002,Cabon,2501
21030102003,Itabo,2501
21030102004,El Naranjal,2501
21030102005,Piedra Blanca Sur,2501
21030102006,Los Desamparados,2501
21030201001,Anacaguita,2501
21030201002,Los Serranos,2501
21030201003,Centro Del Pueblo O La Placeta,2501
21030202001,La Feliciana,2501
21030202002,Cajuilito Norte,2501
21030202003,Cajuilito Sur,2501
21030202004,Arenoso,2501
21030202005,Monte Adentro,2501
21030202006,Mata Naranjo O Naranjal,2501
21030203001,Villa Maria,2501
21030203002,Barcequillo Industrial,2501
21030203003,Piedra Blanca Norte,2501
21030203004,Los Barrancones Los Frias,2501
21030203005,Quita Sueño Norte,2501
21030203006,Quita Sueño Sur,2501
21030204001,Cruce De La Feliciana,2501
21030204002,La Pared,2501
21030204003,Monte Largo,2501
21030204004,Sabaneta,2501
21030204005,El Caliche,2501
21030204006,Teresandon,2501
21030204007,La Isleta,2501
21030204008,El Calvario,2501
21030204009,La Gallera,2501
21040101001,Las Casitas,2502
21040101002,Centro Del Pueblo,2502
21040101003,Codetel,2502
21040101004,Felix Neñez O El Muro,2502
21040101005,El Cajon,2502
21040101006,Villa Verde,2502
21040101007,La Torre,2502
21040101008,15 De Agosto,2502
21040101009,Invi,2502
21040101010,La Escuela,2502
21040102001,Los Bajos Del Rio,2502
21040102002,Arroyo Higuero,2502
21040102003,La Toma Arriba,2502
21040102004,La Boca De La Toma,2502
21040102005,Arroyo Hoyo,2502
21040102006,El Ingenio,2502
21040102007,Botoncillo,2502
21040102008,Palma Seca,2502
21040102009,Loma El Guazumal,2502
21040102010,San Francisco,2502
21040102011,Cumia Adentro,2502
21040102012,Loma La Canoa,2502
21040102013,Cumia Arriba,2502
21040103001,El Macao,2502
21040103002,El Cedro,2502
21040103003,Palma Seca,2502
21040103004,La Jaguita,2502
21040103005,El Llano,2502
21040103006,Las Auyamas,2502
21040103007,Las Hicoteas,2502
21040103008,Humachon,2502
21040103009,Mucha Agua,2502
21040103010,El Limon,2502
21040103011,Juan Roman,2502
21040103012,Botoncillos,2502
21040104001,Mano Matuey Arriba,2502
21040104002,Mano Matuey Abajo,2502
21040104003,La Cueva,2502
21040104004,La Colonia,2502
21040104005,La Cabirma,2502
21040104006,Loma Los Anones,2502
21040104007,El Majagual,2502
21040104008,Arroyo Lindo,2502
21040104009,El Limon,2502
21040105001,El Cañaveral,2502
21040105002,Leonardo,2502
21040105003,Los Manantiales,2502
21040105004,Los Hozaderos,2502
21040105005,Agua Clara,2502
21040105006,El Zumbi Manteca,2502
21040105007,El Corte Nuevo,2502
21040105008,Los Jugaderos,2502
21040105009,Bruno,2502
21040105010,Manuel Mina,2502
21040105011,La Rinconada,2502
21040105012,La Estancia,2502
21040105013,Loma La Tasajera,2502
21040105014,Los Coles,2502
21040105015,El Jobo,2502
21040105016,Valentin,2502
21040105017,Miguel,2502
21040105018,La Palmita,2502
21040105019,Mucha Agua,2502
21040106001,El Tablazo,2502
21040106002,Las Minas,2502
21040106003,Piedra Gorda,2502
21040106004,El Habra,2502
21040106005,El Co,2502
21040106006,Las Eneas,2502
21040106007,Arroyo Grande,2502
21040106008,El Higuerito,2502
21040106009,Los Anones,2502
21040106010,El Carao,2502
21040106011,La Guazabara,2502
21040106012,La Yabacoa,2502
21040106013,Nigua,2502
21040106014,Los Chaparrales,2502
21040106015,Cañada Bonita,2502
21040106016,Loma El Alto De La Piña,2502
21040106017,Hondo Valle,2502
21040201001,Cambita El Pueblecito,2502
21040202001,La Llanada Grande O Cañada Grande,2502
21040202002,La Gallina,2502
21040202003,Loma Lechoso,2502
21040202004,La Cebolla,2502
21040202005,La Jaguita,2502
21040202006,La Lagunita,2502
21040202007,Cañada De La Vaca,2502
21040202008,Corbanito (Callao Arriba),2502
21040202009,Firme De Suarez,2502
21040203001,Cumia Abajo,2502
21040203002,El Papayo,2502
21040203003,Jeronimo Lopez,2502
21040203004,Pueblo Nuevo,2502
21040203005,Arroyo Pino,2502
21040203006,La Majagua,2502
21040204001,La Guama,2502
21040204002,Canoa,2502
21040204003,Los Toros,2502
21040204004,El Mamey,2502
21040204005,Martinica,2502
21080101001,Los Cacaos,2503
21020101001,Centro Del Pueblo,2504
21020101002,Sal Si Puedes,2504
21020101003,La Curva,2504
21020102001,Juan Baron,2504
21020102002,La Aguita,2504
21020102003,Fallete,2504
21020102004,La Guama,2504
21020103001,La Sabanita,2504
21020103002,Puerto Palenque,2504
21020103003,Sabana Palito,2504
21020103004,Sabana Grande De Palenque Rural,2504
21010101001,Lavapie,2505
21010101002,Pueblo Nuevo,2505
21010101003,San Isidro,2505
21010101004,5 De Abril,2505
21010101005,Zona Verde,2505
21010101006,Jeringa,2505
21010101007,Las Flores,2505
21010101008,Madre Vieja Norte,2505
21010101009,Madre Vieja Sur,2505
21010101010,Centro De La Ciudad,2505
21010101011,Los Nova,2505
21010101012,Agricultura O Los Barrancones,2505
21010101013,Puerto Rico,2505
21010101014,Canastica O Paraiso,2505
21010101015,Doña Chucha,2505
21010101016,El Cerro,2505
21010101017,Moscu,2505
21010101018,Villa Fundacion,2505
21010101019,Cañada Honda,2505
21010101020,Los Molina,2505
21010101021,El Buen Pastor,2505
21010101022,La Suiza,2505
21010101023,Sabana Toro,2505
21010101024,La Guandulera,2505
21010101025,La Coquera,2505
21010102001,La Toma,2505
21010102002,Establo,2505
21010102003,Los Corozos,2505
21010102004,Manuel,2505
21010102005,Naranjo Dulce,2505
21010102006,Villegas,2505
21010102007,Gallinero,2505
21010102008,Los Cacaitos,2505
21010102009,El Pomier,2505
21010103001,Hatillo - Las Hojas Anchas,2505
21010103002,El Zumbon,2505
21010103003,Calle Bonita,2505
21010103004,Coco,2505
21010103005,Los Cantines O Los Algarrobos,2505
21010103006,Sabana,2505
21010103007,Estebania,2505
21010103008,Curva Del Turco,2505
21010103009,San Miguel,2505
21010103010,San Rafael,2505
21010104001,Doña Ana,2505
21010104002,San Isidro,2505
21010104003,Hoyo Del Barro,2505
21010104004,Santana,2505
21010104005,Don Lopez,2505
21010104006,Niza Arriba,2505
21010104007,Niza Abajo,2505
21010104008,Rancho Al Medio,2505
21010104009,Los Hoyos,2505
21010104010,Miracielo,2505
21010104011,Sabana Al Medio,2505
21010104012,Los Bajos,2505
21010104013,Ingenio Nuevo,2505
21010104014,La Palmita,2505
21010104015,Caño Andres,2505
21010105001,Fuerte Resoli,2505
21010105002,El Pozo Prieto,2505
21010105003,Najayo Arriba,2505
21010105004,Loma Verde - Maricao,2505
21010105005,Santa Lucia De Camba,2505
21010105006,Canasta,2505
21010105007,Zorra Buena,2505
21010105008,La Conga,2505
21010105009,Najayo,2505
21010106001,Los Arroyos (Arroyo Bueno),2505
21010106002,La Plena,2505
21010106003,Los Botaos,2505
21010106004,Sainagua,2505
21010106005,Los Asicis,2505
21010106006,Montaño,2505
21010107001,Avedaño O Vendaño,2505
21010107002,Mata Paloma,2505
21010107003,Los Mameyes,2505
21010107004,Feliciana,2505
21010107005,Mata Naranjo,2505
21010107006,Boca De Burro,2505
21010107007,Loma De Porquero,2505
21010107008,Limon Dulce,2505
21010107009,Los Chivos,2505
21010107010,La Placeta (El Palmar),2505
21010107011,Mingo Bartolo O La Privada,2505
21010107012,Mandinga,2505
21010107013,La Palma,2505
21010107014,La Cruz De Santiago,2505
21010107015,Yerba Buena O Pica Pica,2505
21010107016,El Corte,2505
21010107017,La Florida,2505
21010108001,Cambita Sterling,2505
21010108002,Cambita Uribe,2505
21010108003,La Rosa,2505
21010108004,Fundacion,2505
21010108005,El Fundo,2505
21010108006,Kilometro 4,2505
21010108007,Sabana Toro,2505
21010108008,El Cinco,2505
21010108009,Junda Junda,2505
21010201001,Hato Damas,2505
21010202001,Los Montones Arriba,2505
21010202002,Los Montones Abajo,2505
21010202003,Los Gervacio,2505
21010202004,La Lechuza O El Cuayo,2505
21010202005,Ingenge,2505
21010202006,El Cobre,2505
21010202007,Parra,2505
21010203001,Dasa  I,2505
21010203002,Dasa Ii,2505
21010203003,Pedro Caballero,2505
21010203004,Limon Dulce,2505
21010203005,Boca De Gamboa,2505
21010203006,Nuevos Horizontes,2505
21010203007,La Cabuya,2505
21010204001,Los Hoyos O El Guano,2505
21010204002,Rincon Largo,2505
21010204003,San Francisco,2505
21010204004,La Lica,2505
21010204005,Boruga,2505
21010204006,Mano Matuey,2505
21010204007,Carvajal,2505
21010204008,El Ramon,2505
21010204009,Los Calimetes,2505
21010205001,Venturoso,2505
21010205002,Boca De Los Dos Rios,2505
21010205003,Arroyo Claro,2505
21010205004,Arroyo Mingo,2505
21010205005,Jamey,2505
21010205006,La Jainera (Hainera),2505
21010205007,Maluco,2505
21010205008,Los Arroyones,2505
21070101001,Nigua Norte I,2506
21070101002,Puerta Blanca,2506
21070101003,La Costa,2506
21070101004,Yogo Yogo,2506
21070101005,Nigua Sur I,2506
21070101006,Nigua Sur Ii,2506
21070102001,Los Fructuosos,2506
21070102002,San Antonio,2506
21070102003,Samangola,2506
21070102004,Boca De Nigua,2506
21070102005,San Nicolas,2506
21070102006,Cambelen,2506
21070102007,Arroyo Higuero,2506
21070102008,Yogo Yogo,2506
21070103001,Dios Dira,2506
21070103002,Najayo Abajo O Cruce De Najayo,2506
21070103003,Hato Viejo,2506
21070103004,Los Amaceyes,2506
21070103005,Los Higueros,2506
21070103006,Carlos Pinto,2506
21070103007,Cañada Andres,2506
21070103008,Goyo Viejo,2506
21070103009,Las Playas,2506
21070103010,El Guano,2506
21070104001,Malpiez,2506
21070104002,La Canela,2506
21070104003,Los Cajuiles,2506
21050101001,Juan Pablo Duarte,2507
21050101002,Las Cañitas,2507
21050101003,Ramon Matias Mella,2507
21050101004,Catarey,2507
21050101005,Fatima O Los Cachimbos,2507
21050101006,Pueblo Nuevo,2507
21050101007,Centro Del Pueblo,2507
21050101008,Invi,2507
21050101009,Tierra Santa,2507
21050101010,Caribe,2507
21050101011,San Francisco (Entrada),2507
21050101012,Los Solares,2507
21050101013,Remangao,2507
21050101014,Las Sarnas,2507
21050101015,Maternidad,2507
21050101016,Buenos Aires,2507
21050101017,Libertad,2507
21050101018,Pajarito,2507
21050101019,Vista Hermosa,2507
21050101020,Los Mercados,2507
21050102001,El Negro,2507
21050102002,Arroyo Grande,2507
21050102003,El Duey,2507
21050102004,Loma Vieja,2507
21050102005,Batey Lecheria,2507
21050102006,Cañada Blanca,2507
21050102007,El Molino,2507
21050102008,Novillero,2507
21050102009,El Rodeo,2507
21050102010,Los Aguacates,2507
21050102011,Kilometro 45,2507
21050102012,La Lomita O El Corral,2507
21050102013,Cañada Honda,2507
21050103002,La Guazuma,2507
21050103003,El Sereno,2507
21050103004,Mani De Haina,2507
21050103005,Mani De Maizal O  Maizal Arriba,2507
21050103006,La Caoba,2507
21050103007,Cambutera,2507
21050103008,La Celestina,2507
21050103009,Nandita,2507
21050103010,Hormigo,2507
21050103011,Reparadero,2507
21050103012,Batey Los Guineos,2507
21050103013,Batey 43,2507
21050103014,Guardarraya De Naiboa,2507
21050103015,La Isabela,2507
21050103016,Kilometro 40,2507
21050103017,Carvajal,2507
21050103018,Los Lirios,2507
21050103019,Madrigal,2507
21050103020,Monte Bonito,2507
21050103021,Derrumbadero,2507
21050103022,Higuerito,2507
21050103023,Finquita,2507
21050103024,Caobal,2507
21050201001,El Puerto O El Centro,2507
21050201002,Batey,2507
21050201003,Puerto Rico,2507
21050202001,Basima,2507
21050202002,Sabana Culebra,2507
21050202003,Guananito,2507
21050202004,Sabana Piedra,2507
21050202005,Tubo Prieto,2507
21050202006,Come Hombre,2507
21050202007,El Duey,2507
21050202008,La Cueva Del Duey,2507
21050202009,Kilometro 48,2507
21050202010,Los Arroyones,2507
21050203001,Los Mogotes,2507
21050203002,Blanco,2507
21050203003,Majagua,2507
21050203004,Kilometro 56,2507
21050203005,Kilometro 59,2507
21050203006,Rancho   Yagua,2507
21050203007,Arenoso,2507
21050204001,La Cumbre,2507
21050204002,Los Ganchos,2507
21050204003,Rancho  La Cumbre,2507
21050204004,El Puerto,2507
21050204005,El Cafe,2507
21050204006,El Sesenta Y Uno (61),2507
21050204007,El Dos (El 2) O La Mina,2507
21050301001,Medina,2507
21050302001,Neñez Abajo,2507
21050302002,Los Mejia,2507
21050302003,Los Jeses,2507
21050303001,El Pedrero,2507
21050303002,Mamey Macho,2507
21050303003,Guanabanito,2507
21050303004,La Juliana Arriba,2507
21050303005,Neñez Arriba,2507
21050303006,El Limon,2507
21050304001,La Curva,2507
21050304002,La Cuabita,2507
21050304003,Vietnam,2507
21050304004,Castaño,2507
21050305001,Media Cara,2507
21050305002,El Fundo,2507
21050305003,Rancho Acevedo,2507
21050305004,El Paraiso,2507
21050305005,Lecheria,2507
21050305006,La Juliana Abajo,2507
21050305007,Los Algarrobos,2507
21050401001,La Cuchilla,2507
21050401002,Guachupita,2507
21050402001,La Joya,2507
21050402002,La Piña,2507
21050402003,La Rosa,2507
21050402004,Los Brache O Los Bellacos,2507
21050402005,Lo Menso,2507
21050403001,Aguacero,2507
21050403002,Gragea,2507
21050403003,Arroyo El Loro,2507
21050403004,Cañada De La Palma,2507
21050403005,Higo Claro,2507
21050403006,Barrio La Grama,2507
21050403007,Los Placencio O Los Horacio,2507
21050403008,Los Compe,2507
21050404001,El Caobal,2507
21050404002,Los Hoyos,2507
21050404003,Sabana Caobal,2507
21050404004,Los Anones,2507
21050404005,Los Pineda,2507
21050404006,El Maricao,2507
21050404007,Los Mosquitos,2507
21050404008,Los Conucos,2507
21050405001,El Cidral,2507
21050405002,Jengibre,2507
21050405003,La Bomba,2507
21050405004,Los Reinoso,2507
21050405005,Blanco Caobal,2507
21050405006,Terreno Del Estado,2507
21050405007,Loma De Los Majaguales,2507
21050406001,Barrio Chino,2507
21050406002,Blanco Majagua,2507
21050406003,La Ceiba,2507
21050406004,Higuerito,2507
21050406005,La Represa,2507
21060101002,Santa Cruz,2508
21060101003,La Uva,2508
21060101004,Nuevo,2508
21060102001,La Manigua,2508
21060102002,Las Gallardas,2508
21060102003,Las Gallardas (Los Brujanes),2508
21060102004,La Sierra,2508
21060102005,Pujabante,2508
21060102006,La Cueva,2508
21060102007,El Fuerte,2508
21060102008,La Jagua,2508
21060102009,Tio Lorenzo,2508
21060102010,Paimatia,2508
21060102011,Arroyo Mamey,2508
21060102012,Higuerito,2508
21060102013,Semana Santa,2508
21060102014,La Cumba,2508
21060102015,Geronimo Lopez,2508
21060102016,Las Mercedes,2508
21060102017,Los Guzman,2508
21060102018,Yaguate Arriba O La Jabilla,2508
21060103001,Los Leones,2508
21060103002,Doña Ana,2508
21060103003,Machin,2508
21060103004,La Ermita O Najayo En Medio,2508
21060103005,Moja Casabe,2508
21060103006,Duveaux (Mamey Macho),2508
21060103007,La Loma,2508
21060103008,La Cabirma,2508
21060103009,Los Sanchez,2508
21060103010,Los Mateo,2508
21060103011,Lucas Diaz,2508
21060103012,La Jagua,2508
21060103013,Boca De Los Arroyos,2508
21060103014,La Vaca,2508
21060103015,Los Riceli (Los Brea),2508
21060103016,El Limon,2508
21060103017,Pajarito,2508
21060103018,Buzon,2508
21060103019,La Caoba,2508
21060103020,Ingenio Caei,2508
21060103021,Cabria Abajo,2508
21060103022,Los Franco,2508
21060103023,Najayo En Medio,2508
21060104001,El Maizal,2508
21060104002,Boca De Mani,2508
21060104003,La Mancha,2508
21060104004,El Pozo,2508
21060104005,Monte Bonito,2508
21060104006,El Fuerte,2508
21060104007,El Horno,2508
21060104008,Mani Abajo,2508
21060104009,Mani De Yaguate,2508
21060104010,El Copey,2508
31030101001,Rancho Arriba,2601
31030102001,Arroyo Blanco,2601
31030102002,Arroyo Caña,2601
31030102003,Juan Luis,2601
31030102004,La Vigia,2601
31030102005,Los Morones,2601
31030102006,El Comedero,2601
31030102007,Los Quemado,2601
31030102008,Banilejo,2601
31030103001,Las Avispas,2601
31030103002,Arroyo Prieto,2601
31030103003,Florencio,2601
31030103004,La Marca,2601
31030103005,Los Gatos,2601
31030103006,Arroyo Del Cafe,2601
31030103007,Mata De Cafe,2601
31030103008,La Yuca,2601
31030103009,Las Yayas,2601
31030103010,Arroyo Del Medio,2601
31030103011,Mahoma,2601
31030103012,La Nuez,2601
31030103013,La Peñita,2601
31030103014,Suardi,2601
31030103015,La Colonia,2601
31030103016,Palo De La Cruz,2601
31030103017,El Catey,2601
31030103018,Derrumbado,2601
31030103019,La Trocha (La Tocha),2601
31030103020,Derrumbadero De Mahoma,2601
31030103021,Los Fogoncitos,2601
31030103022,Los Grillos,2601
31030103023,La Bocaina,2601
31030103024,La Cabirma,2601
31030103025,Arroyo Manteca,2601
31030103026,Arroyo Chiquito,2601
31030103027,El Toro,2601
31030103028,El Barranquito,2601
31030104001,Quita Pena,2601
31030104002,Los Arroyitos,2601
31030104003,Los Naranjos,2601
31030104004,La Monteadita,2601
31030104005,Hato Viejo,2601
31030104006,Las Yayas,2601
31030104007,La Estrechura,2601
31030104008,Quita Sueño,2601
31030104009,La Cienaguita,2601
31030104010,Monte Negro,2601
31030104011,La Travesia,2601
31030104012,La Sabana,2601
31030104013,El Mogote,2601
31030104014,Loma Monteada (Torito Del Yuna),2601
31030104015,La Placeta De Yuna,2601
31030104016,Montia Del Coco,2601
31030104017,Junumuce,2601
31030104018,Desecho Largo,2601
31030104019,Arroyo Hondo,2601
31030104020,Firme De Monroe,2601
31030104021,Yerba Buena,2601
31030104022,Loma Del Cajon,2601
31020101001,El Limonal,2602
31020101002,Centro Del Pueblo,2602
31020101003,Sabana Larga Abajo O Los Come Dulce,2602
31020101004,El Cruce De La Esperanza,2602
31020101005,El Rincon,2602
31020102001,El Cajon,2602
31020102002,Arroyo Bonito,2602
31020102003,Carmona,2602
31020102004,Arabia,2602
31020102005,Los Limoncillos,2602
31020102006,La Nuez,2602
31020102007,Las Nueces,2602
31020102008,Las Espinas,2602
31020102009,La Cienaga Al Medio,2602
31020102010,El Rifle,2602
31020102011,La Horma,2602
31020102012,Los Almendros,2602
31020102013,Los Arroyos,2602
31020102014,Los Manaclares,2602
31020102015,La Palma,2602
31020102016,Las Cayas,2602
31020102017,Manuel Lorenzo,2602
31020102018,El Canal,2602
31020102019,Rincon Del Pino,2602
31020102020,La Barra,2602
31020102021,Los Pocitos,2602
31020102022,La Cienaga De Los Pocitos,2602
31020102023,Derrico Blanco,2602
31020103001,Los Guayabos,2602
31020103002,El Guayabo,2602
31020103003,La Esperanza,2602
31020103004,La Angostura,2602
31020103005,La Malagueta,2602
31020103006,Loma Comejen (El Comejen),2602
31020103007,Los Martinez,2602
31020103008,Sabana Larga,2602
31010101007,Pueblo Nuevo,2603
31010101008,Pueblo Abajo,2603
31010101009,San Luis,2603
31010101010,San Francisco,2603
31010101011,El Rastrillo,2603
31010101012,Prolongacion 30 De Abril,2603
31010101013,Nuevo Esfuerzo,2603
31010101014,Juan Pablo Duarte,2603
31010101015,Las Clavellinas,2603
31010101016,La Vigia,2603
31010101017,Urbanizacion Los Maestros,2603
31010101018,La Colina,2603
31010101019,Los Invasores,2603
31010101020,San Andres,2603
31010101021,Urbanizacion Bella Vista,2603
31010102001,Los Ranchitos,2603
31010102002,Arenoso,2603
31010102003,Saviñon,2603
31010102004,Las Caobas,2603
31010102005,Mendez,2603
31010102006,Los Martinez,2603
31010102007,Hoyo Nuevo,2603
31010102008,El Limon,2603
31010102009,El Angelito,2603
31010102010,Monte Higuero,2603
31010102011,Jengibre,2603
31010102012,La Laguneta,2603
31010102013,Arroyo Palma,2603
31010102014,Las Flores,2603
31010102015,Bayona,2603
31010102016,Vuelta De La Paloma,2603
31010201001,La Cienaga,2603
31010202001,El Quemado,2603
31010202002,El Toro,2603
31010202003,Los Anones,2603
31010202004,El Manaclar,2603
31010202005,Monte Grande,2603
31010202006,La Jina,2603
31010202007,El Mogote,2603
31010202008,Cañada Grande,2603
31010202009,Jiguey,2603
31010202010,El Mochito,2603
31010202011,Domingo Frio,2603
31010202012,Los Limones,2603
31010202013,El Buey,2603
31010202014,Juan Grande,2603
21050103001,Joa,2507
31010202015,Los Peñas,2603
31010202016,El Higuerote,2603
31010202017,El Manielito,2603
31010202018,El Desecho,2603
31010203001,El Arenazo,2603
31010203002,La Jaiba O La Jamba,2603
31010203003,Los Palmaritos,2603
31010203004,Taton,2603
31010203005,La Vereda,2603
31010203006,Monte Bonito,2603
31010203007,Camaron,2603
31010203008,El Rodadero O  Zodadero,2603
31010203009,Cañada Honda,2603
31010203010,El Rincon,2603
31010203011,Rio Abajo,2603
31010203012,Boca De Cazuela,2603
31010203013,La Cienaga,2603
31010203014,El Jobo,2603
31010204001,Los Capacitos,2603
31010204002,Apolinar,2603
31010204003,Arroyo De Pedro,2603
31010204004,La Yautia,2603
31010204005,El Rosalito,2603
31010204006,Palo De La Higuera,2603
31010204007,Las Barias,2603
31010204008,El Mogote,2603
31010204009,Boca De Mahoma,2603
31010204010,La Travesia,2603
31010204011,Palo De Caja,2603
31010204013,El Capa,2603
31010204014,La Laguna,2603
31010204015,Santana,2603
31010204016,La Higuerita (La Higuereta),2603
31010204017,El Toro,2603
31010204018,Loma Del Mogote,2603
31010204019,El Loasa,2603
31010204020,El Firme,2603
31010204021,Los Indios,2603
31010204022,La Cabirma,2603
31010204023,El Chifle,2603
31010204024,Doña Ana,2603
31010301001,Nizao,2603
31010302001,Las Auyamas,2603
31010302002,Los Cajones,2603
31010302003,El Aguacate,2603
31010302004,La Botella,2603
31010302005,Cazuela,2603
31010302006,Arroyo Al Medio,2603
31010302007,La Bija,2603
31010302008,Cañada De Manacla,2603
31010302009,Cañada Nueva,2603
31010302010,Las Piedras,2603
31010302011,La Marca,2603
31010302012,La Vereda Nueva,2603
31010302013,Los Almendros,2603
31010302014,La Sabana,2603
31010302015,La Nuez,2603
31010302016,La Majagua,2603
31010302017,Cazuelita,2603
31010302018,La Matica,2603
31010302019,Los Palmaritos,2603
31010302020,Cañada Mala,2603
31010303001,La Cumbre,2603
31010303002,El Pomo,2603
31010303003,El Botado,2603
31010303004,Los Brazos,2603
31010303005,Monte Prieto,2603
31010303006,El Callejon,2603
31010303007,Los Guazaros,2603
31010303008,Arroyo Seco,2603
31010303009,Laguna Seca,2603
31010303010,El Mulo,2603
31010303011,El Pie De La Loma,2603
31010303012,Pino Mocho (Pino Moncho),2603
31010304001,Yerba Buena,2603
31010304002,Palos Grandes,2603
31010304003,Arroyo Arriba,2603
31010304004,Las Avispas,2603
31010304005,La Higuera,2603
31010304006,El Higuito,2603
31010304007,El Carrao,2603
31010304008,Monte Bonito,2603
31010304009,Los Guineos,2603
31010401001,El Pinar,2603
31010402001,La Aguita,2603
31010402002,La Toronja,2603
31010402003,La Cuchilla,2603
31010402004,El Perico,2603
31010402005,El Ojo De Agua,2603
31010402006,Rancho Francisco,2603
31010402007,El Corbanal,2603
31010402008,La Isleta,2603
31010402009,Los Canes,2603
31010402010,La Damajuana O La Damajagua,2603
31010402011,Los Corozos,2603
31010402012,La Cruz,2603
31010402013,Los Palmaritos,2603
31010402014,El Montazo,2603
31010402015,Los Pocheses,2603
31010402016,El Caimital,2603
31010402017,El Bejucal,2603
31010403001,La Cienaga,2603
31010403002,La Tachuela,2603
31010403003,Los Limones,2603
31010403004,Los Tramojos,2603
31010403005,Los Negros,2603
31010404001,El Cercado,2603
31010404002,Mancebo,2603
31010404003,Mesa De Domingo O Neon De Domingo,2603
31010404004,Palo De Sabina,2603
31010404005,Sabana Abajo,2603
31010501001,Naranjal   Arriba,2603
31010502001,El Ojo De Agua,2603
31010502002,Arroyo Hondo,2603
31010502003,Cazuela,2603
31010502004,Derrumbado,2603
31010502005,Los Limoncillos,2603
31010502006,Vengan A Ver,2603
31010502007,Parra,2603
31010502008,Tumbaca,2603
31010502009,La Fortuna,2603
22020101001,El Barrio,2701
22020101002,Centro Del Pueblo O El Medio,2701
22020101003,El Gajo De Sabana,2701
22020101004,El Manguito,2701
22020101005,Los Lucianos,2701
22020101006,El Tocon,2701
22020201001,Los Lucianos,2701
22020201002,Villa Flores,2701
22020201003,Los Sanchez,2701
22020201004,Los Corcino,2701
22020201005,Los Abreu,2701
22020201006,La Calabaza,2701
22020202001,Arroyo Cano,2701
22020202002,Los Severinos,2701
22020202003,Los Guayabos,2701
22020202004,Las Avispas,2701
22020202005,Boca Del Arroyo,2701
22020203001,Los Montasitos,2701
22020203002,Los Haitises,2701
22020203003,El Corozo,2701
22020203004,Bajo Corozo,2701
22020203005,El Jengibre,2701
22020203006,Bajo Mulato (Gajo Mulato),2701
22020203007,El Naranjo,2701
22020203008,Los Limones,2701
22020301001,Buena Vista,2701
22020302001,El Tabacal,2701
22020302002,La Patilla,2701
22020302003,El Guanal,2701
22020302004,Los Abeyes,2701
22020303001,El Coco,2701
22020303002,Los Naranjos,2701
22020303003,Buena Vista,2701
22020303004,Yaque (Loma Del Yaque),2701
22020304001,La Vereda,2701
22020304002,Gajo Largo,2701
22020304003,La Piedra,2701
22020304004,San Francisco,2701
22020304005,El Palmar,2701
22020305001,Monte Grande,2701
22020305002,El Arroyon,2701
22020305003,Los Corocitos,2701
22020305004,La Palmita,2701
22020305005,El Guayuyal,2701
22020305006,El Aguacate,2701
22020305007,El Pilon,2701
22020305008,Los Cueros,2701
22020305009,El Ranchito,2701
22020305010,La Guama,2701
22030101001,Placer Bonito,2702
22030101002,Centro Del Pueblo,2702
22030101003,El Jobito,2702
22030101004,Los Cachimbos O Villa Esperanza,2702
22030101005,Las Marias,2702
22030101006,Chino,2702
22030102001,Cuero De Puerco,2702
22030102002,La Monteadita,2702
22030102003,Rancho Viejo,2702
22030102004,Los Manantiales,2702
22030102005,El Silencio,2702
22030102006,El Pinar,2702
22030102007,Rincon Largo,2702
22030102008,El Hatico,2702
22030102009,Guatapanal,2702
22030102010,La Meseta,2702
22030102011,El Guanal,2702
22030102012,La Mulata,2702
22030102013,La Guama,2702
22030102014,La Jaguita,2702
22030102015,El Barrero,2702
22030102016,El Capacito,2702
22030102017,El Palmar,2702
22030102018,El Majagual,2702
22030102019,La Palmita,2702
22030102020,Los Naranjitos,2702
22030102021,Cercado Abajo,2702
22030102022,El Quemado,2702
22030102023,El Puertecito,2702
22030102024,La Horqueta,2702
22030102025,Los Caimonies,2702
22030102026,Las Dos Matas,2702
22030102027,Sabana De La Rancha,2702
22030102028,La Vereda,2702
22030102029,Pedro Alejandro,2702
22030102030,Los Paredones,2702
22030102031,Hueco-Hoyo De La Piedra,2702
22030102032,Mata De Palma,2702
22030102033,Sabana Bonita,2702
22030102034,La Ermita - La Hermida,2702
22030102035,Los Brito,2702
22030102036,La Rancha,2702
22030102037,Guardarraya,2702
22030102038,La Palmita Ii,2702
22030103001,Tierra Hundida,2702
22030103002,Pinar Grande,2702
22030103003,Agua Fresca,2702
22030103004,La Coraza,2702
22030103005,La Navaja,2702
22030103006,La Mocha,2702
22030103007,Siembra Vieja,2702
22030103008,Boca Del Humo,2702
22030103009,La Culebra,2702
22030103010,El Guayabal,2702
22030103011,Pinar Sucio,2702
22030103012,El Palmar,2702
22030103013,Guazara,2702
22030103014,La Cienaga,2702
22030103015,El Montazo,2702
22030103016,El Rebo,2702
22030103017,La Guazara Abajo,2702
22030103018,Los Campeches,2702
22030103019,Pinar Del Cuello,2702
22030103020,Los Jazmines,2702
22030103021,Los Botados,2702
22030103022,Los Arroyos,2702
22030103023,La Damaya - La Damaija,2702
22030103024,Joco Viejo,2702
22030103025,Guayabo Dulce,2702
22030201001,Derrumbadero,2702
22030202001,La Raiz,2702
22030202002,Loma Al Medio,2702
22030202003,Los Pomorosos,2702
22030202004,El Jazmin,2702
22030202005,Bartolo,2702
22030202006,Monte Grande,2702
22030202007,Majagual,2702
22030202008,El Jobillo,2702
22030202009,Paso Viejo,2702
22030202010,Los Cerros,2702
22030203001,Damiin,2702
22030203002,Pinalito,2702
22030204001,La Cruz De Vicente,2702
22030204002,La Sabana,2702
22030205001,Gajo De Pedro,2702
22030205002,La Cañada Del Rio,2702
22030205003,Los Hinojos,2702
22030205004,Placer Bonito De Pedro,2702
22030206001,El Vallecito,2702
22030206002,Sabana  Del Lino,2702
22030301001,Batista O Centro Del Pueblo,2702
22030302001,Pinar De La Cana,2702
22030302002,Los Tablones,2702
22030302003,El Maniercito,2702
22030302004,El Barrerito,2702
22030303001,Abras De Las Yayas,2702
22030303002,Lagunita,2702
22030303003,El Guamalito,2702
22030303004,Los Naranjos,2702
22030304001,El Caimonial,2702
22030304002,El Palmar,2702
22030304003,El Barrero,2702
22030304004,Tierrita Blanca,2702
22040101001,Centro Del Pueblo,2703
22040101002,Nueva Esperanza O Proyecto 3,2703
22040101003,Los Billeteros,2703
22040101004,Buena Vista,2703
22040101005,De Luz,2703
22040101006,Ensanche La Rubia,2703
22040101007,Proyecto 1 O Maximiliano Perdomo,2703
22040102001,Los Balleteros,2703
22040102002,Loma Verde,2703
22040102003,La Lima,2703
22040102004,Los Montones,2703
22040102005,Gajo De Los Caballos,2703
22040102006,Cufi,2703
22040103001,Buena Vista,2703
22040103002,Corral De Los Indios,2703
22040103003,Sabana De La Vaca,2703
21080102001,Los Cacaos Rural,2503
21080102002,Los Guazaros,2503
21080102003,Los Arroyos,2503
21080102004,La Siembra,2503
21080102005,Francisco Mateo,2503
21080102006,Los Jengibres,2503
21080102007,Hoyo Prieto,2503
21080102008,Los Mineros,2503
21080102009,Los Candonguitos,2503
21080102010,La Pocilga,2503
21080102011,Las Tres Veredas,2503
21080102012,Los Jibaros,2503
21080102013,La Cuchilla De La Guardia,2503
21080102014,Pancholo,2503
21080102015,La Gina Marcada,2503
21080102016,Los Guineos Adentro,2503
21080102017,Los Guineos Afuera,2503
21080102018,Zumbi Manteca,2503
21080103001,Monteada Nueva,2503
21080103002,Meliton,2503
21080103003,Vallejo,2503
21080103004,Cañada Bonita,2503
21080103005,Monte Bonito,2503
21080103006,Cañada Del Agua,2503
21080103007,Santana,2503
21080103008,Benito,2503
21080103009,Palma Arriba,2503
21080103010,Arroyo Piedra,2503
21080103011,Arroyo Del Cafe,2503
21080103012,Los Caños,2503
21080103013,La Jina,2503
21080103014,Florencio,2503
21080103015,Los Naranjos,2503
21080103016,Los Arroyos,2503
21080103017,La Palma,2503
21080103018,Silloncito,2503
21080104001,El Valle,2503
21080104002,Calderon,2503
21080104003,Palo De La Cruz,2503
21080104004,Mahomita Los Arroyitos,2503
21080104005,Arroyo Grande,2503
21080104006,Calderon Arriba,2503
21080104007,La Cañada Del Cafe,2503
21080104008,Los Calimetes,2503
21080104009,Cienaguita,2503
21080104010,Vallejito Abajo,2503
22040103004,Las Ovejas,2703
22040103005,Los Mameyes,2703
22040103006,La Peña,2703
22040103007,Berrinche,2703
22040201001,Jinova Arriba,2703
22040202001,Jinova Abajo,2703
22040202002,Las Cabirmas,2703
22040202003,Mata Aroma,2703
22040202004,Jinova Al Medio,2703
22040202005,Cañada De Luis,2703
22040202006,El Donao,2703
22040202007,Los Botados,2703
22040202008,Matarraton,2703
22040203001,Las Carreras,2703
22040203002,Piedra Blanca,2703
22040203003,El Hoyo,2703
22040203004,Sosa,2703
22040203005,La Sabana,2703
22040203006,Solorin,2703
22040203007,San Ramon,2703
22040204001,Jaquimeyes,2703
22040205001,Corbanal,2703
22050101001,Centro Del Pueblo,2704
22050101002,La Manicera,2704
18090102007,Los Pajones,2109
18090103001,Boca Nueva,2109
22050101003,La Mina,2704
22050101004,Hermanas Mirabal,2704
22050101005,Pueblo Nuevo,2704
22050101006,Villa Esperanza O Villa Fatima,2704
22050101007,Residencial El Cristo,2704
22050101008,El Cajuil,2704
22050101009,Villa Carmen O La Gallera,2704
22050101010,La Cruz,2704
22050101011,Blanco O Jose Francisco Peña Gomez,2704
22050101012,Los Barrancones,2704
22050102001,Bayamon,2704
22050102002,Cabeza De Bestia,2704
22050102003,Comedero Bayo,2704
22050102004,El Barrero,2704
22050102005,El Batey,2704
22050102006,El Mamon,2704
22050102007,Guayabo,2704
22050102008,La Estancia,2704
22050102009,La Marinuela,2704
22050102010,La Meseta,2704
22050102011,Año Nuevo,2704
22050102012,Los Corbanitos,2704
22050102013,Los Corrales,2704
22050102014,Los Corralitos,2704
22050102015,Los Fundos Viejos,2704
22050102016,Los Memisos,2704
22050102017,Monte Arriba,2704
22050102018,Moronte,2704
22050102019,Petronica,2704
22050102020,Piedra De Amolar,2704
22050102021,San Jose,2704
22050102022,Los Aquino,2704
22050102023,Carrera De Higuero,2704
22050102024,Carrera De Burro,2704
22050102025,Sabana Sierra O Las Mulas,2704
22050102026,Ramon Castillo,2704
22050102027,Tumba Coco,2704
22050102028,La Flor,2704
22050103001,Los Barreros,2704
22050103002,Cañada Honda,2704
22050103003,Carrera Bonita,2704
22050103004,Catanamatias,2704
22050103005,Los Cercadillos,2704
22050103006,Los Corocitos,2704
18090103002,Bergantin,2109
18090104001,Cangrejo,2109
18090104002,Boca O Playa De Cangrejo,2109
18090104003,Los Cocos,2109
18090105001,Caraballo,2109
18090105002,Sabana De Los Muertos,2109
18090105003,Negro Melo,2109
18090105004,Pancho Mateo,2109
18090106001,Atollador,2109
18090106002,Alto De Ciriaco (Alto De Siriaco) O Los Ciruelos,2109
18090106003,La Gran Parada,2109
18090106004,Km. 12,2109
18090106005,Km. 13,2109
18090107001,Mozavi Arriba,2109
18090107002,Mozavi Abajo,2109
18090107003,La Cana,2109
18090107004,La Becara,2109
18090107005,La Municion,2109
18090107006,Severe,2109
18090107007,La Piedra,2109
18090107008,Arroyo Blanco,2109
18090107009,Loma Blanca,2109
22050103007,El Corozal,2704
22050103008,El Alto,2704
22050103009,El Pando,2704
22050103010,El Rodeo,2704
22050103011,Gajo Del Loco,2704
22050103012,Yabonico,2704
22050103013,La Artemisa O La Altamisa,2704
22050103014,La Cabuya,2704
22050103015,La China,2704
22050103016,La Enea,2704
22050103017,La Isabelita,2704
22050103018,La Laguna,2704
22050103019,La Regadera,2704
22050103020,La Sierra,2704
22050103021,Los Derramaderos,2704
22050103022,Los Jobillos,2704
22050103023,Montada O Monte Ara,2704
22050103024,Pajonal,2704
22050103025,Palos Amargos,2704
22050103026,Pan De Azecar,2704
22050103027,Sabana De Comelo O De Comer,2704
22050103028,Sabana En Medio (Catanamatias),2704
22050103029,Sabana En Medio (Los Copeyes),2704
22050103031,Severino,2704
22050103032,Tres Mangas,2704
22050103033,Los Copeyes O La Cabezada,2704
22050103034,Carrera De Limon,2704
22050103035,La Lomita,2704
22050103036,Saladillos,2704
22050103037,El Carrizal,2704
22050103038,La Cienaga,2704
22050103039,Sabana De Guano,2704
22050103040,Cabezada,2704
22050103041,Carrera De Palma,2704
22050103042,Los Botados,2704
22050103043,El Placer,2704
22050103044,Campocho,2704
22050103045,Corral Falso,2704
22050103046,Calabozo,2704
22050103047,El Alto De La Pastilla,2704
22050103048,Primer Sabana,2704
22050104001,Hato Rosario,2704
22050104002,Los Jabosos,2704
22050104003,El Hoyo,2704
22050104004,Los Cerritos,2704
22050104005,Guazumal,2704
22050104006,Carrera Conuco,2704
22050104007,Sabana Bonita,2704
22050104008,La Facunda,2704
22050104009,El Naranjo,2704
22050104010,Los Botados,2704
22050104011,La Mocha,2704
22050104012,El Quemado,2704
22050104013,Los Aposentos,2704
22050104014,El Pozo,2704
22050104015,Punta Caña,2704
22050104016,La Siembra,2704
22050104017,La Angola,2704
22050104018,La Lomita,2704
22050104019,Los Peñascos,2704
22050104020,Los Corrales,2704
22050104021,Juan Brown,2704
22050104022,La Jagua,2704
22050104023,Los Potrocarreras,2704
22050104024,La Tuna,2704
22050104025,Los Corbanos,2704
22050104026,El Pedregal,2704
22050201001,Matayaya O El Batey,2704
22050202001,Arroyo Zayas,2704
22050202002,Palma Cana,2704
22050202003,El Corte,2704
22050202004,El Almacigo,2704
22050202005,El Muey,2704
22050202006,Las Carreras,2704
22050202007,La Loma,2704
22050203001,El Cajuil Prieto,2704
22050203002,Los Cerros,2704
22050203003,Cocinera,2704
22050203004,El Barrerito (Km 4),2704
22050203005,La Vigia,2704
22050203006,Las Carreras De Ceiba,2704
22050203007,El Cajuil Blanco,2704
22050203008,Guaraguao,2704
22050203009,Rancho De Juana,2704
22050203010,Guayabo,2704
22050204001,El Pino,2704
22050204002,Guanito,2704
22050204003,La Baitoita Arriba,2704
22050204004,La Jaguita,2704
22050204005,La Pocilga,2704
22050204006,Los Jobos,2704
22050204007,Mangil Abajo,2704
22050204008,Miguel Martinez,2704
22050204009,Rio Del Padre,2704
22050204010,Arroyo Salado,2704
22050204011,Los Cimarrones,2704
22050204013,Laguna Prieta,2704
22050204014,Las Carreras,2704
22050204016,Las Auyamas,2704
22050205001,El Salto,2704
22050205002,Los Cercadillos,2704
22050205003,Los Fundos De Olivero,2704
22050205004,Los Alejo,2704
22050205005,Los Hoyos,2704
22050205006,Los Molinos,2704
22050205007,Luis Simon,2704
22050205008,Los Calabozos (La Estrelleta),2704
22050205009,Cuero De Gente,2704
22050205010,Sabana Bonita,2704
22050205011,El Guanal,2704
22050206001,Carrera De Marcos,2704
22050206002,El Cruce,2704
22050206003,Cara Linda,2704
22050206004,El Mamon,2704
22050206005,La Hoya,2704
22050206006,Matayaya,2704
22050206007,Buena Vista,2704
22050301001,Carreras De Yegua,2704
22050302001,Los Trozos,2704
22050302002,Guardarraya,2704
22050302003,Guayabo,2704
22050302004,Guayacan,2704
22050302005,Hoyo Prieto,2704
22050302006,Los Manacles,2704
22050302007,Media Luna,2704
22050302008,Tabacal,2704
22050302009,Copey Sano,2704
22050302010,Pinal Claro,2704
22050302011,Loma Sabana De La Sierra,2704
22050302012,Cañada Grande,2704
22050302013,Leandro,2704
22050302014,Candelones,2704
22050302015,Mata De Los Caos,2704
22050302016,Calabozo,2704
22050303001,Caña Segura,2704
22050304001,Pozo Hondo,2704
22050304002,Los Ladrillos,2704
22050304003,Los Limones,2704
22050304004,Cañada De Antonio,2704
22050305001,Ranchito,2704
22050305002,Palma Sola,2704
22050305003,Los Guayuyos,2704
22050305004,Alto De La Flores O Alto De La Paloma,2704
22050305005,Paso Fuerte,2704
22050305006,Vallecito,2704
22050306001,Escondido,2704
22050306002,El Guanabano,2704
22050306003,Las Piedras,2704
22050306004,Sabaneta,2704
22050306005,La Cruz,2704
22050307001,Yacahueque,2704
22010101001,Quija Quieta,2705
22010101002,Entrada De Jinova O La Cabirma,2705
22010101003,La Mesopotamia,2705
22010101004,Guachupita,2705
22010101005,Manoguayabo,2705
22010101006,El Corbano Norte,2705
22010101007,Villa Flores,2705
22010101008,Circunvalacion,2705
22010101009,Antonio Ronzino,2705
22010101010,Corbano Sur,2705
22010101011,Villa Liberacion O Campo De Aviacion,2705
22010101012,"Hermanas Mirabal, Campo De Aviacion O Anacaona",2705
22010101013,Ensanche La Fe,2705
22010101014,Villa Felicia O Los Gringos,2705
22010101015,Centro Del Pueblo,2705
22010101016,Villa Alexandra,2705
22010101017,Urbanizacion Estrella,2705
22010101018,Lucero O Villa Chavez,2705
22010101019,Montes De Oca,2705
22010101020,Cristo Rey,2705
22010101021,Urbanizacion Villa Real,2705
22010102001,Los Tamarindos,2705
22010102002,Las Dos Zanjas,2705
22010102003,Tierra Nueva (Suarez),2705
22010102004,Mangil,2705
22010102005,El Batey,2705
22010102006,Chalona Abajo,2705
22010102007,El Rodeo,2705
22010102008,Buena Vista,2705
22010102009,La Boca De Estancia,2705
22010102010,Cuenda Arriba,2705
22010102011,La Cuenda,2705
22010102012,Las Cienagas,2705
22010102013,Los Mameyes,2705
22010102014,Los Rincones,2705
22010102015,Barranca,2705
22010102016,Los Fundos,2705
22010102017,Magueyal O El Caobal,2705
22010102018,Catambu,2705
22010102019,El Aromal,2705
22010102020,Hato Viejo O Santome,2705
22010102021,Cuenda Abajo,2705
22010103001,Cañafistol,2705
22010103002,El Palmar,2705
22010103003,La Vera Del Rio,2705
22010103004,Tomanina,2705
22010103005,El Coco,2705
22010103006,Mendieta,2705
22010104001,Mogollon,2705
22010104002,Los Cerros,2705
22010104003,Lavapies,2705
22010104004,Sajoncito,2705
22010104005,La Cienaga,2705
22010104006,Higuerito O Lucero,2705
22010104007,El Uno,2705
22010104008,La Cidra,2705
22010104009,El Pergano,2705
22010104010,Maria Dionicia,2705
22010104011,El Toro Lado,2705
22010104012,Montes Del Estado,2705
22010104013,Campo De Aviacion,2705
22010105001,Guazumal,2705
22010105002,Los Capaces,2705
22010105003,Las Cañas,2705
22010201001,Pedro Corto,2705
22010202001,La Sierra,2705
22010202002,Mabrigida,2705
22010202003,Cabeza Del Muerto,2705
22010202004,Carrera De Naranjo,2705
22010202005,Agua Hedionda,2705
22010203001,Pedro Sanchez,2705
22010203002,Jovayal,2705
22010203003,Columna Arriba,2705
22010203004,Columna Abajo,2705
22010203005,Media Cara,2705
22010203006,Kilometros 11 Al 15,2705
22010203007,Hato Viejo,2705
22010203008,Nicaragua,2705
22010203009,El Llanito,2705
22010203010,La Sabana,2705
22010203011,Los Sajones,2705
22010203012,Tierra Dura,2705
22010203013,Rincon Bellaco,2705
22010203014,La Urca,2705
22010203015,Carretera De Naranjo,2705
22010203016,Piedra Blanca,2705
22010204001,Punta Caña O Los Cerros,2705
22010204002,Arroyo Loro,2705
22010204003,La Urca,2705
22010204004,Gargaguar,2705
22010204005,Guanabano,2705
22010204006,Hato Abajo,2705
22010204007,Los Pozuelos,2705
22010204008,Los Almacigos,2705
22010204009,Sabana En Medio,2705
22010204010,La Ceja,2705
22010304010,Los  Jaimines,2705
22010304011,El Chicharron,2705
22010304012,Gajo Del Bohio,2705
22010304013,El Yayal,2705
22010305001,Hoyo Prieto,2705
22010305002,La Higuera,2705
22010305003,Piedra Blanca,2705
22010305004,Los Tomates,2705
22010305005,El Manguito,2705
22010305006,La Guama,2705
22010305007,Palo Del Viento,2705
22010305008,La Rosa,2705
22010305009,La Cienaga,2705
22010306001,La Lometa,2705
22010307001,Los Arroyos,2705
22010307002,La Cañita,2705
22010401001,Sabana Alta,2705
22010401002,Los Burros,2705
22010402001,Kilometro 11,2705
22010402002,Kilometro 12,2705
22010402003,Puente Mijo,2705
22010402004,Juan Alvarez,2705
22010402005,Mijo O Kilometro 13,2705
22010402006,El Papayo,2705
22010403001,Los Vallaondito (Los Bayahondito),2705
22010403002,Sabana Piedra,2705
22010403003,El Cajon,2705
22010403004,Nicaragua,2705
22010403005,Los Sajones O El Sajon,2705
22010501001,La Rosario Arriba,2705
22010501002,Rosario Al Medio,2705
22010501003,Rosario Abajo,2705
22010502001,Manoguayabo O Los Caños,2705
22010502002,El Hato,2705
22010502003,Los Cambrones,2705
22010502004,La Culata,2705
22010502005,Rincon Abajo,2705
22010502006,La Herradura,2705
22010502007,El Rosario,2705
22010502008,Las Palmas,2705
22010502009,Rincon De Aji,2705
22010502010,Los Corbanitos (Caobita),2705
22010502011,Mascotillo,2705
22010502012,Pueblo Nuevo,2705
22010502013,La Toronja,2705
22010502014,La Basura,2705
22010502015,Villa Filda,2705
22010502016,Las Yayas,2705
22010502017,La Primer Agua,2705
22010502018,Macote,2705
22010502019,El Cerro,2705
22010503001,Cardon,2705
22010503002,Arenoso,2705
22010504001,El Copey O Rancho Copey,2705
22010504002,El Puente,2705
22010504003,El Capa,2705
22010504004,Casilla,2705
22010504005,Los Charcos,2705
22010504006,Agua Prieta,2705
22010504007,El Carril,2705
22010504008,Los Lechosos,2705
22010504009,El Caney,2705
22010601001,Hato Del Padre,2705
22010602001,El Cajuil,2705
22010602002,Conojo (Dormidero Al Medio),2705
22010602003,Los Portugueses,2705
22010602004,El Prado,2705
22010602005,Tierra Prieta,2705
22010602006,La Garita,2705
22010602007,Los Callejones,2705
22010602008,Los Rios,2705
22010602009,El Corbano,2705
22010602010,Los Caños,2705
22010602011,Arroyo Viejo,2705
22010603001,La Higuera,2705
22010603002,Asiento De Luisa,2705
22010603003,La Mallita,2705
22010603004,El Ciruelo,2705
22010603005,El Ciruelito,2705
22010604001,Arroyo Loro,2705
22010604002,Magueyar Norte,2705
22010604003,Kilometro 12 Norte (La Hurca),2705
22010604004,La Otra Vera,2705
22010701001,Guanito O Centro Del Pueblo,2705
22010701002,El Cerro,2705
22010701003,La Espargata,2705
22010701004,Buena Fortuna,2705
22010702001,El Proyecto,2705
22010702002,Cayucal (El Tunal),2705
22010702003,Altos De Los Melones (Cerro De Los Meloneso Las T*,2705
22010703001,Los Bancos,2705
22010703002,Los Bancos Viejos,2705
22010703003,Los Burros,2705
22010703004,Los Papayos,2705
22010703005,Los Bancos Abajo,2705
22010801001,La Jagua,2705
22010802001,El Naranjo,2705
22010802002,El Abejon,2705
22010802003,Los Cercadillos,2705
22010802004,La Zurza,2705
22010802005,El Palmar,2705
22010802006,Los Botaos,2705
22010802007,El Pinar,2705
22010802008,Las Cañitas,2705
22010803001,El Hatico,2705
22010803002,Guayabo Dulce,2705
22010803003,Hato Maiz,2705
22010803004,Cardo Prieto,2705
22010803005,Los Rincones,2705
22010803006,La Aguita,2705
22010803007,Los Vallecitos,2705
22010803008,Los Montes Frescos,2705
22010803009,Los Gajos Largos,2705
22010803010,El Guanal,2705
22010804001,El Cerrito,2705
22010804002,Dajai,2705
22010804003,Caimito,2705
22010804004,La Roda,2705
22010804005,La Isleta,2705
22010805001,El Guayabal,2705
22010805002,Caracol,2705
22010805003,Palo Quemao,2705
22010805004,El Rodeo,2705
22010805005,Sabana Larga,2705
22010805006,La Meseta,2705
22010901001,Maguanas Abajo,2705
22010902001,Los Santiles,2705
22010902002,Pasatiempo Arriba,2705
22010902003,Pasatiempo Abajo,2705
22010902004,Matadero,2705
22010903001,Higuerito,2705
22010903002,Pozo Prieto,2705
22010903003,Loma Del Chivo,2705
22010903004,Los Cerros,2705
22010904001,Dormidero,2705
22010904002,La Meseta,2705
22010904003,Corralito,2705
22010905001,Hato Nuevo,2705
22010905002,Los Cerros De Hato Nuevo,2705
22010905003,Los Piñones,2705
22010905004,La Cana De Hato Nuevo,2705
22010905005,La Piña,2705
22010905006,La Migaja,2705
22010905007,Maguana Al Medio,2705
22010905008,Maguana Arriba,2705
22011001001,Las Charcas De Maria Nova,2705
22011002001,Loma De Babor,2705
22011002002,Agua De Raton,2705
22011002003,El Cafecito,2705
22011002004,El Vallecito,2705
22011002005,El Guanal,2705
22011002006,La Guardarraya,2705
22011002007,Las Nueces,2705
22011003001,Las Charcas Viejas,2705
22011003002,Pedro Martin O Tierrita Blanca,2705
22011003003,Maguana,2705
22011003004,La Rigolita,2705
22011003005,La Lomita,2705
22011003006,Kilometro 12 Sur,2705
22011003007,Loma De Babor O Alto De Las Flores,2705
22011003008,El Guanal O La Berma,2705
22011003009,El Vallecito,2705
22011004001,Babor Abajo,2705
22011004002,La Pascuala O La Pascuaza,2705
22011004003,Madre Gil O Madregil,2705
22011004004,Babor Afuera O Babor Arriba,2705
22011101001,Las Zanjas,2705
22011102001,El Cacheo,2705
22011102002,Cativo,2705
22011102003,La Meseta,2705
22011102004,El Yugal (El Palmarito),2705
22011102005,El Arroyo Grande,2705
22011102006,Carrera Del Pino,2705
22011103001,La Florida,2705
22011103002,El Corozo,2705
22011103003,El Quemao O El Quemao De Santiago,2705
22011103004,La Sabana O Las Sabanas,2705
22011103005,Loma Verde,2705
22011103006,Arroyo Chiquito,2705
22011103007,El Guarico,2705
22011104001,Las Zanjas,2705
22011104002,La Peña,2705
22011104003,Fondo Viejo,2705
22011104004,Los Granadillos,2705
22011104005,El Jobo,2705
22011105001,Las Charcas De Garabito,2705
22011105002,Atico O El Hatico,2705
22011105003,El Candelon,2705
22011105004,Los Lamederos,2705
22011105005,El Rodeo,2705
22011106001,El Batey,2705
22011106002,Cañita,2705
22011106003,Batey Chiquito,2705
22011106004,Los Orozcos,2705
22011106005,Las Auyamas,2705
22011106006,Pedro Ramon,2705
22011106007,El Otro Lado,2705
22011107001,El Kilometro 9,2705
22011107002,La Finca,2705
22011107003,Kilometro 6,2705
22011107004,El Conuco,2705
22011107005,Cañada Seca,2705
22011107006,Bayahondo,2705
22060101001,Las Clavellinas,2706
22060101002,La Colonia,2706
22060101003,El Hato O Centro Del Pueblo,2706
22060101004,Las Flores O Carrera De Yeguas,2706
22060101005,Lindo,2706
22060101006,Los Fundos,2706
22060101007,Los Pinos,2706
22060101008,El Diez,2706
22060101009,"El Bolsillo, La Curvita O El Abanico",2706
22060102001,La Altamisa,2706
22060102002,Pedro Sanchez,2706
22060102003,Sabana Grande,2706
22060102004,El Guayabo,2706
22060102005,Cañafistol,2706
22060102006,Capulin,2706
22060102007,Los Pozos,2706
22060102008,Rio Arriba Del Sur,2706
22060102009,Cañada De Palma,2706
22060102010,Palma Caña,2706
22060102011,El Barrero,2706
22060102012,Las Cañitas,2706
22060102013,Los Fundos,2706
22060102014,La Rosa,2706
22060102015,Sonador,2706
22060102017,El Pozo De Limon,2706
22060201001,Rodeo,2706
22060201002,Azul,2706
22060202001,La Caobita,2706
22060202002,El Rodeo,2706
22060202003,Cabeza Del Rodeo,2706
22060202004,La Patilla,2706
22060202005,Pie Cano,2706
22060202006,May Isabel,2706
22060202007,La Siembra O La Siembrita,2706
22060202008,La Ceiba,2706
22060203001,Cañada Del Cafe,2706
22060204001,Carrera De Puerta,2706
23040101001,Central,2801
23040101002,Santa Ana,2801
23040101003,Las Palmas,2801
23040101004,El Cachipero O Villa Progreso,2801
23040101005,Villa Verde,2801
23040101006,Guachupita,2801
23040101007,La Guamita,2801
23040101008,La Habana,2801
23040101009,Hato Mayor,2801
23040101010,La Aviacion,2801
23040101011,Puerto Rico,2801
23040101012,Habitacional Consuelo (George),2801
23040101013,El Quilombo,2801
23040101014,Pueblo Nuevo,2801
23040101015,El Invi,2801
23040101016,Los Jardines,2801
23040101017,La Carretera,2801
23040101018,Enriquillo,2801
23040101019,Puerto Principe,2801
23040101020,Urbanizacion Maestro Li,2801
23040101021,Los Vecinos,2801
23040101022,Urbanizacion Sueño Real,2801
23040101023,Libertad,2801
23040101024,La Mina,2801
23040101025,La Gallera,2801
23040101026,La Loma,2801
23040101027,Los Quimicos,2801
23040102001,Batey Alejandro Bass,2801
23040102002,Batey Santo Angel,2801
23040102003,Batey Ab-4,2801
23040102004,San Felipe,2801
23040102005,Batey Euskarduna,2801
23040102006,Batey Margarita,2801
23040102007,Batey Amelia,2801
23040102008,Batey Vasca,2801
23040102009,Hicotea,2801
23040102010,La Grea,2801
23040102011,Los Higos,2801
23040102012,Batey Felipa,2801
23040102013,Batey Catorce (Batey Ceila),2801
23040102014,Batey Doña Lila,2801
23040102015,El Bembe,2801
23040103001,Cañada Del Negro,2801
23040103002,Las Callas,2801
23040103003,Batey Victoria,2801
23040103004,Los Chicharrones,2801
23040103005,Batey Consuelito,2801
23040103006,Arroyo Seco,2801
23040103007,Batey Experimental,2801
23040103008,Batey Don Juan,2801
23040103009,Batey San Luis,2801
23040103010,Los Platanitos,2801
23040103011,Rochona,2801
23040103012,El Block,2801
23060101001,Guayacanes,2802
23060102001,Banco De Arena,2802
23060102002,El Conuco,2802
23060102003,Juan Dolio,2802
23060102004,Villa Del Mar,2802
23060102005,La Habitacion,2802
23060102006,El Callito,2802
23060102007,La Tumba,2802
23060102008,Cruce De Cayacoa,2802
23060102009,Batey La Fe,2802
23060102010,Batey 5,2802
23060102011,El Higuero,2802
23060103001,Las Cabuyas,2802
23060103002,Batey Dos,2802
23060103003,Honduras,2802
23060103004,Hoyo Del Toro,2802
23060103005,Los Solares (Ant. Juan Pedro),2802
23060103006,Los Solares I (Ant. Juan Eugenio-La Jaja)),2802
23020101001,Centro Del Pueblo,2803
23020101002,Los Cocos,2803
23020101003,El Conde,2803
23020101004,Los Multis,2803
23020101005,Villa Maco,2803
23020101006,La Palma,2803
23020101007,La Guazara,2803
23020101008,Rumbamba,2803
23020102001,La Salvadora,2803
23020102002,El Bronce,2803
23020102003,Cayacoa O Nuevo Cayacoa,2803
23020102004,Las Mercedes,2803
23020102005,Cayacoa Del Guano,2803
23020102006,Los Dos Hermanos,2803
23020102007,El Magantillo,2803
23020102008,Hatillo,2803
23020102009,El Tintero,2803
23020102010,El Uno,2803
23020102011,El Corozo,2803
23020102012,Hermita Del Blanco - Ermita,2803
23020102013,Batey La Mulita,2803
23020102014,Batey El Blanco,2803
23020102015,Batey Cayacoita,2803
23020103001,Cachimbito,2803
23020103002,Sabana Tosa,2803
23020103003,Canepa Verde,2803
23020103004,Clavellina,2803
23020103005,Batey Copeyito,2803
23020103006,Canarios,2803
23020103007,Batey Paloma,2803
23020103008,Las Caobas,2803
23020103009,La Yeguada,2803
23020103010,La Rufina,2803
23020103011,El Guajabo,2803
23020103012,El Jengibre,2803
23020103013,Batey Brujuelas,2803
23020103014,Hatillo,2803
23020103015,Los Almacigos,2803
23020103016,El Alto De China,2803
23020103017,Victorina,2803
23020103018,Pañapaña,2803
23020103019,La Cruz,2803
23020103020,Batey Contador,2803
23020103021,El Manguito,2803
23020103022,San Ildefonso,2803
23020103023,Los Anones,2803
23020103024,La Gaviota,2803
23020103025,Batey Nuevo,2803
23020103026,Batey San Felipe,2803
23020103027,El Guayabal,2803
23020103028,Batey Cuquito,2803
23020103029,La Mulita De Guayabal,2803
23020103030,San Jose,2803
23020103031,Yabacao,2803
23020103032,Los Botados,2803
23020103033,Las Mercedes O Los Mella,2803
23020104001,Batey Ulloa,2803
23020104002,El Jengibral,2803
23020104003,Batey Casui,2803
23020104004,Batey Nuevo,2803
23020104005,San Marcos,2803
23020104006,Los Capaces,2803
23020104007,El Rancho,2803
23020104008,Los Jibaros,2803
23020104009,Batey Naranjo,2803
23020104010,La Bomba,2803
23020104011,Batey Estrella,2803
23020104012,Juana Lorenza (Buena Vista),2803
23020104013,Polanco,2803
23020104014,Las Guaranas,2803
23020104015,La Altamisa,2803
23020104016,Maria Lorenza,2803
23020104017,Cañada,2803
23020104018,Batey Canutillo,2803
23020104019,Batey Tumba,2803
23020104020,El Coco,2803
23020104021,Batey Gallareta,2803
23020104022,Mata Gallina,2803
23020104023,Batey Consuelito,2803
23020104024,Botin,2803
23020104025,Hormigo,2803
23020104026,Asiento Zapata Botin,2803
23020201001,El Puerto,2803
23020202001,Plumita,2803
23020202002,Los Mameyes,2803
23020202003,La Batata,2803
23020202004,La  Sosa,2803
23020202005,La Trocha,2803
23020202006,Contreras,2803
23020202007,Sacaturron,2803
23020202008,Sabana Madera,2803
23020202009,La Infinita,2803
23020202010,Canfor,2803
23020202011,La Higuereta,2803
23020202012,El Saco,2803
23020202013,Los Pachecos,2803
23020202014,Rio Abajo,2803
23020202015,Arroyo Bernabe,2803
23020202016,Las Guanabanas (Maraa Lorenza),2803
23020202017,El Fundo,2803
23020202018,La Loma,2803
23020202019,San Geronimo,2803
23020202020,Batey Caimito,2803
23020202021,Batey Realidad,2803
23020202022,Santana,2803
23020202023,Felipa Perez (Polanco),2803
23020202024,Brujuelas (Asiento Zapata Botin),2803
23020202025,El Llano De Guabatico,2803
23020202026,Yabacao,2803
23020202027,La Tranca,2803
23020202028,Sabana De Tosa,2803
23020202029,El Cable O Peso Uno,2803
23020301001,Gautier,2803
23020302001,San Jose,2803
23020302002,Cruce De Boca Chica,2803
23020302003,La Mula,2803
23020302004,La Luisa,2803
23020302005,La Plumita,2803
23020302006,La Redonda,2803
23020302007,Peso Al Medio,2803
23020302008,Gautier Rural,2803
23050101001,Invi I,2804
23050101002,Invi Ii,2804
23050101003,La Higuereta,2804
23050101004,La Loma,2804
23050101005,Punta Brava,2804
23050101006,Pueblo Nuevo,2804
23050101007,La Plaza,2804
23050101008,San Carlos,2804
23050101009,Placer Bonito,2804
23050101010,Los Chifles,2804
23050101011,Villa Bargabina O El Tanque,2804
23050101012,El Silencio,2804
23050101013,Africa,2804
23050101014,Guachupita,2804
23050101015,Villa Verde I,2804
23050101016,Villa Verde Ii,2804
23050102001,Pajarito,2804
23050102002,Batey Taino (Higuamo I),2804
23050102003,La Banca,2804
23050103001,Higuamo,2804
23050103002,Monte Largo,2804
23050103003,Los Montes,2804
23050103004,Batey Higuamo Ii,2804
23050104001,La Ceiba,2804
23050104002,Moruno Del Guano,2804
23050104003,Honduras,2804
23050104004,La Griega,2804
23050104005,Zorra Buena,2804
23050105001,Batey Moruno De Quisqueya,2804
23050105002,Caonabo (Batey Siria),2804
23050105003,Batey Marien (Higuamo Tres),2804
23050106001,Batey Algodon,2804
23050106002,Malulani,2804
23050106003,Iguaniona (Muelle De Quisqueya),2804
23050107001,Los Montones,2804
23050107002,Mata Caliche,2804
23050107003,Barbadillo,2804
23050107004,Batey Los Medina,2804
23050107005,La Jagua,2804
23050107006,Las Mercedes,2804
23050107007,Los Fundos,2804
23050107008,Palmarito,2804
23030101001,Centro Del Pueblo,2805
23030101002,Los Altos,2805
23030101003,Nuevo,2805
23030102001,Plumita Regajo,2805
23030102002,Palmarito,2805
23030102003,Mahoma,2805
23030102004,Batey Eureka,2805
23030102005,Kilometro 14-1/2,2805
23030102006,Pico Blanco,2805
23030102007,Boca De Cumayasa,2805
23030102008,El Gran Peñon,2805
23030102009,Los Arados,2805
23030102010,Batey Negro,2805
23030102011,Las Sardinas,2805
23030102012,El Soco,2805
23030102013,Batey Jagual,2805
23030102014,Laguna Prieta,2805
23030103001,Paso Al Medio,2805
23030103002,Pepillo,2805
23030103003,Batey Verde,2805
23030103004,Batey Amador,2805
23030103005,Jabilla Gorda I,2805
23030103006,Jabilla Gorda Ii,2805
23030103007,La Bomba,2805
23030103008,Batey La Cubana (La Dominicana),2805
23030103009,Los Lerenes,2805
23030103010,Batey Atilano I,2805
23030103011,Batey Atilano Ii,2805
23030103012,Parcela  I,2805
23030103013,Parcela Ii,2805
23030104001,Famier,2805
23030104002,Caballo Viejo,2805
23030104003,Magarin,2805
23030104004,Guanabano,2805
23030104005,Batey Diego,2805
23030104006,Batey Cabeza De Toro,2805
23030104007,Batey Campiña,2805
23030104008,Batey Lima,2805
23030104009,Batey Regajo,2805
23030104010,Batey Piñones,2805
23030104011,Agua Lluvia,2805
23030104012,Grafis,2805
23030104013,Jobito,2805
23030104014,Rio Abajo Maga,2805
23030104015,La Trocha,2805
23030104016,Concho Primo,2805
23010101001,La Punta Pescadora,2806
23010101002,Blanco,2806
23010101003,Placer Bonito,2806
23010101004,Mexico,2806
23010101005,Las Piedras,2806
23010101006,Pedro Justo Carrion,2806
23010101007,Centro De La Ciudad,2806
23010101008,Sector Evangelina Rodriguez,2806
23010101009,Japon,2806
23010101010,Juan Pablo Duarte,2806
23010101011,Filipinas,2806
23010101012,Toconal,2806
23010101013,La Playa Del Muerto,2806
23010101014,Los Guandules,2806
23010101015,Villa Velazquez,2806
23010101016,Las Flores,2806
23010101017,Independencia,2806
23010101018,Los Maestros,2806
23010101019,John F. Kennedy,2806
23010101020,Villa Progreso,2806
23010101021,Sarmiento,2806
23010101022,Las Caobas,2806
23010101023,Restauracion,2806
23010101024,Sector Mallen,2806
23010101025,Villa Providencia,2806
23010101026,Villa Municipal,2806
23010101027,Urbanizacion La Roca,2806
23010101028,Lindo,2806
23010101029,Pueblo Nuevo O La Arena,2806
23010101030,Villa Magdalena,2806
23010101031,Invi - Cea,2806
23010101032,Villa Olimpica,2806
23010101033,Ingenio Porvenir,2806
23010101054,Puerta De Santa Fe,2806
23010101055,Urbanizacion Palo De Azecar,2806
23010101056,El Otro Lado,2806
23010101057,Plan Porvenir O Los Cajones,2806
23010101058,Los Vicini,2806
23010101059,Urbanizacion Oriental,2806
23010101060,El Club,2806
23010101061,Colina I,2806
23010101062,Colina Ii,2806
23010101063,Colina Iii,2806
23010101064,Villa Centro,2806
23010101065,Batey 8,2806
23010101066,Ciscara Jibara,2806
23010101067,Canta Rana,2806
23010101068,Residencial San Pedro,2806
23010101069,Ciudad Codiana,2806
23010101070,Cementerio Metropolis De San Pedro,2806
23010101071,Jose Francisco Peña Gomez,2806
23010101072,Kilometro 3 1/2,2806
23010101073,Residencial Paraiso De San Pedro,2806
23010101074,Residencial Villa El Coral,2806
23010101075,El Brisal,2806
23010101076,Santa Clara,2806
23010101077,Villa Paredes,2806
23010101078,Organizacion,2806
23010101079,Parque Industrial Zonas Francas,2806
23010101080,El Patio,2806
23010101081,Petropolis,2806
23010101082,Barrio Sin Nombre,2806
23010102001,El Cruce,2806
23010102002,Las Piedras,2806
23010102003,El Palmar,2806
23010102004,El Peñon,2806
23010102005,Los Palitos,2806
23010102006,Miguelucho,2806
23010102007,Batey Bobadilla,2806
23010102008,Batey Monte Cristi,2806
23010102009,La Charca,2806
23010102010,Batey Olivares,2806
23010102011,La Balsa,2806
23010102012,La Americana,2806
23010102013,La Guinea,2806
23010102014,San Juan Bautista,2806
23010102015,Palo Viejo,2806
23010102016,Batey Aleman,2806
23010102017,Punta Afuera,2806
23010102018,Boca Del Soco,2806
23010102019,Batey Esperanza,2806
23010102020,Batey La Inocencia,2806
23010102021,La Puerta De Santa Fe,2806
23010102022,Ingenio Cristobal Colon,2806
23010102023,Ingenio Angelina,2806
23010102024,Batey La Laura,2806
23010102025,La Punta Pescadora,2806
25020108001,Vuelta Larga,2902
25030101001,Centro Del Pueblo,2903
25030101002,El Play,2903
25030101003,San Jose,2903
25030101004,Pueblo Nuevo,2903
25030102001,Guayabales,2903
25030102002,Las Cejitas,2903
25030102003,Boca Naranjos,2903
25030102004,Damajagua,2903
25030102005,El Barco,2903
25030102006,Las Yayas,2903
25030102007,Cagueyes,2903
25030102008,El Palero,2903
25030103001,Arroyo Piedra,2903
25030103002,Batey,2903
25030103003,Cebe,2903
25030103004,Damajagua,2903
25030103005,Los Jazmines,2903
25030103006,Guatiniquin,2903
25030103007,La Caoba,2903
25030104001,Arroyo Seco,2903
25030104002,El Verde,2903
25030104003,Los Indios,2903
25030104004,Zalaya,2903
25030104005,Los Robles,2903
25030104006,Dicayagua Abajo,2903
25030104007,Los Altos,2903
25030104008,Dicayagua Arriba,2903
25030105001,Jagua Abajo,2903
25030105002,El Naranjo,2903
25030105003,Los Guanos,2903
25030105004,Llano De Jagua,2903
25030105005,Henequen,2903
25030105006,Loma De La Vaca,2903
25030105007,La Piña,2903
25030105008,Los Lavaderos,2903
25030105009,Cañada Grande,2903
25030105010,La Cuchilla,2903
25030105011,Los Calabozos,2903
25030105012,Jagua Arriba,2903
25030106001,Loma Del Corral,2903
25030106002,La Caña,2903
25030106003,La Fortaleza,2903
25030106004,Los Lirios,2903
25030106005,Malaga,2903
25030106006,Piedra Gorda,2903
25030106007,Loma Sucia,2903
25030107001,Babocico,2903
25030107002,Gurabo,2903
25030107003,Boca De Janico,2903
25030107004,Las Mesetas,2903
25030107005,Bao,2903
25030107006,Monterias,2903
25030107007,Los Asientos,2903
25030107008,Hoyo De Bao,2903
25030107009,Baiguaque,2903
25030201001,Juncalito Abajo,2903
25030202001,Cerro Prieto,2903
25030202002,Baiguaque,2903
25030202003,Franco Bido,2903
25030202004,Los Cadillos,2903
25030202005,Lora De Los Auqueyes,2903
25030202006,Sabaneta Abajo,2903
25030202007,Los Auqueyes,2903
25030202008,Los Cirises,2903
25030202009,El Pinazo,2903
25030202010,Zalzamora (Zarzamora),2903
25030202011,Arroyo Malo,2903
25030202012,Los Guayuyos,2903
25030203001,Rio Abajo,2903
25030203002,Los Lora,2903
25030203003,El Palero,2903
25030203004,El Tuerto,2903
25030203005,Quebrada,2903
25030203006,El Quemado,2903
25030203007,La Laguna,2903
25030203008,La Calabaza,2903
25030203009,Janey,2903
25030203010,Los Auyenes,2903
25030203011,Sabaneta Arriba,2903
25030203012,El Naranjo,2903
25030203013,La Berenjena,2903
25030203014,Los Montazos,2903
25030203015,Rio Arriba,2903
25030204001,Dojima,2903
25030204002,La Norita,2903
25030204003,La Lechuza,2903
25030204004,La Estaca,2903
25030204005,El Higuero,2903
25030204006,Loma De La Cruz,2903
25030204007,El Naranjito,2903
25030204008,Piedra Blanca,2903
25030204009,La Calaberna,2903
25030204010,Juncalito Arriba,2903
25030204011,La Culebra,2903
25030204012,Los Arroyos,2903
25030204013,Loma Prieta,2903
25030204014,Los Granizos,2903
25030204015,Rincon Del Novillo,2903
25030204016,El Cacique,2903
25030204017,Pico Alto,2903
25030205001,Naranjo Dulce,2903
25030205002,El Mocho,2903
25030205003,Los Positos,2903
25030205004,Rincon Largo,2903
25030206001,Rincon Llano,2903
25030206002,La Paria,2903
25030206003,Cerro Prieto,2903
25030206005,El Cerrazo,2903
25030206006,Lomita Prieta,2903
25030206007,Parque Nacional,2903
25030206008,Loma Del Rancho,2903
25030206009,Pajarito,2903
25030206010,La Guajaca,2903
25030301001,El Caimito,2903
25030301002,El Palero,2903
25030301003,Los Corocitos,2903
25030301004,Los Caballos,2903
25030301005,Paso Afuera,2903
25030302001,El Aguacate,2903
25030302002,El Brujo  (Yaque Abajo),2903
25030302003,El Corral,2903
25030302004,El Yagual O El Jagual,2903
25030302005,Yaque Arriba,2903
25030302006,La Pocilguita,2903
25030302007,Los Camarones,2903
25030302008,Los Palmaritos,2903
25030303001,El Hoyo U Hoyo Bello,2903
25030303002,El Presentado,2903
25030304001,Pinalito,2903
25030304002,Botoncillo,2903
25030304003,Guanajuma,2903
25030304004,El Anon,2903
25030304005,Las Auyamas,2903
25030304006,Damajagua,2903
25030304007,Henequen,2903
25030304008,Cañete,2903
25030304009,Loma Alta,2903
25030305001,Arenilla,2903
25030305002,Bejucal,2903
25030305003,El Corbano,2903
25030305004,El Monteadero,2903
25030305005,El Papayo,2903
25030305006,El Pescadero,2903
25030305007,El Roblito,2903
25030305008,El Turco,2903
25030305009,La Cidra,2903
25030305010,La Cueva,2903
25030305011,La Faldiquera,2903
25030305012,La Guamita,2903
25030305013,La Horqueta,2903
25030305014,La Jagua O La Vagua,2903
25030305015,Las Animas,2903
25030305016,Los Calimetes,2903
25030305017,Los Pilones,2903
25030305018,El Pie De Los Pilones,2903
25030305019,Potranquita,2903
25030305020,Rancho Viejo,2903
25030305021,Rincon Llano,2903
25030305022,Hundidera,2903
25030306001,Aguacate,2903
25030306002,El Corral,2903
25030306003,El Cerrazo,2903
25030306004,La Guama O La Guania,2903
25030306005,Los Negros,2903
25030306006,Piedra Blanca,2903
25030306007,Las Palerias,2903
25030306008,Los Limones,2903
25030306009,La Cidra,2903
25030306010,Paso Hondo,2903
25030306011,Los Tomates,2903
25040101001,Villa Alba,2904
25040101002,Los Osorias,2904
25040101003,Los Solano,2904
25040101004,El Centro,2904
25040101005,Urbanizaciã“N Las Esmeraldas,2904
25040102001,La Cruz De Maria Francisca,2904
25040102002,Limonal Arriba,2904
25040103001,Licey Arriba,2904
25040103002,Monte Adentro Arriba,2904
25040104001,Licey Abajo,2904
25040105001,Cruz De Isalguez,2904
25040201001,Las Palomas O Centro Del Pueblo,2904
25040201002,Limonal,2904
25040201003,Las Palomas Abajo,2904
25040201004,Los Aritas,2904
25040201005,Las Palomas Arriba,2904
25040201006,Los Mirandas,2904
25040201007,Cruce De Chã“N,2904
25040201008,Los Portes,2904
25040201009,Triple Play,2904
25040201010,Los Colelos,2904
25040201011,Los Cruces,2904
25040202001,Uveral,2904
25080101001,Puñal,2905
25080102001,Los Cocos,2905
25080103001,Arenoso O Arenoso Arriba,2905
25080103002,Los Albinos,2905
25080103003,Los Gonzalez,2905
25080103004,Los Cabral,2905
25080103005,Los Rodriguez,2905
25080103006,Los Estrella,2905
25080103007,Tierra Blanca,2905
25080104001,La Jabilla,2905
25080104002,Los Cercadillos,2905
25080104003,San Antonio,2905
25080105001,Monte Adentro,2905
25080105002,Matanzas Adentro,2905
25080105003,Matanzas Afuera,2905
25080105004,Alto De Matanzas,2905
25080106001,Laguna Prieta Al Centro,2905
25080106002,Monte Adentro,2905
25080106003,Laguna Prieta Abajo,2905
25080106004,Laguna Prieta Arriba,2905
25080201001,Guayabal,2905
25080202001,Estancia Nueva,2905
25080202002,Estancia Nueva  Arriba,2905
25080202003,Estancia Nueva Abajo,2905
25080202004,Mora,2905
25080202005,Los Ciruelitos,2905
25080202006,Castillo Arriba,2905
25080202007,Don Juan,2905
25080202008,Castillo Abajo,2905
25080202009,La Guazara,2905
25080203001,Palo Amarillo,2905
25080203002,La Angostura,2905
25080203003,El Guano,2905
25080203004,La Jagua Arriba,2905
25080203005,La Jagua Abajo,2905
25080203006,Doña Agueda,2905
25080203007,Los Picos,2905
25080204001,La Guazara,2905
25080204002,Guayabal Arriba,2905
25080301001,Canabacoa Abajo,2905
25080302001,Canabacoa,2905
25080302002,La Capilla,2905
25080303001,Colorado,2905
25080303002,Los Castillos,2905
25080303003,Sabaneta De Las Palomas,2905
25080303004,Limonal Abajo,2905
25080303005,La Freiduria O Fardiquera,2905
25090101001,La Arcilla,2906
25090101002,La Corporacion,2906
25090102001,Boca De Bao,2906
25090102002,El Hoyo Del Cercado,2906
25090102003,La Barranca,2906
25090102004,La Furnia (La Boca),2906
24010101001,Rosario Dominicana (Los Mineros),2402
24010101002,Los Cajuiles,2402
24010101003,Pueblo Nuevo,2402
24010101004,La Gallera,2402
24010101005,Los Tocones,2402
24010101006,El Tamarindo,2402
24010101007,El Centro,2402
24010101008,El Dorado,2402
24010101009,Los Cocos,2402
24010101010,Los Españoles,2402
24010101011,La Esperanza,2402
24010101012,La Yuca,2402
24010101013,La Fortaleza,2402
24010101014,El Hato,2402
24010101015,Libertad,2402
24010101016,Santa Rosa,2402
24010101017,Las Yaguas,2402
24010101018,Santa Fe,2402
24010101019,Olimpico,2402
24010101020,La Cruz,2402
24010101021,Las Colinas,2402
24010101022,Urbanizacion Los Maestros,2402
24010101023,Sabana Al Medio,2402
24010101024,Los Multi,2402
24010101025,Vista Del Valle,2402
24010101026,La Estancia,2402
24010101027,Los Pinos,2402
24010101028,Las Flores,2402
24010101029,Hicaco O El Alto De La Batata,2402
24010101030,La Altagracia Al Norte,2402
24010101031,La Altagracia Ii,2402
24010101032,La Policia O Urbanizacion Palma Real,2402
24010101033,El Paraiso,2402
24010101034,El Tanque,2402
24010101035,Los Pomos,2402
24010101036,Plan Piloto,2402
24010101037,La Colonia O Lindo,2402
24010101038,Juan Pablo Duarte,2402
24010101039,El Limpio,2402
24010101040,San Martin,2402
24010101041,Urbanizacion Elfa,2402
25090102005,La Galeta O La Goleta,2906
25090103001,Los Ranchos De Babosico Abajo,2906
25090103002,Los Ranchos De Babosico Arriba,2906
25090103003,Palo Amarillo,2906
25090103004,La Joya (Rincon),2906
25090103005,Rancho Abajo (Vuelta Larga),2906
25090103006,Sabaneta,2906
25090103007,Terrero,2906
25090103008,Zalaya,2906
25090104001,Guardarraya,2906
25090104002,La Caoba O Caobeta,2906
25090104003,Boca De Corral,2906
25090104004,Cañaveral,2906
25090104005,El Flaire,2906
25090104006,La Zanja,2906
25090104007,Piedra Gorda,2906
25090104008,Yerba De Culebra,2906
25050101001,Pueblo Nuevo,2907
25050101002,Centro Del Pueblo,2907
25050101003,Villa Duarte Arriba,2907
25050101004,Villa Duarte Abajo,2907
25050101005,Paraiso De Las Matas,2907
25050101006,Cañada Del Caimito,2907
25050101007,La Mansion,2907
25050101008,Ojo De Agua,2907
25050101009,Villa Esperanza,2907
25050101010,Paraiso,2907
25050101011,Urbanizacion Ofelia,2907
25050102001,La Mara,2907
25050102002,Los Payasos O Los Parayases,2907
25050102003,Los Palmaritos,2907
25050102004,Barrancon,2907
25050102005,El Caimito,2907
25050102006,Nava,2907
25050102007,Caobanico,2907
25050102008,Pinalito,2907
25050102009,El Corozo,2907
25050102010,Quebrada Honda,2907
25050102011,Vereda De Amina,2907
25050102012,Los Platanitos,2907
25050102013,Inoa Abajo,2907
25050102014,Bernabe,2907
25050102015,Boca De Higua,2907
25050102016,Las Brujas,2907
25050102017,Ceja De Higuero,2907
25050102018,Los Naranjos,2907
25050102019,Bejucal,2907
25050102020,Las Yayas,2907
25050102021,La Cabirma,2907
25050102022,Higua,2907
25050102023,Los Arroyos,2907
25050102024,Los Pinos,2907
25050102025,Inoa,2907
25050103001,Pavon,2907
25050103002,Limbao,2907
25050103003,Guzman,2907
25050103004,Vidal Pichardo,2907
25050103005,El Alto,2907
25050103006,Higuero,2907
25050103007,Pedro Disla,2907
25050103008,Paralimon,2907
25050103009,Proyecto Moncion,2907
25050103010,La Breña,2907
25050103011,La Cabuya,2907
25050103012,Moscoso,2907
25050103013,La Guazuma,2907
25050104001,Mata Grande,2907
25050104002,Arroyo Prieto,2907
25050104003,Los Junquitos,2907
25050104004,Antonsape,2907
25050104005,La Mina,2907
25050104006,Loma Prieta,2907
25050104007,Sabaneta,2907
25050104008,Rancho Al Medio,2907
25050104009,Los Aposentos,2907
25050104010,Guacaritas,2907
25050104011,El Valle,2907
25050104012,Montellano,2907
25050104013,Mohoso,2907
25050104014,Loma Del Loro,2907
25050105001,Bohio Viejo,2907
25050105002,Los Dos Pinos,2907
25050105003,La Fortuna,2907
25050105004,Arroyo Al Medio,2907
25050105005,Loma De Mara,2907
25050105006,La Guazarita,2907
25050105007,Loma Bajita,2907
25050105008,Los Montones Abajo,2907
25050105009,Damajagua,2907
25050105010,La Guazuma,2907
25050105011,Boca De Guazuma,2907
25050105012,Cañada Llana,2907
25050105013,Corocitos,2907
25050105014,Mezquino,2907
25050105015,Loma De Janico,2907
25050105016,San Bartolo,2907
25050105017,Lomita De Piedras,2907
25050105018,Rincon De Piedras,2907
25050105019,El Tallado,2907
25050105020,Capita,2907
25050105021,Rancho De Copey,2907
25050105022,Rio Arriba,2907
25050105023,La Ceiba,2907
25050105024,Don Juan,2907
25050105025,Los Montones Arriba,2907
25050105026,La Cana,2907
25050105027,La Bija,2907
25050105028,Los Lirios,2907
25050105029,Llano De La Cana,2907
25050105030,La Ceja,2907
25050105031,Cepito,2907
25050105032,Ortega,2907
25050105033,Magueyal,2907
25050105034,Piedra Gorda,2907
25050106001,Botoncillo,2907
25050106002,Pedregal,2907
25050106003,Loma De La Vaca,2907
25050106004,Arroyo Janico,2907
25050106005,La Ceiba,2907
25050106006,Motolon,2907
25050106007,Cerro Gordo,2907
25050106008,Hoya Bellaca,2907
25050106009,Guajaca,2907
25050106010,El Verde,2907
25050106011,Sui,2907
25050106012,Loma De La Cienaga,2907
25050106013,Mejia,2907
25050106014,La Guazuma,2907
25050107001,Las Piedras,2907
25050107002,El Guano,2907
25050107003,Los Jibaros,2907
25050107004,El Llano De Las Piedras,2907
25050107005,Aguacate,2907
25050107006,Manaclar,2907
25050107007,Arroyo Puerto,2907
25050107008,Alto Del Dajao,2907
25050107009,El Limon,2907
25050107010,Loma De Los Rios,2907
25050107011,Arroyo La Vieja,2907
25050107012,Tierra Colorada,2907
25050107013,El Carrizal,2907
25050107014,Arroyo Carrizal,2907
25050107015,Palo De Burro,2907
25050107016,El Rodeo,2907
25050107017,Dajao Abajo,2907
25050107018,Arroyo Malo O Arroyo Del Dajao,2907
25050107019,Laguna Del Dajao,2907
25050107020,La Sierrecita,2907
25050107021,El Dajao,2907
25050107022,El Dajao De Las Piedras,2907
25050108001,Llano De La Tala,2907
25050108002,Los Llanos,2907
25050108003,Mariana,2907
25050108004,Yerba Buena,2907
25050108005,Quebrada Llana,2907
25050108006,Carpintero,2907
25050108007,Los Cedros,2907
25050108008,Llano Del Jobo,2907
25050108009,Copey,2907
25050108010,Loma Al Medio,2907
25050108011,La Peña,2907
25050108012,Higua,2907
25050108013,El Limpio,2907
25050108014,El Naranjo,2907
25050108015,Los Corrales,2907
25050108016,Cerro Malo,2907
25050108017,Arroyo Hondo,2907
25050108018,El Mamey,2907
25050108019,Jaquey,2907
25050108020,Quebradita,2907
25050108021,Hoyo De Ramon,2907
25050108022,Cañada Del Caimito,2907
25050108023,Inoa Arriba,2907
25050201001,El Rubio,2907
25050202001,El Corbano,2907
25050202002,Cañafistol,2907
25050202003,Los Borno O La Vieja Mea,2907
25050202004,Los Ramones O Bulla,2907
25050203001,El Oregano,2907
25050203002,Bohio Viejo,2907
25050203003,Las Cuevas,2907
25050203004,Los Fogones,2907
25050203005,Los Corralitos,2907
25050203006,Los Hoyitos,2907
25050203007,Las Altamisas,2907
25050203008,Sabana Abajo,2907
25050203009,Los Cacaos,2907
25050203010,Cañada Grande,2907
25050203011,La Penda,2907
25050203012,Sierrecita,2907
25050203013,Los Helechos,2907
25050203014,Celestina,2907
25050203015,La Batea,2907
25050203016,Los Jicacos,2907
25050203017,Los Espatiles,2907
25050203018,Don Domingo,2907
25050204001,Cañada Bonita,2907
25050204002,Corocito,2907
25050204003,Loma De Las Canas,2907
25050204004,Los Naranjos,2907
25050204005,Los Ramones,2907
25050204006,El Polvazo,2907
25050204007,Las Minas,2907
25050204008,Las Guajacas,2907
25050204009,Loma Llana,2907
25050204010,Corocito Abajo,2907
25050204011,El Atacador,2907
25050205001,Rancho Del Cojo,2907
25050205002,Rio Los Palos,2907
25050205003,Cerro Negro,2907
25050205004,Monte Llano,2907
25050205005,Los Arroyos,2907
25050205006,Mata De Palma,2907
25050205007,Marilope,2907
25050205008,Diferencia,2907
25050205009,Paso Del Ganado,2907
25050205010,Sierrecita,2907
25050205011,Paredes Prietas,2907
25050205012,El Dajao,2907
25050205013,El Crucero,2907
25050205014,Cerrito Pelado,2907
25050205015,Loma De Guayabo,2907
25050206001,Bañaderos,2907
25050206002,Roncador,2907
25050206003,Sonador,2907
25050206004,La Sierrecita,2907
25050206005,El Guayabo,2907
25050206006,Jicome,2907
25050206007,Loma Del Medio,2907
25050206008,Juan  Fino,2907
25050206009,La Piña,2907
25050206010,Loma Bajita,2907
25050206011,Calimetal,2907
25050206012,El Gallo,2907
25050206013,Loma Vieja,2907
25050206014,Rincon De Higuero,2907
25050206015,Vallecito,2907
25050206016,Palero,2907
25050207001,Los Limones,2907
25050207002,La Guaranita,2907
25050207003,Magua Arriba,2907
25050207004,La Mina,2907
25050207005,Palmarito,2907
25050207006,Las Auyamas,2907
25050207007,Magua Al Medio,2907
25050207008,La Hoya,2907
25050207009,Magua Abajo,2907
25050207010,Cerro Bonito,2907
25050207011,Hoyo De Los Corozos,2907
25050207012,Mata De Tuna,2907
25050207013,El Estribo,2907
25050207014,El Centro,2907
25050207015,Los Cercadillos,2907
25050207016,El Crucero,2907
25050208001,Paso Del Ganado,2907
25050208002,Manacla,2907
25050208003,Racho De La Cana,2907
25050208004,Cabismal,2907
25050208005,El Manaclar,2907
25050208006,Los Malcotes,2907
25050208007,La Navaja,2907
25050209001,Palo Amarillo,2907
25050209002,Mata Del Dajao,2907
25050209003,Los Cacaos,2907
25050209004,El Dajao,2907
25050209005,Los Mosquitos,2907
25050209006,Cabuya,2907
25050209007,La Ceiba,2907
25050209008,Cerro De La Cana,2907
25050209009,La Cienaga,2907
25050209010,El Cajuil,2907
25050209011,El Anisetal,2907
25050209012,La Guarana,2907
25050209013,La Isleta,2907
25050210001,Bojon,2907
25050210002,Naranjo,2907
25050210003,Naranjo Bojon,2907
25050210004,Mata De Cana,2907
25050210005,Valeonor,2907
25050210006,Caña Llana,2907
25050210007,Recodo,2907
25050210008,Los Baos,2907
25050210009,Naranjo Abajo,2907
25050211001,Las Auyamas,2907
25050211002,Pananao Arriba,2907
25050211003,La Potranca,2907
25050211004,Los Sillones,2907
25050211005,Pananao,2907
25050211006,Pananao Al Medio,2907
25050211007,La Toza,2907
25050211008,Los Rincones,2907
25050211009,La Estrechura De La Negra,2907
25050211010,El Corbano,2907
24040304003,Los Cafecitos,2404
24040304004,Hoyo De Oro,2404
24040304005,Los Cocos,2404
24040304006,Rio  Viejo,2404
24040304007,Hoyo Grande,2404
24040305001,La  Fortuna,2404
24040305002,El Remolino,2404
24040305003,Barrio Lindo,2404
24040305004,El Tanque,2404
24040305005,El Limoncito,2404
24040401001,El Caserio O Hernindo Alonzo,2404
24040402001,Boma,2404
24040402002,Rincon Grande,2404
24040402003,Las Auyamas,2404
24040402004,Loma Del Burro,2404
24040402005,Las Guamitas,2404
24040403001,Canas Arriba,2404
24040403002,Canas Al Medio,2404
24040403003,Canas Abajo,2404
24040403004,Monte Abajo,2404
24040404001,Los Cerros,2404
24040404002,El Hato,2404
24040404003,El Caserio,2404
24040404004,Rodeo O Hernando Alonzo Abajo,2404
24040404005,Punta  Larga,2404
24040404006,El Aguacate,2404
24040404007,El Hundidero,2404
24040404008,Los Conucones,2404
24040404009,Los Botados,2404
24040404010,Los Brazos,2404
24040404011,Quebrada Honda,2404
24040404012,Pisaña,2404
24040404013,Sabana De Meladito,2404
24040404014,Loma El Peñon,2404
24040404015,El Hoyo,2404
25050211011,Pananao Abajo,2907
25050211012,La Sabana,2907
25050211013,La Vereda,2907
25050211014,La Sabaneta,2907
25050211015,Bajo Del Pino,2907
25050211016,Los Cajuiles,2907
25050212001,Cuatro Esquinas,2907
25050212002,Las Guaranas,2907
25050212003,Rincon Llano,2907
25050212004,La Culata,2907
25050212005,El Cabrejito,2907
25050212006,El Naranjito,2907
25050212007,Los Guayuyos,2907
25050212008,La Palmita,2907
25050212009,La Laguna,2907
25050212010,Cabreja,2907
25050212011,Rubio Adentro,2907
25050212012,El Pinar,2907
25050212013,El Bambe,2907
25050212014,Los Hornilos,2907
25050212015,El Corralito,2907
25050212016,Los Higos Gordos,2907
25050301001,La Cuesta,2907
25050301002,Guaralbana O Guanalbana,2907
25050301003,El Cruce,2907
25050301004,Hipolito Peralta,2907
25050302001,Arroyo  Hondo,2907
25050302002,Albanita O La Boca De Albanita,2907
25050302003,El Corozo,2907
25050302004,Jaiqui Picao Arriba (Aji Picao Arriba),2907
25050302005,Jaiqui Picao Abajo (Aji Picao Abajo),2907
25050302006,Los Rancheros,2907
25050302007,Pozo Colorado (Hoyito San Lorenzo),2907
25050303001,Albana,2907
25050303002,Eugenio Perdomo,2907
25050303003,La Cueva,2907
25050303004,La Guanita,2907
25050303005,La Tuna,2907
25050303006,Loma Albanita,2907
25050303007,Lo Melmonto,2907
25050303008,Pared Limpia,2907
25050303009,Sabaneta,2907
25050304001,El Molino,2907
25050304002,Loma Sucia,2907
25050304003,El Chorreron,2907
25050304004,Guama Arriba O La Guama,2907
25050304005,Guamita O Guama Abajo,2907
25050304006,Hoya Bellaca,2907
25050304007,La Chorrera,2907
25050304008,Lorenzo,2907
25050304009,Los Calabozos O La Calabaza,2907
25050304010,Los Ciruelos,2907
25050305001,Las Auyamas,2907
25050305002,Loma Del Toro,2907
25050305003,Loma De Los Palos,2907
25050305004,Pueblo Nuevo,2907
25050305005,Sierra Del Guano,2907
25050306001,El Limpio,2907
25050306002,Loma Quemada,2907
25050306003,Los Ciruelos,2907
25050307001,Anayo,2907
25050307002,Cañada De La Tabla,2907
25050307003,Cañete,2907
25050307004,Cuesta Arriba,2907
25050307005,Cueto,2907
25050307006,Caimonal,2907
25050307007,El Pinal,2907
25050307008,Gurabo,2907
25050307009,La Anacahuita,2907
25050307010,Loma Amarilla,2907
25050307011,Loma Del Pinal,2907
25050307012,Loma Del Viento,2907
25050307013,Los Paleros,2907
25050307014,Los Positos,2907
25050307015,Ojo De Agua,2907
25050307016,La Sierrecita,2907
25050307017,Aciba,2907
25050307018,La Bozea,2907
25050401001,Las Placetas,2907
25050402001,Bohio Viejo,2907
25050402002,Damajagua Adentro,2907
25050402003,Guayabales,2907
25050402004,La Bija,2907
25050402005,La Cabirma,2907
25050402006,La Jagua,2907
25050402007,Las Carreras,2907
25050402008,Los Corrales,2907
25050402009,Manaclar,2907
25050402010,Palero,2907
25050402011,Palmarito,2907
25050402012,Rincon Largo,2907
25050402013,Rio Arriba,2907
25050402014,Damajagua,2907
25050403001,Arroyo Hondo,2907
25050403002,Las Placetas Al Medio,2907
25050403003,Las Placetas Arriba,2907
25050403004,Loma El Colorado,2907
25050403005,Los Limones,2907
25050403006,Piedra Partida,2907
25050403007,Rincon Del Junco,2907
25050404001,Calimetal,2907
25050404002,Cercadillo,2907
25050404003,Jamame,2907
25050404004,Jamamucito,2907
25050405001,Donaja,2907
25050405002,Laguna Arriba,2907
25050405003,Las Lagunas,2907
25050405004,Loma Los Rios,2907
25050405005,Parte Bellaca,2907
25050405006,Ranchito Postrero,2907
25010101001,Cienfuegos,2908
25010101002,Monte Rico,2908
25010101003,Los Salados,2908
25010101004,Ensanche Libertad,2908
25010101005,Altos De Vireya,2908
25010101006,Espaillat,2908
25010101007,Ensanche Bermedez,2908
25010101008,La Otra Banda,2908
25010101009,Baracoa,2908
25010101010,La Joya,2908
25010101011,Bella  Vista,2908
25010101012,Peralta,2908
25010101013,La Yaguita De Pastor,2908
25010101014,Los Jazmines,2908
25010101015,Nibaje,2908
25010101016,Centro De La Ciudad,2908
25010101017,Pueblo Nuevo,2908
25010101018,Ensanche Bolivar,2908
25010101019,Los Ciruelitos,2908
25010101020,Las Colinas,2908
25010101021,Urbanizacion  Los Reyes,2908
25010101022,Buenos Aires,2908
25010101023,Gregorio Luperon,2908
25010101024,Mejoramiento Social,2908
25010101025,Los Jardines Metropolitanos,2908
25010101026,La Trinitaria,2908
25010101027,La Zurza,2908
25010101028,El  Ensueño,2908
25010101029,Pekin,2908
25010101030,Reparto Universitario,2908
25010101031,Villa Olga,2908
25010101032,Reparto Del Este,2908
25010101033,Los Cerros De Gurabo,2908
25010101034,Reparto Consuelo,2908
25010101035,Gurabo,2908
25010101036,Hoya Del Caimito,2908
25010101037,Arroyo Hondo Abajo,2908
25010101038,Los Alamos,2908
25010101039,Arroyo Hondo Arriba,2908
25010101040,Hato Mayor,2908
25010101041,Jardines Del Este,2908
25010101042,Arboleda,2908
25010101043,El Dorado,2908
25010101044,Los Rieles,2908
25010101045,La Herradura,2908
25010101046,La Barranquita,2908
25010101047,La Fardiquera,2908
25010101048,Buena Vista,2908
25010101049,Las Antillas,2908
25010101050,Los Moran,2908
25010101051,Altos De Rafey,2908
25010101052,Zona Industrial,2908
25010101053,La Terraza,2908
25010101054,Urbanizacion Henriquez,2908
25010101055,Los Santos,2908
25010101056,Rincon Largo,2908
25010101057,Villa Olimpica,2908
25010101058,Area Monumental,2908
25010101059,Pontezuela Al Medio,2908
25010101060,Parque Metropolitano De Santiago,2908
25010102001,El Ingenio Abajo,2908
25010102002,El Ingenio Arriba,2908
25010102003,La Cacata,2908
25010102004,Mejia,2908
25010102005,Los Campeches,2908
25010102006,Callejon De Los Sanchez,2908
25010102007,La Emboscada,2908
25010103001,Quebrada Honda,2908
25010103002,La Noriega,2908
25010103003,El Papayo,2908
25010104001,La Chichigua,2908
25010105001,La Herradura Abajo,2908
25010105002,La Herradura Arriba,2908
25010105003,Los Naranjos,2908
25010106001,La Cruz,2908
25010106002,Las Charcas,2908
25010106003,Las Charcas Abajo,2908
25010107001,Pontezuela Abajo,2908
25010107002,Monte Adentro Abajo O Las Aromas,2908
25010107003,Don Pedro Abajo,2908
25010107004,Kilometro 4 1/2 (Antiguo Kilometro 6),2908
25010107005,Kilometro 5 1/2 (Antiguo Kilometro 6 1/2),2908
25010107006,Kilometro 6 1/2 (Antiguo Kilometro 7),2908
25010107007,Los Cirises,2908
25010107008,Don Pedro Arriba (Monte Peña),2908
25010108001,La Guama,2908
25010108002,La Cumbre,2908
25010108003,Pulido,2908
25010108004,Palma Limpia,2908
28010101001,San Pablo,1601
28010101003,Brisas Del Yuna,1601
28010101004,Santa Rosa,1601
28010101005,Simon Bolivar,1601
28010101007,Prosperidad,1601
28010101008,La Embajada,1601
28010101009,Los Transformadores,1601
28010101010,Proyecto Yuna,1601
28010101011,Ensanche Libertad,1601
28010101012,Cristo Rey,1601
25020101001,El Cerro,2902
25020101002,Centro Del Pueblo,2902
25020101003,Los Candelones,2902
25020101004,Duarte,2902
25020101005,JeremãAs O Nuevo,2902
25020101006,Jalisco,2902
25020101007,La Mella,2902
25020101008,San Antonio (El Bolsillo),2902
25020101009,La Trinitaria,2902
25020101010,La Rotonda,2902
25020101011,27 De Febrero,2902
25020101012,La Altagracia,2902
25020101013,San Miguel,2902
25020101014,"Duarte \'"A\'"",2902
25020101015,Hermanas Mirabal,2902
25020101016,Manolo TavãRez Justo,2902
25020101017,El Abanico,2902
25020101018,Pica Piedra (El Canal),2902
25020101019,Minerva O Simã“N BolãVar,2902
25020101020,La Escuela O El Callejã“N De La Toma,2902
25020101021,MejãA Arriba,2902
25020101022,MejãA Abajo,2902
25020101023,Loma De Perro,2902
25020101024,San Josã‰,2902
25020101025,Pontã“N,2902
25020101026,La Estaciã“N,2902
25020102001,Cañada Bonita,2902
25020102002,El Catey,2902
25020102003,Guanabano Del Limon,2902
25020102004,El Caimito,2902
25020102005,Agua Hedionda,2902
25020102006,La Atravesada,2902
25020102007,Las Raices,2902
25020102008,Los Cachimbos,2902
25020102009,Las Caobas,2902
25020102010,El Estado,2902
25020102011,Gancho De Jobo,2902
25020102012,El Tenel,2902
25020102013,Los Cedros,2902
25020102014,La Estacion,2902
25020103001,Estancia Del Yaque,2902
25020104001,El Puente,2902
25020104002,Los Muñoz,2902
25020104003,El Cabirmal,2902
25020104004,Los Cabrera O La Lometa,2902
25020104005,Alto De La Sierra (La Sierra),2902
25020104006,Los Brazos,2902
25020104007,Los Ruales,2902
25020104008,Cayota,2902
25020105001,La Villa Nueva,2902
25020105002,El Abra,2902
25020105003,Cañada Higuero,2902
25020105004,Los Higos,2902
25020105005,La Tunita,2902
25020105006,El Abra Arriba,2902
25020105007,Cañada Sucia,2902
25020105008,Agua Hedionda,2902
25020105009,Aguacate De Navarrete,2902
25020106001,Barrancon,2902
25020106002,Los Candelones,2902
25020107001,Pedro Garcia,2902
25020107002,Canal Cañeo,2902
25020107003,Kilometro 7,2902
25020107004,Villa Tabacalera,2902
25020107005,Cruce De Barrero,2902
25020107006,Pontoncito,2902
25020107007,Pun Pun,2902
25010108005,La Jabilla,2908
25010108006,Rio Arriba,2908
25010108007,Puerto Rico,2908
25010108008,Los Higos,2908
25010108009,El Arroyo Arriba,2908
25010108010,Kilometro 11,2908
25010108011,El Meso,2908
25010108012,Bellaco,2908
25010108013,Palo Quemado,2908
25010108014,Cuesta De Piedra,2908
25010108015,Rancho Viejo,2908
25010108016,El Arroyo,2908
25010108017,El Caimito,2908
25010109001,Pontezuela Arriba,2908
25010201001,El Play,2908
25010201002,Centro Del Pueblo,2908
25010201003,Las Mercedes,2908
25010201004,La Altagracia,2908
25010202001,El Hoyazo,2908
25010202002,Los Bueyes,2908
25010202003,Piedras Azules Abajo,2908
25010202004,El Puerto,2908
25010202005,Los Lirios,2908
25010202006,El Coral,2908
25010202007,Cayas Quemadas,2908
25010202008,La Canasta,2908
25010202009,Los Naranjos,2908
25010202010,Piedras Azules Arriba,2908
25010202011,Arroyo Prieto,2908
25010202012,Las Caobas,2908
25010202013,El Piñon,2908
25010202014,Lomas Frias,2908
25010202015,El Congo,2908
25010202016,La Catalina,2908
25010202017,Arroyo Ancho,2908
25010202018,La Guama,2908
25010202019,La Yallita,2908
25010202020,Los Mates,2908
25010202021,Las Auyamas,2908
25010202022,Los Ramones,2908
25010202023,El Ribon,2908
25010202024,Alto Gordo,2908
25010202025,La Finca,2908
25010202026,La Guamita,2908
25010202027,Las Cayas,2908
25010202028,El Maizal,2908
25010202029,La Guazara,2908
25010202030,Los Rincones,2908
25010202031,Alto De Cedro,2908
25010401001,Baitoa,2908
25010402001,Guardarraya De Baitoa,2908
25010402002,La Lima,2908
25010402003,Loma Quemada,2908
25010402004,Arroyo Arriba,2908
25010402005,La Capilla,2908
25010402006,Loma Del Coco,2908
25010403001,Boca De Lopez,2908
25010403002,Los Campeches,2908
25010403003,Lopez,2908
25010403004,La Angostura,2908
25010403005,Los Melaos (Los Melados),2908
25010403006,Los Limones,2908
25010403007,Boca De Los Rios,2908
25010403008,Los Cedros,2908
25010403009,Los Picos,2908
25010403010,Loma De Cana,2908
25010404001,San Jose Adentro,2908
25010404002,Cruce De Gaspar,2908
25010404003,Kilometro 5,2908
25010404004,La Lomita,2908
25010404005,Kilometro 6,2908
25010404006,Mocan De San Jose,2908
25010405001,San Jose Afuera,2908
25010405002,La Sabana,2908
25010405003,Cruce De Doña Maria,2908
25010405004,Los Indios,2908
25010501001,Canela Abajo,2908
25010501002,Nuevo,2908
25010501003,Canela Arriba O Centro Del Pueblo,2908
25010502001,Hatillo San Lorenzo,2908
25010502002,Baitoa Clara,2908
25010502003,Los Cerritos,2908
25010502004,Platanal Adentro,2908
25010502005,Platanal Afuera O Arriba,2908
25010502006,Platanal Abajo,2908
25010502007,Platanal La Joya,2908
25010502008,Capilla,2908
25010502009,Piedra Grande O Gorda,2908
25010502010,El Tenel,2908
25010503001,Sabana Grande De Batey I,2908
25010503002,Cuesta Arena,2908
25010503003,Los Almacigos,2908
25010601001,San Francisco Arriba,2908
25010601002,Los Cocos O San Francisco Abajo,2908
25010601003,Palmarito,2908
25010601004,Quinigua,2908
25010602001,La Becara,2908
25010602002,Auqueyes,2908
25010602003,Loma De Agua Honda,2908
25010602004,El Buzo,2908
25010602005,Jacagua Adentro,2908
25010602006,El Play,2908
25010602007,El Nispero,2908
25010602008,La Tinaja,2908
25010603001,Jacagua Abajo,2908
25010603002,Jacagua Al Medio,2908
25010603003,La Playa,2908
25010604001,La Cienaga,2908
25010604002,Los Tocones,2908
25010605001,Piche,2908
25010605002,La Guazumita,2908
25010605003,Los Manantiales,2908
25010605004,El Ranchito,2908
25010605005,Loma De Sabana,2908
25010605006,Cuesta De Quinigua,2908
25010605007,La Hondura,2908
25010606001,Las Tres Cruces,2908
25010606002,Jacagua,2908
25010606003,Monte Adentro,2908
25010606004,Jacagua Arriba,2908
25010606005,La Furnia,2908
25010606006,El Buzo,2908
25010606007,Palmarito,2908
25010606008,Quinigua,2908
25010607001,El Aguacate De Jacagua,2908
25010607002,La Calabacita,2908
25010608001,Palo Alto,2908
25010609001,Los Guineos,2908
25010609002,Palmar Arriba,2908
25010610001,La Delgada,2908
25010610002,La Delgada Arriba,2908
25010611001,El Alto Del Jamo,2908
25010611002,Los Arroyos De Salamanca,2908
25010611003,Salamanca,2908
25010701001,El Porton,2908
25010701002,El Tamarindo,2908
25010701003,Ensanche Hermanas Mirabal,2908
25010701004,La Mina,2908
25010701005,La Paz,2908
25010701006,La Rinconada,2908
25010701007,Los Jimenez,2908
25010701008,Monseñor Eliseo Perez,2908
25010701009,Praderas Del Yaque,2908
25010701010,San Antonio,2908
25010701011,Urbanizacion Grullon,2908
25010701012,Villa Fatima,2908
25010701013,Villa Progreso,2908
25010701014,Mateo Pelon,2908
25010702001,San Antonio,2908
25010702002,Hato Del Yaque Abajo,2908
25010702003,Villa Tabacalera,2908
25010703001,Villa Bao Arriba,2908
25010703002,Villa Bao Abajo,2908
25010704001,El Flemer,2908
25010704002,Barcelo,2908
25010704003,El Muro,2908
25010705001,Guayacanal,2908
25010705002,Finca De Aciba,2908
25010705003,El Salao,2908
25060101001,Hico Martinez,2909
25060101002,Centro Del Pueblo,2909
25060101003,Valentin,2909
25060101004,Manolo Dajer,2909
25060101005,Los Recio,2909
25060101006,Haina,2909
25060101007,Vista Alegre,2909
25060101008,Boca De Licey,2909
25060101009,Moncada,2909
25060101010,Don Manuel,2909
25060101011,Carlos Diaz,2909
25060101012,La Cacata,2909
25060101013,Los Polanco,2909
25060101014,La Ermita De Tamboril,2909
25060102001,El Caño,2909
25060102002,El Molino,2909
25060102003,Ojo De Agua,2909
25060102004,Maizal,2909
25060102005,Haina,2909
25060102006,Niño De Antorcha,2909
25060102007,Boca De Maizal,2909
25060102008,Guazumal Abajo,2909
25060103001,Los Leones,2909
25060103002,Gurabo,2909
25060103003,La China,2909
25060103004,El Coco,2909
25060103005,Canturria Abajo,2909
25060103006,Guazumal Arriba,2909
25060103007,Los Rieles,2909
25060103008,El Caño,2909
25060103009,Guazumal Licey (Guazumal Abajo),2909
25060104001,Boca De Licey,2909
25060104002,Los Liceyes,2909
25060104003,Arroyo Las Bellacas,2909
25060104004,La Sabana,2909
25060104005,Miguel Sanchez,2909
25060104006,Los Cacaos,2909
25060104007,Los Guineos,2909
25060105001,Kilometro 1,2909
25060105002,Licey Al Medio,2909
25060105003,Los Marcano,2909
25060105004,Los Santana,2909
25060106001,Pontezuela,2909
25060106002,Don Pedro Abajo,2909
25060106003,Don Pedro Arriba Licey,2909
25060106004,Pontezuela Arriba,2909
25060201001,La Hoya,2909
25060201002,La Piedra,2909
25060201003,Los Rieles,2909
25060201004,Arenoso,2909
25060202001,El Molino,2909
25060202002,El Palmar,2909
25060202003,Juan Antonio Alix,2909
25060203001,Amaceyes Arriba,2909
25060203002,Amaceyes Abajo,2909
25060203003,La Lomita,2909
25060203004,Palma Picada De Los Amaceyes,2909
25060203005,La Boca Del Sonador,2909
25060203006,El Alto,2909
25060204001,Los Factores O Carlos Diaz,2909
25060204002,Seboruco,2909
25060204003,La Hoya,2909
25060204004,Palma Picada De Carlos Diaz,2909
25060204005,Guatemala,2909
25060205001,Canca Arriba,2909
25060205002,Canca Las Aromas,2909
25060205003,Canca Arriba La Nueva,2909
25060205004,Alto Del Aguacate,2909
25060205005,Nigua,2909
25060205006,Canca Abajo,2909
25070103002,El Jamo,2910
25070103003,La Lomita,2910
25070103004,Palmar Abajo,2910
25070103005,El Rincon,2910
25070103006,La Breña,2910
25070103007,Villa Duarte,2910
25070104001,Ingenio Abajo,2910
25070104002,Cruce De Quinigua,2910
25070104003,Quinigua De La Yuca (La Yuca),2910
25070104004,Villa Del Yaque,2910
25070104005,Banegas,2910
25070104006,Quinigua,2910
25070201001,Palmar Arriba,2910
25070201002,El Pozo,2910
25070201003,Lindo,2910
25070202001,La Piedra,2910
25070202002,Loma De La Llanada,2910
25070202003,Arroyo Del Agua,2910
25070202004,Quebrada Honda,2910
25070202005,El Pozo,2910
25070202006,Los Manantiales,2910
25070301001,El Limã“N,2910
25070301002,La Cuesta,2910
25070301003,La Sabana,2910
25070302001,Llano Grande,2910
25070302002,Macoris,2910
25070302003,Los Perez,2910
25070302004,Higo De Agua,2910
25070302005,La Aguaita,2910
25070302006,Perez De Los Mates,2910
25070302007,Los Mates,2910
25070302008,Mata Puercos,2910
25070302009,Altos De Los Mates,2910
25070302010,Los Jobos,2910
25070302011,Los Lebrillos (La 14),2910
25070302012,La U,2910
25070303001,El Aguacate,2910
25070303002,La Cumbre,2910
25070303003,Palo Blanco,2910
25070303004,Ranchito,2910
25070304001,La Pocilguita,2910
25070304002,Barrio Lindo O La Finquita,2910
25070304003,Vuelta Larga,2910
25070304004,Las Aromas,2910
25070304005,Los Uveros,2910
25070305001,Caracol,2910
25070305002,La Calabaza,2910
25070305003,Los Robles,2910
26030101001,Cañada Grande,3001
26030101002,El Cepillo,3001
26030101003,Nuevo,3001
26030101004,Urbanizacion Peralta,3001
26030101005,Los Juncos,3001
26030101006,27 Partes Atras La Noria,3001
26030101007,El Centro,3001
26030101008,Plan Sierra,3001
26030101009,El Cerro,3001
26030102001,El Mamoncito,3001
26030102002,Los Juncos,3001
29020101001,El Hospital,1801
29020101002,San Juan O San Jose,1801
29020101003,Centro Del Pueblo,1801
29020101004,Los Mañese,1801
29020101005,Santo Cristo,1801
29020101006,Los Cocos,1801
29020101007,Pueblo Nuevo,1801
29020101008,La Madama,1801
29020101009,Algarrobo,1801
29020101010,Laurel,1801
29020101011,La Cañita,1801
29020101012,Cristo Rey,1801
29020101013,Las Flores,1801
29020101014,Invi,1801
29020101015,Pilanconcito,1801
29020101016,Los Agronomos,1801
29020101017,El Suizo,1801
29020101018,La Esperanza,1801
29020101019,La Tormenta,1801
29020101020,Villa Bayaguana (Proyecto Invi),1801
29020102001,Juana Alejo,1801
29020102002,La Ceja,1801
29020102003,Los Corbanos,1801
29020102004,Dajao,1801
29020102005,Los Cagueyes,1801
29020102006,Los Anones (Las Cruces),1801
29020102007,Los Malangos,1801
29020102008,Mogea,1801
29020102009,Sabana Larga,1801
29020102010,Confitero,1801
29020102011,El Platanal,1801
29020102012,Anton Sanchez,1801
29020102013,Cercadillo,1801
29020102014,Los Cerros,1801
29020102015,El Chivo,1801
29020102016,Sabana Del Estado,1801
29020102017,La Cabeza,1801
29020102018,Ojo De Agua,1801
29020102019,Manaclar,1801
29020102020,Los Nonas,1801
29020102021,Campiña,1801
29020102022,La Manigua,1801
29020102023,La Maniguita,1801
29020103001,Agua Prieta,1801
26030102009,Arroyo Seco,3001
26030102010,Las Chorreras,3001
26030102011,Los Baez,3001
26030103001,Gurabito,3001
26030103002,Gurabo,3001
26030103003,Los Bañaderos,3001
26030103004,Los Barrancones,3001
26030103005,Alto De Gurabo,3001
26030103006,Cruce De Duran,3001
26030103007,Maguanita,3001
26030103008,El Guayabal,3001
26030103009,Monte Higuero,3001
26030103010,El Ranchito,3001
26030103011,Guamacha,3001
26030103012,La Estancia,3001
26030103013,Las Rejoyas,3001
26030103014,Botoncillo,3001
26030103015,El Hoyo De Los Toros,3001
26030103016,Cañada Grande,3001
26030103017,Loma Del Dajao,3001
26030103018,Llano De La Meseta,3001
26030103019,Arroyo Los Dajaos,3001
26030104001,La Cacique,3001
26030104002,Los Pinos,3001
26030104003,Arroyo De Agua,3001
26030104004,Los Calabozos,3001
26030104005,Mata Grande,3001
26030105001,Arroyo El Dajao,3001
26030105002,Sabaneta,3001
26030105003,Duran,3001
26030105004,El Cacao,3001
26030105005,El Rodeo,3001
26030105006,Los Ranchos,3001
26030105007,Los Cercadillos,3001
26030105008,Loma De Tanque (Botoncillo),3001
26030105009,El Hoyazo,3001
22010204011,Los Mates,2705
22010204012,El Guanal O La Meseta,2705
22010204013,Las Espinas,2705
22010204014,El Sillon,2705
22010205001,La Ceiba,2705
22010205002,Habanero,2705
22010301001,Sabaneta O Centro Del Pueblo,2705
22010302001,Carpintero,2705
22010302002,Los Batones,2705
22010303001,Valencio,2705
22010303002,Guayabo,2705
22010303003,La Cienaga Vieja,2705
22010303004,San Pedro,2705
22010303005,Jaquime,2705
22010303006,Los Pinalitos,2705
22010303007,Las Auyamas,2705
22010303008,Los Mineros,2705
22010303009,El Rodeo,2705
22010303010,El Palero,2705
22010303011,El Quemado,2705
22010303012,Guayayal,2705
22010303013,Lamedero,2705
22010303014,Arroyo Limon,2705
22010303015,Hondo Valle,2705
22010303016,Parque Nacional Jose Del Carmen Ramirez,2705
22010304001,Los Gajitos,2705
22010304002,Boca De Los Arroyos,2705
22010304003,El Tablon,2705
22010304004,Seboruco,2705
22010304005,Majagual,2705
22010304006,La Potrica,2705
22010304007,Los Ingenitos,2705
22010304008,Guardarraya,2705
22010304009,La Lima,2705
29020105001,Los Peguero,1801
29020105002,La Loma,1801
29020105003,Camaron,1801
29020105004,Sabana Del Medio,1801
29020105005,Sabana De Los Javier,1801
29020105006,Pilancon,1801
29020105007,La Jabilla,1801
29020105008,Cañada Arriba,1801
29020105009,Carrizal,1801
29020105010,Los Caracoles,1801
29020105011,Los Guineos,1801
29020105012,La Lechuza,1801
29020105013,La Bolita,1801
29020105014,Los Manantiales,1801
29020105015,Siricu,1801
29020105016,La Hacienda Maria,1801
29020106001,Trinidad,1801
29020106002,El Tablon,1801
29020106003,Los Anegadizos,1801
29020106004,Guazaral Adentro,1801
29020106005,Yuvinita,1801
29020106006,La Lomita,1801
29020106007,Higuerito,1801
29020106008,Tuningo,1801
29020106009,Los Valles,1801
29020106010,La Cueva,1801
29020106011,El Prieto,1801
29020106012,Mango Limpio,1801
29020106013,Castellanos,1801
29020106014,El Guanito (El Centro),1801
29020106015,Palma Lisa,1801
29020106016,El Sombrero,1801
29020106017,Sigar,1801
29020106018,Casui,1801
29020107001,Media Cara,1801
29020107002,Batey Laura,1801
29020107003,Los Arroyos,1801
29020107004,Batey Cocinero,1801
29020107005,El Valle,1801
29020107006,Tolentino,1801
29020107007,Ladino,1801
29020107009,Maria Vidal,1801
29020107010,La Cuarenta,1801
29020107011,Mata Verde (Mata Gorda),1801
29020107012,Los Germanes,1801
29020107013,Las Manuelas,1801
29020107014,Las Matas De Guabatico,1801
29020107015,Guaymorote,1801
29020107016,Los Reyes O Mata De Los Reyes,1801
29020107017,Corea,1801
29020107018,Mata De Felipito,1801
29020107019,El Jobo,1801
29020107020,Cueva De Valerio,1801
29020107021,Batey Cea,1801
29020107022,Media Cara Arriba,1801
29020107023,Las Piñas,1801
29020107024,Doña Isabel,1801
29020107025,Pueblo Nuevo,1801
29020107026,El Copey,1801
29020107027,El Rincon,1801
29020107028,Los Mameyes,1801
29020107029,Los Arroyos Arriba,1801
29020107030,Corozal,1801
29020107031,Pulgarin,1801
29020107032,Juan Tomas,1801
29020107033,Yuvina,1801
29020107034,Jina Copiosa,1801
29020107035,Marisol,1801
29020107036,El Higuero,1801
29020107037,Yabacao,1801
29020107038,La Gina,1801
29020107039,El Bebedero,1801
29020107040,Hato Viejo,1801
29020107041,Cocinero,1801
29020107042,Guaricano,1801
29020107043,Arroyo Arriba,1801
29020107044,Los Vidal,1801
29010204004,Mijo Abajo,1802
29010101001,Vietnam,1802
29010101002,La Ceja,1802
29010101003,La Gallera O Barrio Entre Reyes,1802
29010101004,30 De Mayo,1802
29010101005,Centro Del Pueblo,1802
29010101006,La Unidad,1802
29010101007,Bella Vista,1802
29010101008,Lindo,1802
29010101009,Invi Ii,1802
29010101010,Proyecto Doña Nelly,1802
29010101011,Los Maestros,1802
29010101012,Guillo,1802
29010101013,Suizo,1802
29010102001,El Caliche,1802
29010102002,El Cerro,1802
29010102003,La Savita O Cruce De Melo,1802
29010102004,Manganagua,1802
29010102005,El Cruce Del Pajon,1802
29010102006,El Dian,1802
29010102007,El Proyecto O Hato Arriba,1802
29010102008,Loma Vieja,1802
29010102009,Cruce De Velazquez O La Mina,1802
29010102010,La Pelea,1802
29010102011,El 9,1802
29010103001,Jolupo,1802
29010103002,Los Coquitos,1802
29010103003,La Estrella Vieja,1802
29010103004,Rincon Hondo,1802
29010103005,El Hatillo,1802
29010103006,La Candelaria,1802
29010103007,Rincon Cajuil,1802
29010103008,La Malena,1802
29010103009,Rincon Largo,1802
29010103010,El Cercadillo,1802
29010103011,El Aguacate,1802
29010103012,Los Coquitos Arriba,1802
29010103013,El Prado,1802
29010103014,La Palma,1802
29010103015,El Portillo,1802
29010103016,Batey Velasquez O San Rafael,1802
29010104001,La Carabela,1802
29010104002,Los Guayuyos,1802
29010104003,El Pomo,1802
29010104004,La Guia,1802
29010104005,El Doce (12),1802
29010104006,Mataguayabo,1802
29010104007,Los Frailes,1802
29010104008,El Laurel,1802
29010104009,La Luisa Prieta,1802
29010104010,La Luisa Blanca,1802
29010105001,Barranca,1802
29010105002,Los Arroyos,1802
29010105003,La Jina O Jana,1802
29010105004,Bermejo,1802
29010105005,La Reforma,1802
29010105006,Socoa,1802
29010105007,Santana,1802
29010105008,Agua Viva,1802
29010105009,Hatillo,1802
29010105010,Don Fernando,1802
29010105011,La Poza,1802
29010105012,San Mateo,1802
29010105013,Los Yagrumos,1802
29010105014,San Diego,1802
29010105015,La Leña,1802
29010105016,Plaza Cacique,1802
29010105017,Badillo,1802
29010105018,Elvira,1802
29010105019,Sabana Larga,1802
29010105020,Toro Prieto,1802
29010105021,Rio Boyi,1802
29010105022,Kilometro 5,1802
29010201001,Don Juan O Centro Del Pueblo,1802
29010201002,Galindo,1802
29010201003,Pueblo Nuevo,1802
29010201004,El Parquesito O El Parque,1802
29010201005,Invi,1802
29010201006,Buenos Aires,1802
29010201007,El Cementerio,1802
29010201008,Proyecto Invi,1802
29010201009,Sabana Del Rio,1802
29010201010,Los Cerros,1802
29010202001,Frias,1802
29010202002,Los Galanos,1802
29010202003,Los Cerros,1802
29010202004,Los Capaces,1802
29010202005,Sabana Del Rio,1802
29010202006,Las Mellizas,1802
29010202007,Batey Bermejo,1802
29010202008,Manga,1802
29010203001,Batey Payabo,1802
29010203002,Batey Hoyo De Pum,1802
29010203003,Batey Frias,1802
29010203004,Cruce De La Elmursht (De Payabo),1802
29010203005,Batey Triple San Pedro,1802
29010203006,Batey Los Llanos,1802
29010203007,Sabana De Payabo,1802
29010204001,El Bosque Arriba,1802
29010204002,Capotillo,1802
29010204003,Los Granadillos,1802
29010204005,La Cerca,1802
29010204006,Los Cumani,1802
29010205001,Batey La Jagua,1802
29010205002,Cruce De La Jagua,1802
29010205003,Las Cinco Casas,1802
29010205004,La Jagua Abajo,1802
29010205005,Batey Triple Ozama,1802
29010301001,Chirino,1802
29010301002,Yaita,1802
29010301003,Las Flores,1802
29010302001,San Francisco,1802
29010302002,Hicacal,1802
29010302003,El Coste,1802
29010302004,El Coco,1802
29010302005,Primer Alto,1802
29010302006,Cucaracha,1802
29010302007,San Francisco Adentro,1802
29010302008,La Mariquita,1802
29010302009,Villa Juana,1802
29010302010,Sabana De San Francisco,1802
29010302011,Sabana De Corral Falso,1802
29010302012,Sabana De Ahoga Vaca,1802
29010303001,Batey San Jose,1802
29010303002,Los Mameyes,1802
29010303003,El Guano,1802
29010303004,La Berenjena,1802
29010303005,Cazueza,1802
29010303006,Boca Yaita,1802
29010303007,La Caguaza,1802
29010303008,Batey Chirino,1802
29010303009,Jobo Dulce,1802
29010303010,El Hatillo (San Juan De Buena Vista),1802
29010304001,Sabana De Yabacao (Pueblo Nuevo),1802
29010304002,Batey Yabacao,1802
29010304003,Sabana Barranca,1802
29010304004,El Talado,1802
29010304005,Mata Los Indios,1802
29010304006,Rincon Cana,1802
29010304007,La Altagracia,1802
29010304008,Jobo Grande,1802
29010304009,Chucho Salas,1802
29010304010,Laguna Clara,1802
29010401001,Boya,1802
29010401002,Agua Santa,1802
29010402001,Batista,1802
29010402002,El Cajuilito,1802
29010402003,El Mamey,1802
29010402004,Mirador,1802
29010402005,Los Reyes,1802
29010402006,Los Pilones,1802
29010402007,Cilindron,1802
29010403001,El Cogote,1802
29010403002,El Naranjo,1802
29010403003,El Cacique,1802
29010403004,Los Ranchos,1802
29010403005,Otaña,1802
29010403006,Vicente,1802
29010403007,Las Auyamas,1802
29010404001,Gavilan Abajo,1802
29010404002,Cara Linda,1802
29010404003,Gavilan,1802
29010404004,Los Hojanchos,1802
29010404005,Los Guayos,1802
29010404006,Ana Santana,1802
29010404007,La Angostura,1802
29010404008,Genaro,1802
29010404009,Los Jurungos,1802
29010404010,Cruce De Toñe,1802
29010404011,Mani La Vieja,1802
29010404012,Cruz De Morillo,1802
29010404013,La Vigia,1802
29010404014,El Capaz,1802
29010404015,El Rodeo,1802
29010404016,Ana Ruiz,1802
29010404017,Ceiba Seca,1802
29010404018,El Horno,1802
29050101001,La Placeta,1803
29050101002,La Peguero,1803
29050101003,Dionicio,1803
29050101004,El Caserio,1803
29050101005,La Majagua,1803
29050101006,El Manguito,1803
29050102001,La Guazuma,1803
29050102002,Mateo Pico,1803
29050102003,El Carmen,1803
29050102004,La Guardia Abajo,1803
29050102005,La Laguna,1803
29050102006,Batey La Guazuma,1803
29050102007,Manao Pilon,1803
29050102008,Hoya Fresca,1803
29050102009,Pekin,1803
29050102010,El Higo,1803
29050102011,Jiminillo,1803
29050102012,Los Coquitos,1803
29050102013,Cerro Largo,1803
29050102014,La Guardia Arriba,1803
29050102015,Corozo Arriba,1803
29050102016,Corozo Abajo,1803
29050103001,Cuarce (Cuance),1803
29050103002,Lambedera,1803
29050103003,Los Hojanchos,1803
29050103004,Barrio La 42,1803
29050103005,Cuancita,1803
29050103006,Serralles,1803
29050103007,Mata De Platano,1803
29050103008,El Pico,1803
29050103009,La Horqueta,1803
29050103010,La Cuaba Arriba,1803
29050103011,La Recta,1803
29050103012,La Ensenada,1803
29050103013,La Travesia,1803
29050103014,La Cuaba Abajo,1803
29050103015,El Callejon,1803
29050103016,El Play,1803
29050103017,Serralles Adentro,1803
29050103018,Los Guayabos,1803
29050103019,Santa Lucia,1803
29050104001,Jorungo,1803
29050104002,Bernardino,1803
29050104003,Los Morones,1803
29050104004,Macumas,1803
29050104005,La Jaguita,1803
29050104006,Arroyo Grande,1803
29050104007,Bejuco Colorado,1803
29050104008,El Mate,1803
29050104009,El Memiso,1803
29050104010,Centro Penzo,1803
29050104011,El Calvario,1803
29050104012,La Bruja,1803
29050105001,El Canton,1803
29050105002,Los Arroyos,1803
29050105003,El Cafe,1803
29050105004,Juana Cotes,1803
29050105005,El Capa,1803
29050105006,La Peguera,1803
29050105007,Camaron,1803
29050105008,Tierra Mala,1803
29050105009,El Manguito,1803
29050105010,El Naranjo,1803
29030101001,El Cementerio O La Milagrosa,1804
29030101002,La Chamuscada,1804
29030101003,Centro Del Pueblo,1804
29030101004,Pueblo Nuevo,1804
29030101005,El Deportivo,1804
29030101006,Las Cañitas,1804
29030101007,El Quilombo,1804
29030101008,La Escuela O Ensanche Escolar,1804
29030101009,El 15,1804
29030101010,El Anillo O El Brisal,1804
29030101011,Brisas Del Este,1804
29030101012,La Mercedes,1804
29030101013,Las Flores,1804
29030101014,El Matadero,1804
29030101015,La Emisora,1804
29030101016,La Gallera,1804
29030101017,Play Viejo O Tercera Base,1804
29030101018,Los Guandules,1804
29030101019,Residencial Arcoiris,1804
29030102001,Sabana Larga De Cojobal,1804
29030102002,Los Hoyos Del Hara,1804
29030102003,Batey Sabana Larga,1804
29030102004,El Puente,1804
29030102005,Batey Galeno O Galiano,1804
29030102006,Cabeza De Toro,1804
29030102007,El Plan,1804
29030102008,El Cercado,1804
29030102009,El Lial,1804
29030102010,La Nuez,1804
29030102011,Lovaton,1804
29030102012,Los Aguacates,1804
29030102013,Los Pomos,1804
29030102014,Maluco,1804
29030102015,Amaceyes,1804
29030102016,La Vigia,1804
29030102017,Cilindron,1804
29030102018,Mataseco,1804
29030103001,Batey Altagracia,1804
29030103002,Batey Zapote,1804
29030103003,Batey Piraco,1804
29030103004,Batey Juan Sanchez,1804
29030103005,Batey Ara,1804
29030103006,Batey Las Charcas,1804
29030103007,Batey Aserradero,1804
29030103008,Batey Enriquillo,1804
29030103009,Batey Cojobal,1804
29030103010,La Savita,1804
29030103011,Batey El Triple,1804
29030103012,Los Corrales Del Cea,1804
29030104001,Hato San Pedro,1804
29030104002,Palmar Viejo,1804
29030104003,Buena Vista,1804
29030104004,San Antonio,1804
29030104005,La Chamuscada,1804
29030104006,Batey Luna,1804
29030104007,Esperanza,1804
29030104008,Los Guineos,1804
29030104009,Rincon Claro,1804
29030104010,Santa Rosa,1804
29030104011,Comadreja,1804
29030104012,Nuevo Ambiente,1804
29030201001,Centro Del Pueblo,1804
29030201002,Los Cachimbos,1804
29030201003,El Play,1804
29030201004,Ramon Rosa,1804
29030201005,Verde,1804
29030202001,Los Limones,1804
29030202002,Las Cabirmas,1804
29030202003,Palo De Coa,1804
29030202004,Los Balataces,1804
29030202005,Lambedera,1804
29030202006,Los Haitises,1804
29030202007,La Cueva,1804
29030202008,Yayal,1804
29030202009,La Entrada De Las Cabirmas,1804
29030202010,El Congo,1804
29030202011,Los Arroyitos,1804
29030202012,Las Cacatas,1804
29030202013,Mata De Limon (Vamos Entrando),1804
29030202014,La Sierra (Alto De Las Flores),1804
29030203001,Batey La Tarana,1804
29030203002,La Tala De Sanchez,1804
29030203003,Monte Claro,1804
29030203004,Batey Los Arroyos,1804
29030203005,Gonzalo,1804
29030204001,Batey Sabana Larga De Gonzalo,1804
29030204002,La Ozea,1804
29030204003,Ceiba De La Pocilga,1804
29030204004,Batey Vara De Capa,1804
29030204005,Laguna Colorada,1804
29030204006,La Maniguita,1804
29030204007,Los Naranjos,1804
29030204008,Batey Nuevo,1804
29030204009,Batey Carmona,1804
29030204010,Batey Mejia,1804
29030204011,La Construccion,1804
29030204012,Sabana Grande De Boy- (Hoyo De Puta),1804
29030301001,Centro Del Pueblo,1804
29030301002,Rincon Solo,1804
29030301003,La Gallera,1804
29030301004,San Jose,1804
29030301005,Balsa Mala,1804
29030301006,El Play,1804
29030301007,La Laguna,1804
29030301008,Mono Mojao,1804
29030302001,Francisquito Abajo,1804
29030302002,Francisquito Arriba,1804
29030302003,Piedra Del Grillo O Grillo,1804
29030302004,Palacio,1804
29030303001,La China,1804
29030303002,Higuerito,1804
29030303003,El Manguito,1804
29030303004,Bañadero,1804
29030303005,La Selva,1804
29030303006,El Cedro,1804
29030303007,Vietnam,1804
29030303008,El Barrio,1804
29030303009,Batey Nuevo,1804
29030304001,Mapolo Arriba,1804
29030304002,Mapolo Abajo,1804
29030304003,El Cedrito,1804
29030304004,Ojo De Agua,1804
29030304005,La Resbalosa,1804
29030304006,Arroyito,1804
29030304007,La Cerca,1804
29030304008,Los Cuacos,1804
29030304009,Tala De Sanchez,1804
29030304010,Manaclai,1804
29030304011,Los Malangos,1804
29030304012,El 42 De Los Mapolos,1804
29040101001,Juan Pablo Duarte,1805
29040101002,Las Flores,1805
29040101003,Los Almendros,1805
29040101004,Ciguelillo,1805
29040101005,El Mulo,1805
29040101006,Nuevo Camino O Los Come Solos,1805
29040101007,Rincon,1805
29040101008,La Colorada,1805
29040101009,Canta Maco,1805
29040101010,El Invi,1805
29040101011,La Planta,1805
29040101012,La Gallera,1805
29040101013,El Nuevos Horizontes,1805
29040101014,Cercadillo,1805
29040102001,La Jabilla,1805
29040102002,La Gina,1805
29040102003,Los Guineos,1805
29040102004,Piedra Azul,1805
29040102005,La Cuchilla,1805
29040102006,Pepe Perez,1805
29040102007,Arroyo Majagua,1805
29040102008,El Llano,1805
29040102009,Camaron De Los Guineos,1805
29040102010,Piedroso (Pedroso),1805
29040102011,Piedrosito (Pedrosito),1805
29040102012,Ozama Arriba,1805
29040102013,Arroyo Rancho,1805
29040102014,El Siete,1805
29040104008,La Pared,1805
29040104009,La Vigia (Cajareque),1805
29040104010,Los Jobillos,1805
29040104011,Batey Los Jobillos,1805
29040104012,La Felicita,1805
29040104013,Cuesta Del Jobo,1805
29040105001,Dajao,1805
29040105002,La Blanca,1805
29040105003,Los Almendros,1805
29040105004,La Patilla,1805
29040105005,El Lobo,1805
29040105006,El Mogote,1805
29040105007,La Gorreta,1805
29040105008,El Caimito,1805
29040106001,San Antonio,1805
29040106002,La Lambedera,1805
29040106003,Los Algarrobos,1805
29040106004,La Joya,1805
29040106005,Los Bañaderos,1805
29040106006,La Parcela,1805
29040106007,Loma De Marcelo,1805
29040106008,Los Mosquitos,1805
29040106009,Pantoita,1805
29040106010,Mayiga Arriba,1805
29040106011,Zayas (El Veinte),1805
29040106012,Morey,1805
29040106013,Jagua Abajo,1805
29040106014,La Cuaba,1805
29040201001,Los Botados,1805
29040201002,La Jabilla,1805
29040201003,Los Solares O La Caña,1805
29040201004,Pueblo Nuevo,1805
29040201005,La Palmita Arriba,1805
29040201006,La Palmita Abajo,1805
29040202001,Resoli,1805
29040203001,Camaron,1805
29040203002,El Palmarito,1805
29040203003,La Sabana,1805
29040203004,Los Arroyos,1805
29040203005,Loma Al Medio,1805
29040203006,Los Asientos,1805
29040204001,El Tablon,1805
29040204002,La Cola,1805
29040204003,La Salsa O La Zarza,1805
29040204004,La Manacla,1805
29040204005,El Jengibre,1805
29040204006,El Cercado,1805
29040205001,Las Mayas,1805
29040205002,La Piña,1805
29040205003,Batey Las Mayitas,1805
29040205004,Batey Yagua,1805
29040205005,Los Callejones,1805
29040206001,Los Caños,1805
29040206002,Hormiguero,1805
29040206003,Reparadero,1805
29040206004,Batey Seco,1805
29040206005,El 35,1805
29040206006,La Lomita O Melendez,1805
29040206007,Hoja Ancha,1805
29040206008,Palo Seco,1805
29040207001,La Yautia,1805
29040207002,La Loma,1805
29040301001,Valle Encantado,1805
29040301002,El Proyecto,1805
29040301003,Mama Tingo,1805
29040301004,Gualey,1805
29040302001,El Ranchito,1805
29040302002,Sabana Novillo,1805
29040302003,Sabana Potrero,1805
29040302004,Boca De Mayiga,1805
29040302005,Loma Regina,1805
29040302006,Sabana Piedra,1805
29040303001,Consuelo,1805
29040303002,La Cuchilla,1805
29040303003,La Jaguita,1805
29040303004,Piedra Grande,1805
29040303005,El Placer,1805
29040303006,El Zapote,1805
29040303007,Jagua Mocha,1805
29040303008,Maimon,1805
29040303009,El Naranjo,1805
29040304001,El Chacaro,1805
29040304002,Rio Arriba,1805
29040304003,El Capa,1805
29040304004,Arroyo Indio,1805
29040304005,Guanumita,1805
29040304006,Colorado,1805
29040304007,La Cuneta,1805
29040305001,Monte Recio,1805
29040305002,La Mata Cimarrona,1805
29040305003,Sabanita Al Medio,1805
29040305004,La Penca,1805
29040305005,Sabana Grande,1805
29040306001,La Estancia,1805
29040306002,Los Lanos,1805
29040306003,Ledesma,1805
29040306004,Loma Cambelen,1805
29040306005,Mirador,1805
29040306006,Los Angelitos,1805
29040306007,La Majagua,1805
29040306008,Los Nuñez,1805
29040307001,Palo Prieto,1805
17010101001,Centro Del Pueblo,1901
17010101002,30 De Mayo,1901
17010101003,Brisas De Guazuma,1901
17010101004,Los Cajuilitos,1901
17010101005,El Fundo,1901
17010101006,Pueblo Nuevo,1901
17010101007,El Invi,1901
17010101008,Santa Cruz,1901
17010101009,Villa Majeca,1901
17010101010,Los Pescadores,1901
17010101011,Las Marias,1901
17010101012,Santa Rosa,1901
17010101013,Los Barrancones,1901
17010101014,Mejoramiento Social,1901
17010101015,El Fundo (Mirador Norte),1901
17010101016,La Saona,1901
17010101017,El Mani,1901
17010101018,El Llano,1901
17010101019,Urbanizacion Maria Del Carmen,1901
17010101020,Urbanizacion Palo Alto,1901
17010101021,Urbanizacion  Brisas Del Canal,1901
17010101022,Urbanizacion Valera Guzman,1901
17010101023,Boca Canasta,1901
17010102001,Boca Canasta,1901
17010102002,Corbanal,1901
17010102003,Los Almendros,1901
17010103001,Las Salinas,1901
17010103002,Las Calderas,1901
17010104001,Cañafistol,1901
17010105001,Monte Bonito,1901
17010105002,Los Cateyes,1901
17010105003,Monteada De Javier,1901
17010105004,Hoyo Nuevo,1901
17010105005,La Manaclas,1901
17010105006,Los Fondos  De Jiguey,1901
17010105007,El Aguacate,1901
17010105008,Los Jobos,1901
17010105009,La Malanga,1901
17010105010,La Cabirma,1901
17010105011,Las Palmas,1901
17010105012,La Telanza,1901
17010105013,Calderon,1901
17010105014,La Guama,1901
17010106001,Fundacion De Peravia,1901
17010106002,Peravia,1901
17010107001,Honduras,1901
17010107002,El Matadero,1901
17010107003,El Montazo,1901
17010107004,Firme En Medio,1901
17010107005,La Mala Pasada,1901
17010107006,El Hoyo,1901
17010107007,La Cuaba,1901
17010107008,El Bañadero,1901
17010107009,Los Naranjales,1901
17010107010,El Embalsadero O Sabana Roble,1901
17010107011,Sabina,1901
17010107012,Los Cedros,1901
17010107013,La Botija,1901
17010107014,Los Ranchos,1901
17010107015,La Tayota,1901
17010107016,Segundo Rio,1901
17010108001,Rio Arriba,1901
17010108002,La Vuelta De La Barranca,1901
17010108003,Los Guatapanales,1901
17010108004,La Lana,1901
17010108005,El Almirante,1901
17010108006,Montero,1901
17010108007,Arroyo Seco,1901
17010108008,Agua Clara,1901
17010108009,El Alto De  Los  Papita,1901
17010108010,El Alto De Los Gabriela,1901
17010108011,La Altagracia,1901
17010108012,El Ojo De Agua,1901
17010108013,Portezuelo,1901
17010108014,El Genare,1901
17010108015,La Gina,1901
17010108016,El Copey (Arroyo Salado),1901
17010108017,Los Ramones,1901
17010108018,El Agua Del Limon,1901
17010108019,El Bejucal,1901
17010108020,Los Naranjos,1901
17010108021,Barranca Colora,1901
17010108022,La Jobita O La Jubita,1901
17010108023,La Mora,1901
17010109001,El Llano,1901
17010110001,El Manaclar,1901
17010110002,El Naranjal,1901
17010110003,Hoyo Sanchez,1901
17010110004,Sabana Indio,1901
17010110005,La Monteria,1901
17010110006,Los Yaguarizos,1901
17010110007,La Majagua,1901
17010110008,Las Auyamas,1901
17010110009,Cabeza De Toro,1901
17010110010,La Piedra,1901
17010110011,La Tuna,1901
17010110012,La Cienaga,1901
17010111001,La Lechuza,1901
17010111002,El Caimito,1901
17010111003,Monte Llano,1901
17010111004,Rancho De Matos,1901
17010111005,El Toro,1901
17010111006,El Aguacate,1901
17010111007,Sonador,1901
17010112001,El Recodo,1901
17010112002,El Barro,1901
17010112003,Monte Del Maniel,1901
17010112004,Cerro Prieto,1901
17010112005,Las Yayas,1901
17010112006,Bartolo,1901
17010112007,El Salto,1901
17010112008,La Perdiz,1901
17010112009,El Picao,1901
17010112010,Loma Los Pinos,1901
17010112011,La Yayita,1901
17010112012,La Uvita,1901
17010112013,Rancho Agustin,1901
17010112014,Cañada Honda,1901
17010112015,El Rito,1901
17010112016,El Mamey,1901
17010112017,Cañaveral,1901
17010112018,El Rincon,1901
17010113001,Caminero,1901
17010113002,La Laguna,1901
17010113003,El Montazo,1901
17010113004,Valdesia,1901
17010113005,Arroyo Blanco,1901
17010113006,Los Ramones,1901
17010113007,La Bejuquera,1901
17010113008,Ermitaño,1901
17010113009,Los Rodriguez,1901
17010113010,El Hoyito,1901
17010113011,Buena Vista,1901
17010113012,La Cuaba O Cubana,1901
17010113013,Palo Bonito,1901
17010114001,Villa Guera,1901
17010114002,El Fundo,1901
17010114003,Boca De Guera,1901
17010114004,Los Estamos,1901
17010201001,Matanzas Arriba,1901
17010201002,Matanzas Abajo,1901
17010201003,Ana Lucila Ii,1901
17010201004,Los Jobos,1901
17010201005,Matanzas  Rural,1901
17010202001,Arroyo Hondo,1901
17010203001,Quija Quieta,1901
17010204001,Las Tablas,1901
17010205001,Galion (Galeon),1901
17010205002,Las Calabazas,1901
17010205003,Angostura,1901
17010206001,San Jose,1901
17010206002,Los Rieles,1901
17010206003,Hato Fino,1901
17010207001,Agusadera,1901
17010207002,Los Tumbaos,1901
17010301001,Centro Del Pueblo,1901
17010301002,El Millon,1901
17010301003,La Cuesta,1901
17010302001,El Abey,1901
17010302002,Las Mallitas (Las Bocainas),1901
17010302003,Las Carreras,1901
17010302004,El Cruce De Ocoa,1901
17010302005,El Rastrillo,1901
17010302006,Monte Mamon,1901
17010302007,Cerrito Limon,1901
17010302008,Cañada Arriba,1901
17010302009,Escondido,1901
17010303001,Los Ranchitos,1901
17010401001,Centro Del Pueblo,1901
17010401002,Nuevo,1901
17010402001,El Palmarito,1901
17010402002,Sabana De La Cruz,1901
17010403001,Sabana Buey,1901
17010501001,Paya Arriba,1901
17010501002,Paya En Medio,1901
17010501003,Paya Abajo,1901
17010501004,Los Quemados,1901
17010502001,Escondido,1901
17010502002,Las Bayonas,1901
17010502003,La Javilla,1901
17010503001,Mata Gorda,1901
17010503002,Sabana Chiquita,1901
17010504001,Paya Rural,1901
17010504002,Sabana Jovero,1901
17010504003,Ojo De Agua,1901
17010504004,La Vereda,1901
17010504005,El Voladero,1901
17010504006,Agua Mala,1901
17010504007,El Retiro,1901
17010601001,El Pozo,1901
17010601002,Ocoa,1901
17010601003,Naco,1901
17010601004,El Brisal,1901
17010601005,La Altagracia (Ramoncito),1901
17010601006,Urbanizacion Karina,1901
17010601007,Papatino (Villa Luz),1901
17010601008,Urbanizacion  Saona,1901
17010601009,Las Casitas,1901
17010601010,Los Cartones,1901
17010601011,Urbanizacion Patria Minerva,1901
17010601012,Marcial Peña,1901
17010601013,Guayacanes,1901
17010601014,Pueblo Nuevo,1901
17010601015,Mama Gina,1901
17010602001,El Jobo,1901
17010602002,La Raqueta,1901
17010701001,Carreton,1901
17010702001,Sabana Larga,1901
17010702002,El Guano,1901
17010702003,Los Mayales,1901
17010702004,Los Pinos,1901
17010702005,La Loma Del Chivo,1901
17010702006,La Clinica,1901
17010702007,Arroyo Mingo,1901
17010801001,Catalina,1901
17010802001,Batey La Noria,1901
17010802002,San Jose,1901
17010802003,Carretalina,1901
17010802004,La Delicia,1901
17010802005,Colonia Catalina,1901
17010901001,Limonal,1901
17010901002,Alto Del Limonal,1901
17010901003,Los Campeches,1901
17010901004,Los Cajuilitos,1901
17010901005,Las Flores,1901
17010901006,La Cachimba,1901
17010901007,Los Acostados,1901
17010902001,La Iguana,1901
17010902002,Palo Bonito,1901
17010902003,Iguana Arriba,1901
17010902004,Iguana Abajo,1901
17010902005,Corte Nuevo,1901
17010902006,Los Corbanos,1901
17010902007,Las Lagunas,1901
17010902008,La Rinconada,1901
17010902009,Rinconcito,1901
17010902010,La Manaclita,1901
17010903001,La Cabria,1901
17010903002,La Vereda,1901
17010904001,Arroyo Salado,1901
17010904002,Las Yaguas,1901
17010904003,La Palma Herrada,1901
17010904004,El Desecho,1901
17010904005,Cañada De Los Puercos,1901
17010905001,Los Jobitos,1901
17010905002,Los Guanabanos,1901
17010905003,Buena Vista,1901
17010905004,Cañada Grande,1901
17011001001,Las  Barias,1901
17011002001,El Roblegar,1901
17011002002,Contraembalse,1901
17011002003,Cruz De Marcos,1901
17011002004,Arroyo Hondo,1901
17011002005,Arroyo Canoa,1901
17011002006,Loma Del Guano,1901
17011002007,Cañada Prieta,1901
17011002008,Arroyo  Mingo,1901
17011002009,Los Sitios De Juan Decena,1901
17020101001,Media Blanca,1903
17020101002,Centro Del Pueblo,1903
17020101003,Zapotal,1903
17020101004,Maco Verde,1903
17020101005,Ciudad Nueva,1903
17020101006,Las Mercedes,1903
17020102001,Don Gregorio,1903
17020102002,Los Salados,1903
17020102003,Alto De La Estancia,1903
17020201001,Centro Del Pueblo,1903
17020201002,Brisas Del Canal,1903
17020201003,Sabana Abajo,1903
17020201004,Roblegal Abajo,1903
17020201005,Los Nina,1903
17020201006,Los Martinez,1903
17020202001,Gualey,1903
17020202002,Los Roche,1903
17020202003,Compuerta De Lico,1903
17020202004,La Cooperativa,1903
17020202005,Lolo,1903
17020301001,Santana Arriba,1903
17020301002,Buenas Nuevas,1903
17020301003,Batey Maria Consuelo,1903
17020301004,Santana Abajo,1903
17020301005,Los Lora O Los Lara,1903
17020301006,Lucas Diaz,1903
17020301007,Lindo,1903
17020302001,Ramon Chalas,1903
17020302002,Boca Del Arroyo,1903
17020302003,Barrio Lindo,1903
17020302004,La Estancia,1903
17020302005,Maria Consuelo,1903
17020303001,Yiyo Gomez,1903
17020303002,Alto De Los Melones,1903
17020303003,Los Franco,1903
16020101001,Centro Del Pueblo,2001
16020101002,Nuevo,2001
16020101003,La Policia,2001
16020101004,Pangola,2001
16020101005,Macanatillo,2001
16020101006,Polvorin O Las Flores,2001
16020101007,Las Palmas,2001
16020102001,Los Tres Charcos,2001
30010101001,Centro Del Pueblo,1002
16020102002,Manuel Goya,2001
16020102003,Nueva Rosa,2001
16020102004,El Tocon O Fogon De Los Perros,2001
16020102005,Palo El Nemero,2001
16020102006,Porvenir,2001
16020102007,Tierra Colorada,2001
16020201001,Las Palmas,2001
16020201002,Lindo,2001
16020201003,Nuevo,2001
16020201004,El Centro,2001
16020201005,Las Malvinas,2001
16020202001,Colonia Villa Esperanza,2001
16020202002,El Bucaral,2001
16020202003,Macandela,2001
16020202004,Mambi,2001
16020202005,Groma,2001
16020202006,Charco Blanco,2001
16020202007,Mapioro,2001
16020202008,Arroyo Salado,2001
16020202009,El Cajuil,2001
16020202010,Payano,2001
16020202011,Pedro Mota,2001
16010101001,Miramar,2002
16010101002,Las Mercedes,2002
16010101003,Centro Del Pueblo,2002
16010101004,Verde,2002
16010101005,Ines,2002
16010101006,Alcoa,2002
16010101007,Militar,2002
16010101008,Villa Del Mar,2002
16010101009,Nicolas Feliz,2002
16010101010,Los Cayucos,2002
16010101011,Campo De Aviacion Viejo,2002
16010101012,Campo De Aviacion Nuevo,2002
16010101013,Los Guayacanes,2002
16010101014,Los Coquitos,2002
16010101015,Victor Cheche,2002
16010101016,Cabo Muelle,2002
16010101017,La Cuarenta,2002
16010101018,Jose Francisco Peña Gomez,2002
16010101019,Las Flores,2002
16010101020,Savica,2002
16010102001,Cabo Rojo,2002
16010102002,La Cueva,2002
16010102003,Isla Beata,2002
16010103001,El Yayal (Campo Amor),2002
16010103002,Las Mercedes,2002
16010103003,Sumbe,2002
16010103004,Toro Arriba (Sitio Quemao),2002
16010103005,Sitio Nuevo,2002
16010103006,El Mogote,2002
16010103007,Olivar,2002
16010103009,Jurungo,2002
16010201001,La Altagracia O Centro Del Pueblo,2002
16010201002,Jarro Sucio,2002
16010201003,Canta La Rana,2002
16010202001,Aguas Negras,2002
16010203001,La Manigua,2002
16010203002,Cabo Duarte,2002
16010203003,La Rosa,2002
16010203004,Colonia Mencia,2002
16010203005,La Altagracia,2002
16010204001,La Canoa,2002
16010204002,Bella Vista,2002
16010204003,San Isidro,2002
16010204004,Cabeza De Agua,2002
16010204005,La Altagracia,2002
16010204006,Don Juan,2002
16010204007,Pasu Sena,2002
16010205001,Boca Tanjon,2002
16010205002,La Joya,2002
16010205003,El Bambe,2002
16010205004,Colonia Los Arroyos,2002
16010206001,Los Corrales (El Corral),2002
16010206002,Los Manguitos,2002
16010206003,Avila,2002
18020101001,La Piedra,2101
18020101002,Centro Del Pueblo,2101
18020101003,El Jamo,2101
18020101004,Los Arroyos,2101
18020102001,El Copey,2101
18020102002,Rancho Nuevo,2101
18020102003,La Catalina,2101
18020102004,El Mamey,2101
18020102005,La Cumbre,2101
18020103001,La Cruz De Escalera Abajo,2101
18020103002,Palo Blanco,2101
18020103003,Huevito,2101
18020103004,Cruz De Manaclas,2101
18020103005,Cementerio,2101
18020103006,Gajo De La Cruz,2101
18020103007,Alto De Los Limones,2101
18020103008,Palma De Los Hierros,2101
18020103009,Cabeza De Rio Grande,2101
18020103010,El Macao,2101
18020103011,La Manacla,2101
18020103012,El Salto,2101
18020103013,El Corozo,2101
18020103014,Escalera Arriba,2101
18020103015,Escalera Abajo,2101
18020104001,La China,2101
18020104002,Higuero,2101
18020104003,Guaranal,2101
18020104004,Quita Sueño,2101
18020104005,Arroyo Blanco,2101
18020104006,Los Cacaos,2101
18020105001,Los Llanos,2101
18020105002,Los Claveles,2101
18020105003,La Lomota,2101
18020105004,Palma Picada,2101
18020105005,La Jagua,2101
18020105006,El Guayabo,2101
18020105007,La Piedra,2101
18020105008,La Sierra,2101
18020106001,Boca De Rio Grande,2101
18020106002,Los Colinfre,2101
18020106003,Hervidor,2101
18020106004,Los Uveros,2101
18020106005,Los Mieses,2101
18020106006,Palmar Grande,2101
18020106007,La Atravesada,2101
18020106008,Las Aromas,2101
18020106009,Los Bonilla,2101
18020106010,Bellaco,2101
18020106011,Pozo Prieto,2101
18020106012,La Llanada,2101
18020106013,Los Manantiales,2101
18020106014,Las Manaclas,2101
18020106015,Agua Larga,2101
18020107001,Rincon De La Loma,2101
18020107002,Rincon Del Llano,2101
18020107003,Cuesta Del Mate,2101
18020107004,Quebrada Honda,2101
18020107005,Los Fefinos,2101
18020107006,Las Lajas Arriba,2101
18020107007,Las Lajas Abajo,2101
18020107008,Los Arroyos,2101
18020107009,La Damajagua,2101
18020107010,Los Rincones,2101
18020107011,Lajas,2101
18020201001,Rio Grande,2101
18020202001,Los Altos,2101
18020202002,Rio Grande Abajo,2101
29040102015,El Cinco,1805
29040102016,Cuance,1805
29040102017,Palo Bonito,1805
29040102018,Cruce De Rio Verde,1805
29040102019,Cansa Mancebo,1805
29040102020,El Veinte,1805
29040102021,El Avion,1805
29040104001,Batey Guazumita,1805
29040104002,Batey Nuevo,1805
29040104003,Batey El Caño,1805
29040104004,Batey Antonci,1805
29040104005,La Mina,1805
29040104006,Junquito,1805
29040104007,La Ceja (Batey La Maya),1805
31010204012,Pio,2603
11010101001,San Martin De Porres,1201
11010101002,El Tamarindo,1201
11010101003,Mama Tingo,1201
11010101004,El Cementerio,1201
11010101005,La Basilica,1201
11010101006,Centro De La Ciudad,1201
11010101007,La Antena O La Torre,1201
11010101008,San Jose,1201
11010101009,Pueblo Nuevo,1201
11010101010,Nazaret,1201
11010101011,Los Platanitos,1201
11010101012,Los Coquitos,1201
11010101013,Brisas Del Llano,1201
11010101014,Savica,1201
11010101015,Antonio Guzman Fernandez,1201
11010101016,La Imagen,1201
11010101017,Las Caobas,1201
11010101018,Residencial Doña Rosa,1201
11010101019,Chillo Poueriet,1201
11010101020,21 De Enero,1201
11010101021,Residencial Ana Melia,1201
11010101022,San Pedro,1201
11010101023,Zanjul,1201
11010101024,Doña Fema,1201
11010101025,Los Soto,1201
11010101026,Haiti Chiquito,1201
11010101027,Pepe Rosario,1201
11010101028,Villa Cerro,1201
11010101029,San Joul,1201
11010101030,Residencial Luisa Perla,1201
11010101031,Residencial Villa Progreso,1201
11010101032,La Malena,1201
11010101033,Juan Pablo Duarte O Nuevo,1201
11010101034,La Cabrera,1201
11010101035,Cambelen,1201
11010101036,La Aviacion,1201
11010101037,San Francisco,1201
11010101038,El Obispado,1201
11010101039,Urbanizacion Camelia Caraballo,1201
11010101040,Villa Cristal,1201
11010101041,La Matilla,1201
11010101042,Los Limones,1201
11010101043,Anamuya,1201
18020202003,El Bambe,2101
18020202004,El Cumbi,2101
18020202005,El Fundo,2101
18020202006,Pueblo Chico,2101
18020202007,La Atravezada,2101
18020203001,La Sabana,2101
18020203002,Las Loma De Abreu,2101
18020203003,Domingo Miguel,2101
18020203004,Los Picos Abajo,2101
18020204001,Los Chijos,2101
18020204002,La Guinea,2101
18020204003,Las Aguas,2101
18020204004,Los Mangos,2101
18020204005,Los Picos Arriba,2101
18020204006,Los Naranjos,2101
18020204007,Rio Grande Arriba,2101
18020204008,Rancho Viejo,2101
18020205001,El Almacen,2101
18020205002,Arroyo El Clavo,2101
18020205003,Pies Jagua,2101
18020205004,La Sabaneta,2101
18020205005,El Guayabo,2101
18020205006,Los Pomos,2101
18020205007,La Vereda,2101
18020205008,Los Lirios,2101
18020205009,Guazaral,2101
18020205010,Alto De Bohio,2101
18020205011,Alto De La Jagua,2101
18020205012,El Rio Abajo,2101
18020205013,Palmarito,2101
18020205014,Quinigua,2101
18020206001,La Espensa,2101
18020206002,El Manguito,2101
18020206003,El Cruce,2101
18020206004,Bajaboniquito  O Bajabonoquito,2101
18020206005,La Gotera,2101
18020206006,La Descubierta,2101
18020206007,Las Lagunitas,2101
18020206008,Las Paredes,2101
18020206009,Boca De Rio Blanco,2101
18020206010,Los Caraballo,2101
18020206011,La Jagua,2101
18020206012,Pescado Bobo Abajo,2101
18020206013,Pescado Bobo Arriba,2101
18020206014,El Rio Arriba,2101
18020206015,Los Millones,2101
18030101001,La Altagracia,2102
18030101002,Rincon Caliente,2102
18030101003,El Laurel,2102
18030102001,Fundacion,2102
18030102002,Gajo Alto,2102
18030102003,Paso De Los Burros,2102
18030102004,Palma De Los Hierros,2102
18030102005,Cerro Gordo,2102
18030102006,Paso Seco (Arroyo Seco),2102
18030102007,La Cuchareta,2102
18030103001,La Piragua,2102
18030103002,Monte Gordo,2102
18030103003,Rincon Caliente Abajo,2102
18030103004,Agua Larga,2102
18030103005,La Mariposa,2102
18030103006,Los Minaya,2102
18030103007,Arroyo Viejito,2102
18030103008,Sabana De Los Muertos,2102
18030104001,La Cabirma,2102
18030104002,El Talado,2102
18030104003,Los Hoyos,2102
18030105001,Hoya Grande,2102
18030105002,Rincon Caliente Arriba,2102
18030105003,Vista Alegre,2102
18030105004,Las Hoyas,2102
18030105005,La Damajagua,2102
18030106001,Paradero,2102
18030106002,Paso De La Jagua,2102
18030106003,La Campana,2102
18030106004,Loma De Agripino,2102
18030106005,Loma De Guananico,2102
18030107001,Rancho Viejo,2102
18030107002,Palo Amarillo,2102
18030107003,Palo De Guerra,2102
18030107004,Gurabo,2102
18030107005,La Jicotea,2102
18040101001,Centro Del Pueblo,2103
18040101002,Juana Saltitopa,2103
18040101003,Proyecto,2103
18040101004,Pangola,2103
18040101005,Salcedo,2103
18040101006,Club,2103
18040102001,Cabia,2103
18040102002,Los Cayucos,2103
18040102003,Guanabanos,2103
18040102004,La Piragua Abajo,2103
18040102005,La Piragua Al Medio,2103
18040102006,La Piragua Arriba,2103
18040102007,Los Llabones,2103
18040102008,Pozo Prieto,2103
18040102009,La Cabirma,2103
18040103001,La Joya,2103
18040103002,Ranchito De Los Peralta,2103
18040103003,El Alto,2103
18040103004,El Cuadro,2103
18040103005,Higuero,2103
18040103006,Caonao,2103
18040103007,Los Palmaritos,2103
18040103008,La Frontera,2103
18040104001,Las Canas,2103
18040104002,La Escalereta,2103
18040104003,El Cafe,2103
18040104004,La Jibara,2103
32040101001,Boca Chica,3101
32040101002,Andres,3101
32040102001,Cruce De Boca Chica,3101
32040102002,El Limon,3101
32040102003,"Kilometro 36, Carretera Mella",3101
32040102004,Los Paredones De Andres,3101
32040102005,Batey Jubey,3101
32040103001,La Malena,3101
32040103002,La Cucama,3101
32040103003,La Tumba,3101
32040103004,La Ciguapa,3101
32040103005,La Bocaina,3101
32040103006,Los Bancos De Arena,3101
32040103007,La Borda,3101
32040201001,La Caleta,3101
32040202001,El Valiente,3101
32040202002,Torre  B,3101
32040203001,Campo Lindo,3101
32040203002,La Cien Mil-La Piedra,3101
32040204001,Aeropuerto Internacional,3101
32040204002,El Cachimbo,3101
2010902001,Cañetin,101
2010902002,Cerro De Los Cacheos,101
2010902003,El Cachon,101
2010902004,El Caño,101
2010902005,Rio Via,101
2010902006,Gajo Del Toro,101
2010902007,El Papayo,101
2010902008,Tito Mina,101
2010902009,Gajo Irabon,101
2010902010,Gajo Largo,101
2010902011,Loma Agua Fria,101
2010902012,Gajo De Majagua,101
2010902013,Ganze,101
2010902014,Kilometro 2 Y Medio,101
2010902015,Las Cañitas,101
2010902016,La Cuarenta,101
2010902017,La Cueva,101
2010902018,Rancho Arriba,101
2010902019,La Cruz De Los Calabozos,101
2010902020,La Guajaca,101
2010902021,Peñalo,101
2010902022,La Llanada,101
2010902023,La Mina,101
2010902024,Las Yayitas,101
2010902025,Loma Arroyo Guayabo,101
2010902026,Los Cacaos,101
2010902027,Los Candelones,101
2010902028,Los Cocos,101
2010902029,Los Lazos,101
2010902030,Los Palmaritos,101
2010902031,Los Paniagua,101
2010902032,Los Tablones,101
2010902033,Cañada Majagua,101
2010902034,Monte Grande,101
2100101001,Centro Del Pueblo,102
2100101002,Palero,102
2100101003,Placer Bonito,102
2100101004,Las Flores,102
2100101005,Los Cartones,102
2100101006,La Tunita,102
2100101007,Nuevo O Detras Del Cementerio,102
2100101008,La Sabana O Pueblo Nuevo,102
2100102001,El Memiso,102
2100102002,Conuco Del Rio,102
2100102003,El Coco,102
2100102004,Los Matos  (Los Mateos),102
2100102005,Monte Abajo,102
2100102006,Las Barias,102
2100102007,Rio Abajo,102
2100102008,Las Palmas,102
2100102009,Los Limones,102
2100102010,El Barraco,102
2100102011,Los Cascajales De Sanchez,102
2100103001,Rancho Del Pino,102
2100103002,Los Caimitos,102
2100103003,El Palmar,102
2100103004,Paso Hondo,102
2100103005,Los Corralitos,102
2100103006,La Damajagua,102
2100103007,La Fortuna,102
2100103008,Arroyo Hondo,102
2100103009,Canelilla,102
2100103010,Derrico Blanco,102
2100103011,La Cumbre,102
2100104001,La China,102
2100104002,Los Guanos,102
1010101001,Los Peralejos,501
1010101002,Palma Real,501
1010101003,Arroyo Manzano,501
2100104003,Rancho Viejo,102
2100104004,La Cienaguita,102
2100104005,Los Naranjitos,102
2100104006,La Peñita,102
2100105001,Arroyo Colorado,102
2100105002,El Quemao,102
2100105003,Arroyo La Chinguita,102
2100105004,La Guazuma,102
2100106001,El Limon,102
2100106002,Rancho Arriba Abajo,102
2100106003,Rancho Arriba,102
2100106004,Agua Fria,102
2100106005,Los Maniaderos,102
2100106006,Las Tembladeras,102
2100107001,Kilometro 8,102
2100107002,El Peñon,102
2100107003,La Boca Del Arroyo,102
2100107004,Arroyo San Francisco,102
2100108001,El Convento,102
2100108002,Los Platones,102
2100108003,Los Calimetes,102
2100108004,Los Corralitos,102
2100109001,El Cruce De Estebania,102
2100109002,La Boquita,102
2100109003,Rio Chiquito,102
2100109004,Agua Las Palmas,102
2100109005,Las Bateas,102
2100110001,Rio Grande,102
2100110002,Cañada Honda,102
2100110003,Monte De Los Gatos,102
2100110004,Cañada El Verraco,102
2100110005,Pascual,102
2100110006,Arroyo El Pinal,102
2100110007,Cañada Casao,102
2100110008,Los Naranjitos,102
2100110009,Las Cañitas,102
2100110010,El Salto,102
2100111001,Los Quemados,102
2100111002,Las Malaguetas,102
2100111003,Los Palmaritos,102
2100111004,Las Dos Lomas,102
2100111005,Los Portesuelos,102
2100112001,Monte Plata,102
2100112002,El Convento,102
2100112003,Loma Arriba,102
2100112004,Los Yugos,102
2100112005,Los Gajos,102
2100112006,Las Manaclas,102
2020105006,El Cruce,104
2020105007,Los Algodones,104
2020201001,Palmar De Ocoa,104
2020202001,El Golfo,104
2020202002,El Batey,104
2020202003,Duverge,104
2020202004,Las Paredes O Los Paredones,104
2020202005,Palmar De Ocoa,104
2030101001,Las Yayas Abajo,105
2030101002,La Ceiba,105
2030101003,Los Candelones,105
2030101004,La Cueva,105
2030101005,Las Yayas Arriba,105
2030101006,San Joaquin,105
2030101007,Vietnam,105
2030101008,La Tunita,105
2030101009,Blanco,105
2030102001,Viajama,105
2030102002,Los Gajos,105
2030102003,La Pocilga,105
2030102004,Agua Amarga,105
2030102005,Los Naranjos (Pozo Del Naranjo),105
2030201001,Villarpando,105
2030202001,Las Canoas,105
2030202002,Los Corozos,105
2030202003,Juan Sanchez,105
2030203001,Bastidas,105
2030203002,Villarpando,105
2030204001,Arroyo Salado,105
2030204002,La Trinchera,105
2030204003,El 40 (La Cuarenta),105
2030204004,Loma Del Guano (Los Jobos),105
2030301001,Hato Nuevo Cortes,105
2030302001,Oregano Grande,105
2030303001,El Cruce De Las Yayas,105
2030303002,Bola De Mula,105
2030303003,Monte Grande,105
2030303004,Las Hormigas,105
2030303005,Los Guiros,105
2030303006,Corbanal,105
2030304001,Magueyal,105
2040101001,Buena Vista,106
2040101002,Centro Del Pueblo,106
2040101003,Basilio Linia,106
2040101004,Santa Ana,106
2040101005,Los Magino,106
2040101006,Villa Ocoa O Los Suburbios,106
2040102001,La Cucarita,106
2040102002,Los Avelles,106
2040102003,El Cajuil,106
2040102004,Palomino,106
2040102005,La Frontera,106
2040102006,Los Caños,106
2040102007,Los Cucuses,106
2040102008,Boca De Los Rios,106
2040102009,Ojo De Agua,106
2040102010,Pata De Gallina,106
2040201001,Las Lagunas,106
2040202001,La Meseta,106
2040202002,El Cocho,106
2040202003,Juan Luciano,106
2040203001,Cañada C.,106
2040203002,El Gramaso,106
2040203003,Laguna  Castilla,106
2040204001,Las Cañitas,106
2040204002,Los Auqueyes,106
2040204003,Palero,106
2040204004,Los Cedros O Mendoza,106
2040204005,Los Pericos,106
2040204006,Botoncillo,106
2040204007,Gajo Del Monte,106
2040204008,La Majaguita,106
2040204009,Los Pedregones,106
2040204010,El Tetero,106
2040204011,Vallecitos,106
2040204012,El Roblito,106
2040204013,La Fortuna,106
2040204014,Cedro Sabina,106
2040204015,Los Fogoncitos,106
2040204016,El Corbano,106
2040204017,Los Pinalitos,106
2040204018,La Cueva,106
2040204019,La Sabina,106
2040204020,La Tasajera,106
2040204021,Mata De Cafe O Loma Del Cafe,106
2040204022,El Corozo,106
2040204023,Fondo Viejo,106
2040204024,Los Rodriguez,106
2040204025,Hondo Valle,106
2040204026,La Palmita,106
2040204027,El Joval,106
2040204028,Rosa,106
2040301001,La Siembra,106
2040302001,Los Cambrones,106
2040303001,Periquito,106
2040303002,Derrumbado,106
2040304001,Naranjito,106
2040304002,El Gajo,106
2040304003,Monte Grande,106
2040304004,El Palmar,106
2040304005,El Desecho,106
2040401001,Monte Bonito,106
2040401002,El Corbano,106
2040401003,El Oregano,106
2040402001,Los Gajos,106
2040402002,Laguna Prieta,106
2040402003,Los Pomos,106
2040402004,Cañada De Agua,106
2040402005,Arroyo La Vaca,106
2040402006,Los Mochos,106
2040402007,Los Rapaderos,106
2040402008,La Finca,106
2040402009,Los Quemados,106
2040402010,Los Calimetes,106
2040402011,Jubero,106
2040402012,La Nuez,106
2040402013,Palmarito,106
2040402014,El Pozo,106
2040403001,El Corban0 (El Corvano),106
2040403002,Los Higos,106
2040403003,Los Patios,106
2040403004,El Novillo,106
2040403005,El Jobo,106
2040403006,El Cigual (La Concha),106
2040403007,Villa Ocoa,106
2040403008,Cerro De Piedra,106
2040403009,Los Indios,106
2040403010,Las Cañas,106
2040403011,Arroyo Yaya,106
2040403012,Buena Vista,106
2040403013,Palero,106
2040403014,Carlos El Pino,106
2040403015,El Vallecito,106
2040501001,Los Haitises,106
2040501002,Villa Armonia,106
2040501003,Centro Del Pueblo,106
2040501004,Los Frios Almedio,106
2040502001,El Hoyito,106
2040502002,Mata De Los Caballeros,106
2040502003,El Sayo,106
2040502004,Cucarita,106
2040503001,Los Guayuyos,106
2040503002,El Estiladero,106
2040503003,Boca De La Laja,106
2040503004,Boca De Montazo,106
2040504001,El Recodo,106
2040504002,El Montazo,106
2040504003,Los Montes Frios,106
2040504004,La Patiya,106
2050101001,Centro Del Pueblo,107
2050101002,Camboya,107
2050101003,Los Jobos,107
2050101004,Higuero,107
2050102001,Maleno,107
2050102002,San Francisco,107
2050102003,Los Ranchitos,107
2050102004,Los Garcia,107
2050102005,Los Calimetes,107
2050102006,El Carrizal,107
2050103001,El Majagual,107
2050103002,Sonador,107
2050103003,Los Guayuyos,107
2050103004,Cascajal,107
2050103005,Los Chicharrones,107
2050104001,Puerta Vieja,107
2050104002,El Alto,107
2050104003,El Higuero,107
2050104004,El Pinar,107
2050104005,La Vereda Atravesada,107
2050104006,El Gajo,107
2050104007,Arroyo Seco,107
2050104008,La Laguna,107
2050104009,Guayuyal,107
2050104010,Los Naranjitos,107
2050104011,Ventura,107
2050104012,El Naranjo O Naranjal,107
2050104013,Bañaderos,107
2050104014,Cañada De Manaclas,107
2050104015,Peralta,107
2050104016,El Naranjal,107
2070101001,Medio O Centro 1,108
2070101002,Nuevo,108
2070101003,La Cuchilla,108
2070101004,Buenos Aires,108
2070101005,Guachupita,108
2070101006,Centro 2,108
2070101007,Batey,108
2070101008,Enriquillo,108
2070101009,Mexico,108
2070102001,Las Terreras,108
2070103001,Guayacanal,108
2070103002,La Concordia,108
2070103003,La Victoria,108
2070103004,Palmarejo,108
2070201001,El Rosario,108
2070202001,Nuevo Curro,108
2070203001,La Cienaga,108
2070203002,Las Auyamas,108
2060101001,Sabana Yegua O Pintao,109
2060101002,Blanco,109
2060101003,Los Cartones,109
2060101004,Ojo De Agua,109
2060101005,El Abanico,109
2060101006,San Francisco O San Feo,109
2060101007,Nuevo,109
2060201001,Proyecto 4,109
2060202001,Proyecto 4,109
2060301001,Ganadero Viejo,109
2060301002,Ganadero Nuevo,109
2060302001,Proyecto D-1 Ganadero,109
2060401001,Proyecto 2-C,109
2060402001,Proyecto 2-C,109
2060402002,Galindo,109
2060402003,Las Lajas,109
2060402004,El Copey,109
2080101001,Quisqueya,110
2080101002,Las Mercedes,110
2080101003,El Cerro (Guayacanal),110
2080101004,La Palmita,110
2080102001,Tabara Arriba,110
2080201001,El Plan,110
2080201002,El Barrio,110
2080202001,Oregano Chiquito,110
2080202002,Los Jovillos,110
2080203001,Cruce Del 15,110
2080203002,Tabara  Abajo,110
2080203003,Los Manantiales,110
2080301001,Amiama Gomez,110
2080302001,Luperon,110
2080401001,Los Toros,110
2080402001,Las Guanabanas,110
2080402002,Cuesta Blanca,110
2080402003,Rabo La Puerca,110
2080402004,Los Cambrones,110
2080403001,Sajanoa,110
2080403002,Arroyo Guayabo,110
3020101001,Galvan,201
3020101002,La Piedra,201
3020101003,Sabila Arriba (Zabila Arriba),201
3020101004,El Muey,201
3020101005,Los Hierros,201
3020101006,Los Multis De Galvan,201
3020102001,El Mamon,201
3020102002,Placer Bonito,201
3020102003,Palo Alto,201
3020102004,La Guama,201
3020102005,Los Cerros,201
3020102006,Muerto Sentado,201
3020102007,El Millo,201
3020102008,Los Angelitos,201
3020102009,Carpintero,201
3020102010,Las Sabilas,201
3020102011,La Mina,201
3020103001,Majagual,201
3020104001,Las Tejas,201
3020104002,Cabirmal,201
3020104003,El Rodeo,201
3020104004,Los Arroyitos,201
3020104005,La Rosa O Gran Plena,201
3020104006,Batista,201
3020104007,Los Botaditos,201
3020104008,Los Guazarales,201
3020104009,Batey San Rafael,201
3020104010,Mundito,201
3020104011,Gliteria,201
3020104012,Las Flores,201
3020201001,El Salado,201
3020202001,Tamarindo,201
3020202002,El Salado,201
3020202003,Guaragurito,201
3020202004,Cachon Viejo,201
3020202005,Moruno,201
3020202006,Saladito,201
3020202007,Boca Del Palmar,201
3020202008,Los Cocos,201
3020202009,Cerro Al Medio,201
3020202010,Preparo,201
3050101001,Los Rios,202
3050102001,La Rosa,202
3050102002,Pino Fresco,202
3050102003,Los Bleos,202
3050102004,Higo De La Cruz,202
3050102005,Los Higos,202
3050102006,Monte Bonito,202
3050102007,La Madera,202
3050102008,Agua De La Palma (La Recta),202
3050102009,La Guamita,202
3050102010,Barrerita,202
3050102011,El Pino,202
3050103001,Los Mosquitos,202
3050103002,Los Palos Del Burro,202
3050103003,La Sierra,202
3050103004,La Plena,202
3050103005,La Finca,202
3050103006,Pinalito,202
3050103007,El Toro,202
3050201001,Las Clavellinas,202
3050202001,Cañada Vieja,202
3050202002,Cañada Del Rancho,202
3050202003,Los Amaceyes,202
3050203001,Arroyo Salado,202
3050203002,El Palmarito,202
3050203003,La Cortadera,202
3010105006,Plaza Cacique,203
3010105007,La Colonia,203
3010106001,Las Petacas,203
3010106002,El Manaclar,203
3010106003,Regadera,203
3010106004,Los Tres Pies,203
3010106005,La Gloria,203
3010106006,Viña,203
3010106007,Los Charquitos,203
3010106008,Segundo Paso,203
3010107001,Los Roas,203
3010107002,Los Fonditos,203
3010107003,El Bejucal,203
3010107004,El Calabozo,203
3010107005,La Lomita,203
3010107006,El Ingenio,203
3010107007,El Sillon,203
3010108001,El Copey,203
3010108002,Rancho De Marcos,203
3010108003,Timia,203
3010108004,Zarabanda,203
3010108005,Los Mangos De Ana,203
3010108006,Palmar Bonito,203
3010108007,El Aguacate,203
3010109001,Alto De La Peña,203
3010109002,Los Peñascos,203
3010109003,Rancho Viejo,203
3010109004,Pinalito (Los Pichones),203
3010109005,La Guamita,203
3010109006,El Pozo,203
3010109007,Panchito,203
3010109008,El Aguacate,203
3010109009,Guayuyal Del Aguacate,203
3010109010,El Fondo,203
3010109011,El Alto,203
3010109012,Los Canes,203
3010201001,El Palmar,203
3010202001,Batey I,203
3010203001,Batey 4,203
3010203002,Batey Cuchillo,203
3010204001,Batey 5,203
3010205001,Batey  Isabela,203
3010205002,Batey 2,203
3010206001,El Palmar,203
3010206002,Batey 3,203
3030101001,Los Charquitos,204
3030101002,La Sombra,204
3030101003,Maria Montez O Los Cuaba,204
3030101004,Alto De Las Flores,204
3030101005,Centro Del Pueblo,204
3030101006,El Cacique,204
3030101007,San Jose La Cuaba,204
3030101008,Hato Nuevo,204
3030102001,Barranca,204
3030102002,Honduras,204
3030102003,Vuelta Grande,204
3030102004,San Simon,204
3030102005,Arroyo Seco,204
3030201001,Uvilla Arriba,204
3030201002,Leonardo Gonzalez O Los Mulos,204
3030201003,Uvilla Abajo,204
3030201004,Nueva Uvilla,204
3030202001,El Jobo,204
3030301001,La Cu,204
3030301002,El Cerro,204
3030301003,Villa Liberacion,204
3030301004,Villa Lorenza,204
3030301005,El Cerrito,204
3030302001,Bayahonda,204
3030302002,Villa Santana (Batey Santana),204
3030302003,Los Conuquitos,204
3030302004,San Ramon,204
3030302005,Cachimba,204
3030302006,Alta Mira,204
3030401001,Montserrat,204
3030401002,Santa Maria,204
3030402001,Santa Maria,204
3030403001,El Higo,204
3030501001,Cabeza De Toro,204
3030502001,El Manguito,204
3030502002,La Grana,204
3030502003,Cabeza De Toro,204
3030503001,Guanarate,204
3030601001,Mena Arriba,204
3030601002,Mena Abajo,204
3030602001,Villa Mella,204
3030602002,Mena Abajo,204
3030602003,Mena Arriba,204
3030602004,Batey Mena O Block De Mena,204
3030701001,Los Blocks,204
3030701002,Las Casitas,204
3030701003,Concho Primo,204
3030701004,Los Barrancones,204
3030702001,La Casita,204
3030703001,Los Robles,204
3040101001,La Madre,205
3040101002,El Otro Lado,205
3040101003,El Palmar,205
3040101004,Palenque,205
3040101005,Centro Del Pueblo,205
3040101006,El Cerro,205
3040101007,Los Guayacanes,205
3040101008,Nuevo,205
3040101009,Meceron,205
3040101010,Alto Velo,205
3040101011,Brisas Del Este,205
3040101012,Fe Y Alegria,205
3040101013,Enriquillo,205
3040101014,El Palmarito,205
3040102001,Los Amaceyes,205
3040102002,Yerba Buena,205
3040102003,Ronelio Lloyo O Rancho De Goyo,205
3040102004,El Barro,205
3040102005,El Higuero,205
3040102006,Pedro,205
3040102007,La Esperanza,205
3040102008,El Mamey,205
3040102009,Arroyo Salado,205
3040102010,Las Cortaderas,205
3040102011,El Meso,205
3040102012,Guayacanal,205
3040103001,Las Cañitas,205
3040103002,La Cidra,205
3040103003,Penda,205
3040103004,Meregildo,205
3040103005,Loma De Juanico,205
3040103006,El Valle,205
3040103007,Naranjo,205
3040103008,Hoyo De Julian,205
3040103009,Sobacon,205
3040103010,Colorado,205
3040104001,Pie De Loma,205
3040104002,La Cidra,205
3040104003,Las Lagunas,205
3040104004,Majagual Cenizo,205
3040105001,Los Hierros,205
3040105002,Arroyo Seco,205
3040105003,Monte De La Gallina,205
3040105004,Mata De Naranja,205
3040105005,Los Jaricos,205
3040105006,La Cuba,205
3040105007,El Silencio,205
3040105008,Los Yaurumos,205
3040105009,La Cuchilla,205
3040105010,Cascajar (Cascajal),205
4010101001,Enriquillo,301
4010101002,Los Altos De Blaquizales,301
4010101003,Baitoita,301
4010101004,Pueblo Nuevo,301
4010101005,Los Calieses,301
4010101006,Palmarito,301
4010101007,Savica,301
4010101008,Las Flores,301
4010101009,Villa Estela,301
4010101010,La Playa,301
4010101011,Mejoramiento Social,301
4010101012,30 De Mayo O La Policia,301
4010101013,Cañada De Papoy,301
4010101014,El Naco,301
4010101015,El Cacique O Canta La Rana,301
4010101016,La Raqueta,301
4010101017,Alto Velo,301
4010101018,Los Maestros,301
4010101019,Don Bosco,301
4010101020,Blanquizales,301
4010101021,Camboya,301
4010101022,Centro De La Ciudad,301
4010101023,Cerro De Saladillos O Rio Chir,301
4010101024,Casandra,301
4010102001,Manantial,301
4010102002,Palmingo,301
4010102003,Manuel Diaz,301
4010102004,Melen,301
4010102005,Candelaria,301
4010102006,Ralo,301
4010102007,Jeño,301
4010102008,Mundito,301
4010102009,La Raqueta,301
4010102010,Canta La Rana,301
4010103001,Santa Elena,301
4010103002,El Fundo,301
4010103003,Las Mercedes-Finca,301
4010103004,La Elba,301
4010103005,Tres Pies (Conalito),301
4010103006,El Petaquero,301
4010103007,Cañada Del Agua,301
4010103008,Las Caritas,301
4010103009,El Cajuil,301
4010103010,La Saladilla,301
4010201001,Centro Del Pueblo O Sector A,301
4010201002,Los Gomez,301
4010201003,Los Papiteros,301
4010202001,Los Callejones (Sur),301
4010202002,Charco Colorado,301
4010202003,Pandie,301
4010202004,Sula,301
4010202005,Cruce De Cabral (Sur),301
4010202006,Carpinteros,301
4010301001,La Guazara O Centro Del Pueblo,301
4010301002,El 3,301
4010301003,El 5,301
4010301004,Los Mameyes,301
4010301005,El Barrio,301
4010301006,Villa Abajo,301
4010301007,Villa Arriba,301
4010302001,El Hoyo,301
4010302002,Palo Bonito,301
4010302003,Palo Veinte,301
4010302004,Jose Joaquin,301
4010302005,El Montazo,301
4010302006,Villa Hortensia,301
4010302007,El Cabo,301
4010302008,Los Angelitos,301
4010302009,Charco Prieto,301
4010401001,Villa Olimpica,301
4010401002,Invi-Cea,301
4010401003,Marginal Oeste,301
4010401004,Las Avenidas,301
4010401005,La Octava,301
4010401006,La Factoria,301
4010401007,Los Blocks,301
4010401008,La Salina,301
4010401009,La Montañita,301
4010401010,Miramar,301
4010401011,Perpetuo Socarro,301
4010401012,Jarro Sucio,301
4010401013,Balaguer,301
4010401014,Los Agronomos,301
4010401015,Los Solares De Milton O Maria Montez,301
4010401016,Vista Al Mar,301
4010401017,Valle Encantado,301
4010401018,Juan Pablo Duarte,301
4020101001,Abajo,302
4020101002,Centro Del Pueblo,302
4020101003,El Llano,302
4020101004,Arriba,302
4020101005,El Majagual,302
4020101006,Nueva York Chiquito,302
4020101007,La Peñuela,302
4020101008,El Guayuyo,302
4020101009,16 De Agosto,302
4020102001,Tierra Blanca,302
4020102002,La Lista,302
4020102003,El Naranjo,302
4020102004,El Fundo,302
4020102005,El Majagual,302
4020102006,Boca Naranjo,302
4020102007,El Guayuyo,302
4020102008,La Cueva,302
4020102009,La Pendula,302
4020102010,Los Hierros,302
4020102011,Revolcadero,302
4020102012,Garo,302
4020102013,El Aguacate,302
4020102014,El Firme,302
4020102015,El Brisal,302
4020102016,Laguna Rincon (Parte),302
4060101001,Centro Del Pueblo,303
4060101002,Los Ajicitos Sector Arriba,303
4060101003,Valle Encantado,303
4060101004,La Ce,303
4060101005,La Gran Parada O Pueblo Abajo,303
4060101006,El Play,303
4060102001,Los Arraijanes,303
4060102002,Cerro De Richiez,303
4060102003,El Barrillar,303
4060102004,Los Tomates,303
4060102005,La Peronia,303
4060102006,La Punta Del Cerro,303
4060102007,La Guazabara,303
4060102008,Los Higos,303
4060102009,La Sucesion,303
4060102010,Los Guayuyos,303
4060102011,El Memisal,303
4060102012,Los Caños,303
4060102013,Las Guineas,303
4060102014,Los Barrancones,303
4060102015,El Buey,303
4060102016,Arenoso,303
4060102017,Laguneta,303
4060102018,Los Chicones,303
4060102019,Laguna Rincon (Parte),303
4060103001,La Bomba,303
4060103002,Palo De Leche,303
4060103003,Peñon Arriba,303
4060103004,Los Guayacanes,303
4030101001,Luperon,304
4030101002,Los Multis,304
4030101003,El Mamonal,304
4030101004,Villa Progreso,304
4030101005,Centro Del Pueblo,304
4030101006,Tamayo,304
4030101007,Mercede Alta,304
4030102001,Buena Vista,304
4030102002,Juan Isidro,304
4030102003,Los Cocos,304
4030102004,Las Cuatro Bocas,304
4030103001,Los Blancos,304
4030103002,Hondo Valle,304
4030103003,Palmarito,304
4030103004,Maria Teresa,304
4030103005,Peñalva,304
4030103006,Caleton,304
4030103007,Las Merceditas,304
4030104001,Solera,304
4030104002,Charco  Del Higo,304
4030104003,Clavellina,304
4030104004,La Paz,304
4030104005,Chene,304
4030104006,La Torre,304
4030104007,El Valle,304
4030201001,Arroyo Dulce,304
4030202001,Mencia,304
4030202002,Charco Blanco,304
4030202003,Bella Vista,304
4030202004,Paradero En Medio,304
4030202005,Maniel Viejo,304
4030202006,La Sabana De Maniel,304
4030202007,Arroyo Dulce Rural,304
4030203001,El Higuero,304
4030203002,Las Palmas,304
4030203003,La Jaiba,304
4030203004,Los Candelones,304
4030203005,Sabana De Las Primeras Yerbas,304
4030203006,Masaco,304
4030204001,Charco Prieto,304
4030204002,Las Palmas,304
4030204003,La Vaca,304
4030204004,El Toro,304
4030204005,La Isleta,304
4030204006,La Guacima (La Guazuma),304
4030204007,El Pino,304
4030205001,El Naranjal,304
4030205002,La Habitacion,304
4030205003,La Cueva De Luis,304
4080101001,La Ce,305
4080101002,Nuevo,305
4080101003,El Abanico,305
4080101004,Centro Del Pueblo,305
4080101005,La Cuchilla,305
4080102001,La Isleta-Caño Arenoso,305
4080102002,Los Cañitos,305
4080102003,El Centro,305
4080102004,El Jobo,305
4080102005,La Berleta (Las Placetas),305
4080102006,El Botao,305
4080102007,Finca De Francisco Matos,305
4080103001,Blanquizal,305
4080104001,Batey Altagracia,305
4080104002,Batey Algodon,305
4080201001,El Centro,305
4080201002,Pueblo Nuevo,305
4080201003,Colombia (Pekin),305
4080201004,Korea,305
4080201005,Viejo,305
4080202001,La Hoya,305
4080202002,Los Tres Puentes,305
4080202003,Barrio Nuevo,305
4080202004,Palmarito De La Hoya,305
4080202005,El Mamon,305
4080203001,Hato Viejo,305
4080203002,Batey Guayacanes,305
4080203003,Los Cocos,305
4080203004,Las Veras,305
4080203005,Finca De Jaime Feliz,305
4080204001,Habanero,305
4080204002,Caballero,305
4080204003,Los Callejones (Norte),305
4080204004,Cruce De Cabral (Norte),305
4110101001,Jaquimeyes,306
4110101002,Rincon Cayao,306
4110101003,Bella Vista,306
4110101004,La Salvia,306
4110101005,Jerusalem,306
4110102001,Burenes,306
4110102002,Campo De Caña Del Cea,306
4110102003,El Salado De Los Cucuses,306
4110102004,La Cortadera,306
4110102005,Buse,306
4110102006,El Limon,306
4110102007,El Curro,306
4110102008,Puerto Alejandro,306
4110102009,Yerba De Guinea,306
4110102010,El Babor,306
4110201001,Centro Del Pueblo,306
4110202001,Cruce De Palo Alto,306
4110202002,La Arbiña,306
4110202003,La Arbiñita,306
4110202004,Los Tres Puentes,306
4070101001,Centro Viejo,307
4070101002,Nuevo,307
4070101003,Cristo Rey O Jarro Sucio,307
4070101004,Haiti,307
4070101005,Fudeco,307
4070101006,Bella Vista,307
4070102001,Guayuyal,307
4070102002,Majagualito,307
4070102003,La Lajita,307
4070102004,Los Helechos,307
4070102005,Bejucal,307
4070102006,Charco Del Toro,307
4070102007,Aguita Blanca,307
4070102008,Copey,307
4070102009,Las Brujas,307
4070102010,San Rafael,307
4070102011,Charco Blanco,307
4070102012,El Cachote,307
4070102013,La Canela,307
4070102014,La Laguneta,307
4070102015,Palmarito,307
4070102016,Isleta,307
4070102017,Baoruquito,307
4070102018,Los Naranjos O Colorados,307
4070201001,Baoruco Arriba,307
4070201002,Baoruco Abajo,307
4070201003,La Playa,307
4070201004,Cañafistola,307
4070201005,El Champan,307
4070201006,El Cacheo,307
4070202001,El Arroyo,307
4070202002,Machembe (Chembe),307
4070203001,La Filipina,307
4070203002,La Trocha,307
4070203003,Los Hierros,307
4070203004,Travesia,307
4070203005,Los Chupaderos,307
4070204001,Calabazas,307
4070204002,Los Morones,307
4070204003,Las Auyamas,307
4070204004,La Pendula,307
4070204005,Guindadero,307
4070204006,Tierra Llana,307
4070204007,El Membrillo,307
4070204008,Guancho (Cuacho),307
4070204009,El Pele,307
4070204010,Vengan A Ver,307
4070204011,Las Palmitas,307
4070205001,Juan Esteban,307
4070205002,La Vuelta De Gabino,307
4070205003,Los Franceses,307
4070205004,Los Pajaros,307
4070205005,Las Palmitas,307
4090101001,Cerros De Santa Lucia,308
4090101002,Nuevo,308
4090101003,Las Flores,308
4090101004,Centro Del Pueblo,308
4090101005,Las Caobas O Jarro Sucio,308
4090101006,La Esperanza,308
4090101007,Santa Rosa O Batey Paja,308
4090102001,Boqueron,308
4090102002,Entrada De Lemba,308
4090102003,Lemba,308
4090102004,Hato Nuevo,308
4090102005,Las Salinas,308
4090103001,Los Saladillos,308
4090104001,La Cu,308
4040101001,La Yagua O La Caya,309
4040101002,Centro Del Pueblo,309
4040101003,Altagracia,309
4040101004,Mejoramiento Social O Los Multis,309
4040101005,La Lajita O Alto Velo,309
4040101006,La Caoba,309
4040101007,El Play,309
4040102001,Cortico,309
4040102002,El Platon,309
4040102003,Charco Blanco,309
4040102004,Villa Nizao,309
4040103001,La Lanza Arriba,309
4040103002,La Lanza Abajo,309
4040103003,Aguita Blanca,309
4040103004,Gajo De Toro,309
4040104001,Leonardo,309
4040104002,Rancho Antonio,309
4040104003,Malanga,309
4040104004,Chorro De Oro,309
4040104005,Dominica,309
4040104006,El Palo 30,309
4040104007,Coco (Caco),309
4040104008,La Caoba,309
4040104009,Gachito,309
4040104010,Los Guineos,309
4040104011,Charco Prieto,309
4040104012,Riosito,309
4040104013,La Cabirma,309
4040104014,Bisan,309
4040105001,San Rafael,309
4040105002,Cafe Las Mujeres,309
4040201001,Los Patos,309
4040202001,Los Patos,309
4040202002,Bejuquero,309
4040202003,El Fondo,309
4040202004,Cresteliando,309
4040202005,El Maniel,309
4040202006,Audon,309
4040202007,Yaurumal,309
4040202008,Laguneta,309
4040203001,Ojeda,309
4040203002,Barrio Nuevo,309
4040203003,La Vibora,309
4100101001,La Policia,310
4100101002,Centro Del Pueblo,310
4100101003,Cañada Arriba,310
4100101004,Las Flores,310
4100101005,Nuevo,310
4100102001,El Puentecito,310
4100102002,Monteada Nueva,310
4100102003,Las Auyamas,310
4100102004,Los Lirios,310
4100102005,El Charco,310
4100102006,Cortico,310
4100102007,Los Lazos,310
4100102008,El Puerto,310
4100102009,Monteada,310
4100103001,Los Charquitos,310
4100103002,La Tayota,310
4100103003,La Jo,310
4100103004,Los Mosquitos,310
4100103005,Charco Naranjo,310
4100103006,El Higuero,310
4100103007,Rio Arriba,310
4100103008,El Guayabo,310
4100103009,El Charcos,310
4100104001,Los Arroyos,310
4100104002,La Poza,310
4100104003,Bretoncito,310
4100104004,Breton,310
4100104005,La Muda,310
4100104006,Polo Arriba,310
4100104007,La Cabuya,310
4100104008,El Limonal,310
4100104009,Jose Olivares,310
4100104010,Los Colorados,310
4100105001,Santa Cruz,310
4100105002,Mata De Maiz,310
4100105003,Fondo Abajo,310
4100105004,Fondo Arriba,310
4100105005,Fondo De Aristeo,310
4100105006,Fondo De Agustin,310
4100105007,Fondo De Benito,310
4050101001,Las Auyamas,311
4050101002,Placer Bonito,311
4050101003,Centro Hermoso,311
4050101004,Los Maquitos,311
4050101005,La Cuarenta,311
4050101006,Pueblo Arriba,311
4050101007,Centro Del Pueblo,311
4050101008,Batey Paja,311
4050101009,Galindo,311
4050101010,Guatapanal O Guayacanal (Ant. La Puerca),311
4050101011,Viejo,311
4050101012,Nuevo,311
4050101013,Los Multis,311
4050101014,Los Agronomos,311
4050201001,Canoa,311
4050201002,Bueno Aires Del Yeso,311
4050202001,Bombita,311
4050202002,Miramar,311
4050202003,Mamey,311
4050202004,Mameicito (Mameycito),311
4050202005,La Colonia,311
4050202006,Hatico De Platanal,311
4050202007,Loma Del Curro,311
4050202008,Charco De Pancho,311
4050202009,Paso De Santa,311
4050301001,Coraza O Centro Del Pueblo,311
4050301002,La Pista,311
4050301003,Azul,311
4050301004,El Arroyo,311
4050302001,El Higuito,311
4050302002,El Memiso,311
4050302003,Quita Coraza,311
4050303001,La Mina,311
4050303002,Boca Del Bao,311
4050303003,La Leona,311
4050401001,El Centro,311
4050401002,Cenceres,311
4050401003,Nuevo,311
4050401004,El Abanico,311
4050401005,El Cruce,311
4050402001,Puerto Grande,311
4050402002,La Cu,311
4050402003,Montazo,311
4050402004,El Oregano,311
4050403001,La Lajita,311
4050403002,Arroyo Grande,311
4050403003,El Quemado,311
4050403004,Uvillita,311
5050101001,El Pino,402
5050102001,Los Inagitos (Los Inajitos),402
5050102002,El Capacito,402
5050102003,La Avanzada,402
5050102004,El Canal,402
5050102005,Inaje,402
5050103001,Marizan,402
5050103002,Los Compos,402
5050103003,La Ceniza,402
5050103004,El Rodeo,402
5050103005,La Mata De Limon,402
5050103006,Las Carreras,402
5050103007,Los Pozos,402
5050103008,La Burra,402
5050103009,El Corozo,402
5050103010,El Rodeo Adentro,402
5050103011,El Fango,402
5050103012,Sabana Gurabo,402
5050103013,El Pino,402
5050201001,Manuel Bueno,402
5050202001,Palo Blanco,402
5050202002,La Jagua Arriba,402
5050202003,Terraplen,402
5050202004,Los Jengibres O Jenjibres,402
5050202005,Higo Bonito,402
5050202006,La Chancleta,402
5050202007,Piedra De Bohio,402
5050203001,La Luisa,402
5050203002,Los Pozos,402
5050203003,La Gina (La Ginita),402
5050203004,El Zumbador,402
5050203005,El Guayabal,402
5050203006,Las Auyamas,402
5050204001,La Jagua Abajo,402
5050204002,El Manguito,402
5050204003,Los Cacaos,402
5050204004,Loma De Sabana,402
5050204005,Loma De Los Jobos,402
5050204006,Arroyo De La Jagua Arriba,402
5050204007,La Jagua,402
5020102011,Los Maguaquitos,403
5020102012,Los Palmaritos,403
5020102013,Caramana,403
5020102014,La Peñita,403
5020103001,Masaquitos,403
5020103002,Las Lagunas,403
5020103003,El Cajuil,403
5020103004,Arroyo Azul,403
5020103005,La Reforma,403
5020103006,Los Pomos,403
5020103007,Sabaneta,403
5020103008,Los Colorados,403
5020103009,El Rincon,403
5020104001,La Ceiba,403
5020104002,Castellar,403
5020104003,Cerro De Dajao,403
5020104004,Carrizal,403
5020105001,El Corozo,403
5020105002,Monte Grande,403
5020105003,Paso De Jacinto,403
5020105004,Puerto Rico,403
5020105005,La Hoya,403
5020105006,Palo Colorado,403
5020105007,Mancorna,403
5020105008,Masacre,403
5020105009,Corozo Abajo,403
5020201001,Capotillo,403
5020202001,Hipolito Billini,403
5020202002,Tres Palmas,403
5020202003,Fondo Grande,403
5020202004,Monte Adentro,403
5020202005,Villa Esperanza,403
5020202006,Chorro Bonito,403
5020202007,Villa Porvenir,403
5020202008,Bonito Valle,403
5020203001,Don Miguel,403
5020203002,Tamarindo,403
5020203003,La Peñita Abajo,403
5020203004,Pueblo Nuevo,403
5020203005,El Corozo Abajo,403
5020203006,El Junco,403
5020203007,El Alto De Paloma,403
5020301001,Santiago De La Cruz,403
5020302001,Pinar Claro,403
5020302002,Piedra Blanca,403
5020302003,Campeche,403
5020302004,Lajas Campeche,403
5020302005,El Bambe,403
5020302006,El Yarey,403
5020302007,Yareycito,403
5020303001,El Plan,403
5020303002,Sector La Iglesia,403
5020303003,Los Tres Caños,403
5020304001,La Piña,403
5020304002,Los Socias,403
5020304003,Sandino Diaz,403
5030101001,Partido O Centro Del Pueblo,404
5030102001,Los Indios,404
5030102002,La Piña,404
5030102003,Partido Arriba,404
5030102004,Sangre Linda,404
5030102005,Hatico Viejo,404
5030103001,Buen Gusto,404
5030103002,La Culata,404
5030103003,Vaca Gorda,404
5030103004,La Culata Arriba,404
5030103005,Higuero,404
5030103006,La Guasima,404
5030103007,Aminilla,404
5030103008,La Estancia,404
5030104001,Aminilla,404
5030104002,La Gorra,404
5030104003,La Barrera,404
5030104004,Taguique,404
5030104005,Los Cerros De Aminilla,404
5030104006,El Rodeo,404
5030104007,El Estrecho,404
5030104008,El Llano,404
5030104009,La Gallina,404
5030104010,Sabana Del Medio,404
5040101001,Centro Del Pueblo,405
5040102001,Cruz De Cabrera Abajo,405
5040102002,Cruz De Cabrera Arriba,405
5040102003,La Siembra,405
5040102004,Rancho Pedro,405
5040102005,Palma De Los Santos,405
5040102006,Villa Anacaona,405
5040103001,La Garrapata,405
5040103002,Jimenez Abajo,405
5040103003,El Carrizal,405
5040103004,Mochito,405
5040103005,Los Hoyos De Jimenez,405
5040103006,Fondo Grande,405
5040103007,Tierra Sucia,405
5040103008,Vara De Vaca,405
5040103009,Mariano Cestero,405
5040104001,La Pocilga,405
5040104002,Agua Blanca,405
5040104003,Valle Nuevo,405
5040104004,Valle Simon,405
5040104005,Kilometro 1,405
5040104006,Kilometro 4,405
5040104007,Neita Abajo,405
5040104008,El Corozo,405
5040105001,Neita,405
5040105002,Palo Quemado,405
5040105003,Bael,405
5040105004,La Berenjena,405
5040105005,Los Cerezos,405
5040105006,Loma Del Guano,405
5040105007,La Sabana,405
5040105008,El Hato,405
5040105009,Agua De Juan,405
5040105010,Mompoque,405
5040105011,Las Rosas,405
5040105012,La Jagua Abajo,405
5040105013,Loma De Caña,405
5040105014,Pelagio,405
5040105015,Loma De Sabana,405
5040105016,La Penda,405
5040105017,La Jagua Arriba,405
5040105018,El Maniel,405
1010101004,Altos De Arroyo Hondo,501
1010101005,Los Rios,501
1010101006,Puerto Isabela,501
1010101007,Honduras Del Oeste,501
1010101008,Honduras Del Norte,501
1010101009,Paseo De Los Indios,501
1010101010,Los Cacicazgos,501
1010101011,Renacimiento,501
1010101012,Los Restauradores,501
1010101013,San Geronimo,501
1010101014,Los Jardines,501
1010101015,Jardin Botanico,501
1010101016,Nuevo Arroyo Hondo,501
1010101017,Cerros De Arroyo Hondo,501
1010101018,Viejo Arroyo Hondo,501
1010101019,Paraiso,501
1010101020,Julieta Morales,501
1010101021,Los Prados,501
1010101022,El Millon,501
1010101023,Mirador Norte,501
1010101024,Mirador Sur,501
1010101025,Buenos Aires (Independencia),501
1010101026,Miramar,501
1010101027,Tropical Metaldom,501
1010101028,Jardines Del Sur,501
1010101029,Atala,501
1010101030,Bella Vista,501
1010101031,Ensanche Quisqueya,501
1010101032,Piantini,501
1010101033,La Julia,501
1010101034,Nuestra Señora De La Paz,501
1010101035,General Antonio Duverge,501
1010101036,30 De Mayo,501
1010101037,Cacique,501
1010101038,Centro De Los Heroes,501
1010101039,Mata Hambre,501
1010101040,Ciudad Universitaria,501
1010101041,La Esperilla,501
1010101042,Ensanche Naco,501
1010101043,Centro Olimpico,501
1010101044,Ensanche La Fe,501
1010101045,La Agustina,501
1010101046,Cristo Rey,501
1010101047,Jardin Zoologico,501
1010101048,La Zurza,501
1010101049,Villa Agricolas,501
1010101050,Villa Juana,501
1010101051,Miraflores,501
1010101052,San Juan Bosco,501
1010101053,Gazcue,501
1010101054,Ciudad Nueva,501
1010101055,San Carlos,501
1010101056,Villa Consuelo,501
1010101057,Ensanche Luperon,501
1010101058,Ensanche Capotillo,501
1010101059,Simon Bolivar,501
1010101060,24 De Abril,501
1010101061,Ensanche Espaillat,501
1010101062,Maria Auxiliadora,501
1010101063,Mejoramiento Social,501
1010101064,Villa Francisca,501
1010101065,Zona Colonial,501
1010101066,Domingo Savio,501
1010101067,Gualey,501
1010101068,La Isabela,501
1010101069,La Hondonada,501
1010101070,San Diego,501
706030103002,Evaristo Morales,501
706030103003,Serralles,501
706030103004,El Vergel,501
23010101034,Ingenio Santa Fe,2806
23010101035,Loma De Cochero,2806
23010101036,Buenos Aires,2806
23010101037,La Cerveceria,2806
23010101038,Villa Visan,2806
23010101039,Miramar,2806
23010101040,Villa Orilla O Paraiso,2806
23010101041,Residencial Villa España,2806
23010101042,San Anton,2806
23010101043,Punta Garza,2806
23010101044,Villa Progreso Ii,2806
23010101045,Hato De San Pedro,2806
23010101046,Residencial Naime,2806
23010101047,Urbanizacion Cemento Titan,2806
23010101048,Autoridad Portuaria,2806
23010101049,Villa Faro,2806
23010101050,Enriquillo,2806
23010101051,Jardines Del Este,2806
23010101052,24 De Abril,2806
23010101053,Azul,2806
18040104005,Boca De Caonao,2103
18040104006,Boca De Cabia,2103
18040104007,La Angostura,2103
18040105001,Barrero,2103
18040105002,Loma Blanca,2103
18040105003,Los Llanos De Perez,2103
18040105004,Los Trejos,2103
18040105005,Bajabonico Arriba,2103
18040105006,Boca De Obispo,2103
18040105007,Ingenio Amistad,2103
18040105008,Naranjo Chino,2103
18040105009,Barrabas,2103
18040105010,La Aguita,2103
18040105011,Hojas Anchas,2103
18040105012,El Puerto,2103
6010101007,Santa Ana,606
6010101008,Gallinero,606
6010101009,Las Flores,606
6010101010,La Piña I,606
6010101011,El Capacito,606
6010101012,Ensanche Aguila,606
6010101013,Urbanizacion Camilo,606
6010101014,El Hormiguero,606
6010101015,Urbanizacion Toribio Piantini,606
6010101016,Ensanche San Martin De Porres,606
6010101017,27 De Febrero,606
6010101018,Villa Olimpica,606
6010101019,Duarte,606
6010101020,San Pedro,606
6010101021,Hermanas Mirabal,606
6010101022,Ercilia Pepin,606
6010101023,Urbanizacion Jennifer,606
6010101024,Pueblo Nuevo,606
18040105013,El Rincon,2103
18040105014,El Hoyo De Perez,2103
18040106002,Arroyo Seco,2103
18040106003,La Potranca,2103
18040106004,La Grea,2103
18040106005,Vuelta Larga,2103
18040106006,Saballo,2103
18040106007,Morillo,2103
18050101001,El Mamey,2104
18050101002,Pueblo Nuevo,2104
18050101003,Altos De Los Acosta,2104
18050102001,El Rejon,2104
18050102002,Los Tres Pasos,2104
18050102003,Las Maritas,2104
18050102004,La Ceiba,2104
18050102005,Loma De Piedra,2104
18050102006,El Pinto,2104
18050102007,Vuelta Larga,2104
18050102008,Ranchete,2104
18050103001,La Peña,2104
18050103002,Los Tablones,2104
18050103003,El Rejon,2104
18050103004,Los Castillos,2104
18050103005,Marmolejos Abajo,2104
18050103006,Agua Hedionda,2104
18050103007,Los Sabino,2104
18050103008,Marmolejos,2104
18050103009,Los Altos De Marmolejos,2104
18050103010,Agua Clara,2104
18050104001,Las Caobas,2104
18050104002,Cañada Grande,2104
18050104003,La Piragua,2104
18050104004,El Talado,2104
18050104005,La Boca De Unijica,2104
18050104006,Agua Clara,2104
18050104007,Unijica Abajo,2104
18050104008,Romerico,2104
18050104009,La Vereda,2104
18050104010,La Luperona,2104
18050104011,Charco Del Caiman,2104
18050201001,Navas,2104
18050202001,Ruiseñor,2104
18050202002,Verraco Blanco,2104
18050202003,Vista Alegre,2104
18050202004,Los Verracos,2104
18050202005,Las Alforjas,2104
18050202006,Los Pucheos,2104
18050202007,Los Monos,2104
18050202008,Invi,2104
18050202009,La Sabana,2104
18050202010,Buenos Aires,2104
18050202011,La Libertad,2104
18050202012,Proyecto Hacienda Rosa Maria,2104
18050202013,Los Cerros De Navas,2104
18050202014,La Peñita,2104
18060101001,Luperon O Centro Del Pueblo,2105
18060102001,Barrancon,2105
18060102002,Los Cambrones,2105
18060102003,Novillero,2105
18060102004,Las Landras,2105
18060102005,Los Carmonies,2105
18060102006,Loma De Novillero,2105
18060102007,Puerto Caballo,2105
18060102008,La Rusia,2105
18060103001,Loran,2105
18060103002,La Roceta,2105
18060103003,Souffle Grande,2105
18060103004,La Piña,2105
18060103005,Proyecto Agrario,2105
18060103006,La Aguada,2105
18060103007,Arenoso,2105
18060103008,Monte Aguilar,2105
18060104001,El Higo,2105
18060104002,Quebrada Honda,2105
18060105001,El Guano,2105
18060105002,Cabeza De Vaca,2105
18060105003,Las Cruces,2105
18060105004,La Pulga,2105
18060105005,El Puerto,2105
18060105006,Los Corozos,2105
18060105007,La Sabana Abajo,2105
18060105008,La Peña,2105
18060105009,El Canal,2105
18060105010,Escoboso,2105
18060105011,La Sabana,2105
18060106001,Ranchito De Los Vargas,2105
18060106002,La Piedra,2105
18060106003,Los Tavarez,2105
18060106004,La Ceibita Arriba,2105
18060106005,La Ceibita Abajo - Higo,2105
18060106006,La Joya,2105
18060106007,Ranchito Abajo,2105
18060201001,La Isabela,2105
18060202001,Candelon,2105
18060202002,Las Maras,2105
18060202003,La Culebra,2105
18060203001,Drimbol,2105
18060203002,Las Paredes,2105
18060301001,Los Bellosos,2105
18060302001,Belloso,2105
18060302002,Los Arquies,2105
18060302003,El Higo Claro,2105
18060302004,Los Ramones,2105
18060302005,El Palero Belloso,2105
18060302006,El Bajonazo,2105
18060302007,El Proyecto,2105
18060302008,La Vereda,2105
18060303001,Los Conucos,2105
18060303002,Cerro De Navas,2105
18060401001,El Estrecho De Luperon Omar Bross,2105
18060402001,El Estrecho Abajo,2105
18060402002,La Subida De Los Muertos,2105
18060402003,Martin Alonzo Arriba,2105
18060403001,Arroyo Amargo,2105
18060403002,El Fundo,2105
18060404001,El Cruce De Martin Alonzo,2105
18060404002,Tasajera,2105
18060404003,El Jamo,2105
18010101001,Los Dominguez,2106
18010101002,Haiti,2106
18010101003,Gregorio Luperon,2106
18010101004,Los Coquitos,2106
18010101005,Playa Oeste,2106
18010101006,Invi,2106
18010101007,Urbanizacion Cerro Verde,2106
18010101008,La Viara,2106
18010101009,Ensanche Dubeau,2106
18010101010,Centro Historico De Puerto Plata,2106
18010101011,Hotel Y Casino Costa Dorada,2106
18010101012,La Regola O Ensanche Eduardo Brito,2106
18010101013,Villa Progreso,2106
18010101014,Padre Las Casas,2106
18010101015,Colinas Del Sur (El Avispero),2106
18010101016,Ciudad Parte Alta(Zona Escolar),2106
18010101017,Urbanizacion El Doral,2106
6010101028,La Madeja,606
18010101018,Los Platanitos,2106
18010101019,Los Cocos O Ensanche Miramar,2106
18010101020,Ensanche Luperon,2106
18010101021,Mirador Sur,2106
18010101022,Cristo Rey,2106
18010101023,Los Reyes,2106
18010101024,Amanda I (Caminero),2106
18010101025,Bayardo,2106
18010101026,Brugal,2106
18010101027,Inespre,2106
18010101028,Horizontes Del Atlantico (Villa Sanchez),2106
18010101029,Padre Granero,2106
18010101030,Urbanizacion Torre Alta,2106
18010101031,Jardines Del Atlantico (G),2106
18010101032,Urbanizacion Atlantica,2106
18010101033,Los Cueto O La Caobas,2106
18010101034,Maripica O Coca Cola,2106
18010101035,Las Tres Palmas,2106
18010101036,Codetel,2106
18010101037,Cafemba,2106
18010101038,El Jabillar,2106
18010101039,Costambar,2106
18010101040,Cuesta Amarilla,2106
18010101041,Urbanizacion La Florida,2106
18010101042,Puerton Rojo,2106
18010101043,Urbanizacion El Mar,2106
18010101044,Urbanizacion Lorena,2106
18010101045,San Marcos Arriba,2106
18010101046,San Marcos Abajo,2106
18010101047,Batey 3,2106
18010102001,Piedra De Candela,2106
18010102002,La Berenjena O Los Tabita,2106
18010102003,Los Amaceyes,2106
18010102004,El Calabacito,2106
18010102005,Las Tres Canas,2106
18010102006,El Gallo,2106
18010102007,El Cupey,2106
18010102008,Los Pomos,2106
18010102009,El Naranjal,2106
18010102010,Came Arriba,2106
18010102011,La Gotera,2106
18010102012,Rancho Ambrosio,2106
18010102013,Los Palmaritos,2106
18010102014,El Manaclar,2106
18010102015,El Vallecito,2106
18010102016,La Caobana O La Caoba,2106
18010103001,Loma Isabel De Torres,2106
18010103002,Los Mameyes,2106
18010104001,Muñoz,2106
18010104002,Cantabria Abajo O Campiñe,2106
18010104003,Cantabria Arriba O Mary Vasquez,2106
18010104004,La Tachuela,2106
18010104005,Sabana Grande,2106
18010104006,Marapicada,2106
18010105001,Los Algodones,2106
18010105002,Sabana De La Vigia,2106
18010105003,Sabana De Los Muertos,2106
18010105004,Came,2106
18010105005,Juan De Nina,2106
18010105006,Naranjo Dulce,2106
18010105007,Arroyo Ancho Abajo O La Playa,2106
18010105008,Palo Blanco,2106
18010105009,Tubagua,2106
18010105010,La China,2106
18010105011,Los Jobos,2106
18010105012,Los Coquitos,2106
18010105013,Mata Redonda,2106
18010105014,Los Cacaos,2106
18010105015,El Cayo,2106
18010105016,Arroyo Frio O El Brison,2106
18010105017,Arroyo Ancho Arriba,2106
18010105018,La  U,2106
18010201001,Yasica Arriba,2106
18010202001,La Pelota,2106
18010202002,Mata Puerto (Mata  Puerco),2106
18010202003,Los Martinez,2106
18010202004,Arroyo Grande  (La  Paloma),2106
18010202005,La Piragua,2106
18010202006,El Aguacate,2106
18010202007,El Limon,2106
18010202008,El Sanjon,2106
18010202009,Los Jimenez,2106
18010202010,El Mango,2106
18010202011,Yasica Abajo,2106
18010202012,Juan Pio,2106
18010202013,Los Peralta,2106
18010202014,La Garza,2106
18010202015,Sonador,2106
18010202016,La Cueva,2106
18010202017,La Sabana,2106
18010202018,La Batata,2106
18010202019,La Piedra,2106
18010203001,Yaroa Abajo,2106
18010203002,La Sierrita,2106
18010203003,La Cabirma,2106
18010203004,Lajas De Yaroa,2106
18010203005,Sonador De Yaroa,2106
18010203006,El Toro,2106
18010203007,La Burra,2106
18010203008,Gurabito De Yaroa,2106
18010204001,La Cumbre (Gurabito La Cumbre),2106
18010204002,Cañada Honda,2106
18010204003,La Tinajita,2106
18010204004,Los Pinos,2106
18010204005,Arenoso,2106
18010204006,Subida Grande,2106
18010205001,El Capa,2106
18010205002,Los Infantes,2106
18010205003,El Samo,2106
18010205004,Yasiquita,2106
18010205005,La Hebra,2106
18010205006,Los Pomos,2106
18010205007,Los Taveras,2106
18010205008,La Cruz (La Cruz De Yasica),2106
18010205009,Indio Viejo,2106
18010205010,El Brison,2106
18010205011,La Barita,2106
18010205012,Kilometro 30,2106
18010205013,El Puerto,2106
18010301001,Maimon,2106
18010301002,Don Gregorio,2106
18010302001,El Tejar,2106
18010302002,Barba Rucia,2106
18010302003,Cafemba,2106
18010302004,Frances,2106
18010302005,La Gata,2106
18010302006,El Corozo,2106
18010302007,La Aguaita,2106
18010302008,Playa De Maimon,2106
18010303001,Maggiolo Adentro,2106
18010304001,Los Dajaos,2106
18010304002,San Cristobal,2106
18010304003,Los Caños,2106
18010304004,Las Sienes,2106
18010305001,Los Tejada,2106
18010305002,Los Boboses,2106
18010305003,El Chavon,2106
18010306001,Las Avispas,2106
18010306002,Los Cacaos,2106
18010306003,El Piragual,2106
18010306004,El Rincon,2106
18010306005,Guardarraya,2106
18010306006,La Colora,2106
18010306007,La Ceiba,2106
18010307001,La Perrita,2106
18010307002,El Toro,2106
18010307003,Palo Indio,2106
18010307004,El Burro,2106
18010307005,Cambiazo,2106
18010307006,Bajo Hondo,2106
18010307007,La Isla,2106
18010307008,El Estero,2106
18010307009,El Cafe,2106
18010307010,Guzmancito,2106
18010307011,Cruce De Guzman,2106
18010307012,Cabuya,2106
18010307013,Loma De Las Bestias,2106
18010307014,La Patilla,2106
18010307015,Calabacitos,2106
18010307016,La Arena,2106
18010307017,La Berenjena,2106
18010307018,Guzman,2106
18070101001,Los Charamiscos,2107
18070101002,El Batey,2107
18070102001,La Monteada,2107
18070102002,Lengua De Vaca,2107
18070102003,El Guazaro,2107
18070102004,Jagua Mocha O Las Espinas,2107
18070102005,La Laguna,2107
18070102007,Rio Arriba,2107
18070102008,La Pelota,2107
18070102009,Los Zancones,2107
18070102010,Arroyo Llano,2107
18070102011,Jozaderos (Hozaderos),2107
18070102012,Los Guaos,2107
18070103001,La Muncion,2107
18070103002,Arroyo Seco,2107
18070103003,La Mulata,2107
18070103004,Higos Claros,2107
18070103005,Mango Fresco,2107
18070103006,Bella Vista,2107
18070103007,El Higuero,2107
18070103008,La Pared,2107
18070103009,El Guano,2107
18070103010,Sosea Abajo,2107
18070103011,El Valedor,2107
18070103012,Loma Blanca,2107
18070103013,Loma Bajita,2107
18070103014,Alto De Los Castillos,2107
18070103015,La Union,2107
18070103016,Sabaneta De Cangrejos,2107
18070103017,Maranatha,2107
18070201001,Cabarete,2107
18070201002,El Callejon De La Loma,2107
18070202001,Los Cacaos,2107
18070202002,El Choco,2107
18070202003,Los Aserraderos Del Choco (Parte),2107
18070202004,Mango Fresco (Parte),2107
18070202005,La Mulata (Parte),2107
18070202006,El Higuero (Parte),2107
18070202007,La Catalina,2107
18070203001,La Goleta 1,2107
18070203002,La Goleta 2,2107
18070203003,La Cienaga,2107
18070203004,Bombita,2107
18070203005,La Atravesada,2107
18070203006,Eslabon O Islabon,2107
18070301001,Cruce De Sabaneta,2107
18070301002,Villa Islabon,2107
18070301003,Verdem,2107
18070302001,Sabaneta De Y-Sica,2107
18070302002,Palo Amarillo,2107
18070302003,El Aserradero  Del Choco (Parte),2107
18070303001,La Hicotea,2107
18070303002,Cuesta Barrosa,2107
18070303003,Los Cantabillos,2107
18070303004,La Laguna,2107
18080101001,Villa Isabela,2108
18080102001,Carreta Podrida,2108
18080102002,Guaconejal,2108
18080102003,El Carril,2108
18080102004,Caño Miguel,2108
18080102005,Dieguito,2108
6020101001,Arenoso,601
6020101002,Palma Sola,601
6020102001,Los Platanitos,601
6020201001,Las Coles,601
6020202001,Las Carreras,601
6020202002,Villa Maria,601
6020202003,Las Guamas,601
6020202004,Los Cacaos,601
6020203001,La Jagua,601
6020203002,El Guayabo,601
6020203003,Rincon Bebedero,601
6020203004,El Mango O El Mago,601
6020203005,Caño Madrid (Madera),601
6020204001,Cruce De Las Cabirmas (Antigua Atronca Perros),601
6020204002,El Jobo,601
6020204003,La Raya O El Mango,601
6020204004,La Garza,601
6020204005,La Playa,601
6020204006,La Cebolla,601
6020204007,Morro Sucio,601
6020204008,El Cachimbo (San Andres),601
6020204009,El Mango,601
6020301001,El Aguacate,601
6020302001,Caño Abajo,601
6020302002,Las Matas,601
6020302003,Sabaneta,601
6020303001,Yabacao,601
6020303002,Rabo De Chivo,601
6020303003,La Manga,601
6020303004,El Firme,601
6020304001,Cienaga Vieja,601
6020304002,Cuba,601
6020304003,Los Chichones,601
6020305001,Los Haitiles,601
6020305002,La Mina,601
6020305003,Pescadero,601
6030101001,Centro Del Pueblo,602
6030101002,Puerto Rico,602
6030101003,La Mora O Nigua Abajo,602
6030102001,Jina Clara,602
6030102002,El Mogote,602
6030102003,El Firme De Los Cafeses,602
6030102004,Firme De Jina Clara,602
6030102005,Cuesta Blanca,602
6030102006,Los Cafeses,602
6030102007,Las Piedras,602
6030103002,Nigua Abajo,602
6030103003,La Mora O Nigua Abajo,602
6030103004,Jimenez,602
6030103005,La Lometa,602
6030103006,Juana Diaz Abajo,602
6030103007,La Zarza,602
6030103008,Los Guaraguaos,602
6030103009,El Firme De Los Cafeses,602
6030103010,Juana Diaz Arriba,602
6030104001,Los Cachones,602
6030104002,El Rucio Abajo,602
6030104003,Los Cachones Arriba (Cachones  Adentro),602
6030104004,Los Callejones,602
6030104005,Los Saladillos,602
6030104006,El Rucio De Los Cachones,602
6030105001,Los Lanos,602
6030105002,Cruce De Los Lanos,602
6030105003,Cruce De Magua,602
6030105004,Quebrada De Pablo,602
6030105005,La Ceibita,602
6030105006,Los Naranjos,602
6030105007,La Jaguita,602
6030105008,Loma Vieja,602
6030105009,El Rucio De Los Lanos,602
18080102006,Altos De Los Peña,2108
6030106001,Rincon Hondo,602
6030106002,Las Piedritas,602
6030106003,La Jagua,602
6030106004,El Firme,602
6030106005,El Alto,602
6030106006,Las Caobas Arriba,602
6030106007,Las Berenjenas,602
6030106008,Las Caobas Abajo,602
6030106009,La Guazarita (Campeche Arriba De Castillo),602
6030107001,Yaiba Abajo,602
6030107002,Pueblo Nuevo,602
6030107003,Yaiba O Rincon Yaiba,602
6030107004,Curazao,602
6030107005,Yanabo Abajo,602
6030107006,Los Palmaritos,602
6030107007,La Garata,602
6030107008,La Joya,602
6030107009,Majagual,602
6030107010,Yanabo Arriba,602
6030107011,Yaiba Arriba,602
706030103001,El Tablon,602
6070101001,Centro Del Pueblo,603
6070101002,El Play,603
6070101003,Los Guandules,603
6070101004,David,603
6070101005,La  Gina,603
6070101006,El Jarol,603
6070101007,El 4,603
6070102001,Acicate,603
6070102002,Juana Diaz Abajo,603
6070102003,Sabana De La Ceiba,603
6070102004,Rio Yuna,603
6070102005,Acicate Adentro,603
6070103001,Cerrejon,603
6070103002,Atoro,603
6070104001,La Isleta,603
6070104002,Cruce De Los Javieles,603
6070104003,Cien Tareas,603
6070201001,Sabana Grande O El Caserio,603
6070202001,La Yuca O Atronca Perro,603
6070202002,Boca De Yuca,603
6070203001,La Culata,603
6070203002,La Culata Al Medio,603
6070204001,Maria Hernindez,603
6070204002,El Resbalon,603
6010101025,La Espinola I,606
6010101026,La Espinola Ii,606
6010101027,La Espinola Iii,606
6010101029,Bijao Afuera,606
6010101030,Urbanizacion Andujar,606
6010101031,Urbanizacion El Dorado,606
6010101032,Las Colonias,606
6010101033,Ensanche Getsemani,606
6010101034,Urbanizacion Villa Palma,606
6010101035,Urbanizacion Weber,606
6010101036,Urbanizacion Abreu,606
6010101037,Santa Lucia,606
6010101038,Grullon Primera Etapa,606
6010101039,Ensanche Madrigal,606
6010101040,Ensanche Abreu,606
6010101041,Ugamba,606
6010101042,Cristo Rey,606
6010101043,La Altagracia,606
6010101044,Figueroa,606
6010101045,Los Chiripos,606
6010101050,Urbanizacion Brugal,606
32030105002,Cajuilito,3106
32030105003,La Sabana Del Hato,3106
32030105004,La Gina,3106
32030105005,Los Llanos,3106
32030105006,Rincon Yaco,3106
32030106001,La Jagua,3106
32030106002,Loma De Mateo,3106
32030106003,La Joya O Los Goya,3106
32030106004,Los Callejones,3106
32030106005,Los Mameyes,3106
32030106006,Amor A Dios,3106
32030106007,Los Cocos,3106
32030106008,Los Peralejos,3106
32030106009,Rincon,3106
32030201001,La Victoria,3106
32030202001,Mal Nombre,3106
32030202002,Punta Larga,3106
32030202003,Maricao,3106
32030202004,El Dajao,3106
32030202005,La Caoba,3106
32030202006,Palmilla,3106
32030202007,Primavera,3106
32030202008,El Corozo,3106
32030202009,Juan Tomas,3106
32030202010,El Jobo,3106
32030203001,La Virgen,3106
32030203002,San Joaquin,3106
6050102009,Payabo,607
6050102010,Majagual,607
6050102011,Los Mayabos,607
6050102012,Boca De Payabo,607
6050103001,Chiringo,607
6050103002,Loma Abajo,607
6050103003,El Higuero,607
6050103004,Las Hormigas,607
6050103005,Zumba,607
6050103006,Rincon De Majagual,607
6050103007,Loma Arriba,607
6050103008,Alto De Bululo (El Caimito),607
6050103009,Castaño,607
6050103010,El Manguito,607
6050103011,El Ciruelito O El Ciruelillo,607
6050201001,La Reforma,607
6050202001,Callejon De Tilo,607
6050202002,Borojol,607
6050202003,El Arado,607
6050202004,Barrio Lindo,607
6050203001,Paraguay,607
6050203002,Cristal,607
6050204001,La Reforma,607
6050204002,El Muro (Pueblo Nuevo),607
6050204003,Laurel,607
6050301001,Guaraguao,607
6050301002,La Gallera,607
6050302001,Guaraguao,607
6050303001,Los Peynado,607
6050303002,Alto De Marchena,607
6010208004,Los Bracitos,606
32030203003,Verdem,3106
32030203004,Ferreges,3106
32030203005,La Culata,3106
32030204001,Mata Mamon,3106
6050303003,La Mina De Los Peynado (Mina Vieja),607
6050303004,Los Contreras,607
6050303005,Palmar Viejo (El Bono),607
6050303006,Palacio,607
6050401001,Las Taranas,607
6050401002,Las Mercedes,607
6050402001,San Rafael,607
6050402002,El Caño,607
6050402005,Haiti Bonito.,607
6050402006,El Abanico De Catamey,607
6050402007,Barrio David,607
6050403001,Bomba De Yaiba,607
6050403002,Arebalo (Arevano),607
6050403003,La Bruca,607
6050403004,Los Espinos,607
6050403005,Juana Rodriguez (Juana Rodriguez Arriba),607
6050404001,Joboban,607
6050404002,Firme De Las Taranas,607
6050404003,Las Caobas,607
6050404004,Jobo Dulce,607
6050404005,El Indio,607
6050404006,La Ceiba Gorda,607
6050404007,La Punta,607
6050404008,El Campamento,607
6050501001,Barraquito Cercado,607
6050501002,El Venao,607
6050502001,Barraquito,607
6050502002,La Cueva,607
6050502003,Loma De La Ceiba (La Ceibita),607
6050503001,El Venao,607
6050504001,Sector I,607
6050504002,La Yaguita,607
6050504003,Sector Ii,607
6050504004,La Pista,607
6010101046,Urbanizacion El Silencio,606
6010101047,Urbanizacion La Fortuna,606
6010101048,Urbanizacion La Caperuza,606
6010101049,Urbanizacion Campo Fernandez I Y Ii,606
6010101051,Urbanizacion Cordero Tejada,606
6010101052,Urbanizacion Alminzar,606
6010101053,Urbanizacion Alvarez,606
6010101054,Urbanizacion Ribera Del Jaya,606
6010101055,24 De Abril,606
6010101056,Urbanizacion Nuevo San Francisco,606
6010101057,Vista Bella,606
6010101058,Urbanizacion Toribio Camilo,606
6010101059,Residencial Ensueño,606
6010101060,Urbanizacion Neftali,606
6010101061,Urbanizacion Maria Fernandez,606
6010101062,Puerto Rico,606
6010101063,Urbanizacion Fernandez,606
6010101064,Urbanizacion Terranova,606
6010101065,Urbanizacion El Tejar,606
6010101066,Urbanizacion Paseo Del Rio,606
6010101067,Urbanizacion Mirador Del Sur,606
6010101068,Urbanizacion Neftali Iii,606
6010101069,Urbanizacion Las Palmas,606
6010101070,Las Cejas,606
6010101071,Los Rieles,606
6010101072,Cruce De Mirabel,606
6010101073,La Sirena O La Penda,606
6010101074,Tubagua,606
6010101075,Mata Larga,606
6010101076,Jobo Bonito,606
6010101077,Felix Taveras,606
6010101078,San Vicente De Pael,606
6010101079,Urbanizacion Carmen Añil Bono,606
6010101080,Urbanizacion Brisas De La Pradera Ii,606
6010101081,La Caoba,606
6010102001,Noni,606
6010102002,La Sequia,606
6010102003,Bijao,606
6010102004,Mojin,606
6010102005,Rancho Arriba,606
6010102006,Hatillo,606
6010103001,La Penda,606
6010103002,Factor,606
6010103003,El Limon,606
6010103004,Santa Lucia,606
6010103005,Guiza,606
6010103006,Estanzuela Abajo,606
6010103007,La Piedra,606
6010103008,Estanzuela Arriba,606
6010103009,Los Cerros,606
6010103010,Llave,606
6010103011,Loma El Medio,606
6010104001,El Espino,606
6010104002,Bijao,606
6010104003,La Lima,606
6010104004,Los Cadillos,606
6010104005,Arbolines,606
6010104006,La Joya Arriba,606
6010104007,Las Pajas,606
6010104008,Rio Frio,606
6010104009,La Joya,606
6010104010,La Guazumita,606
6010104011,Los Liones,606
6010104012,El Cigual,606
6010104013,Loma De La Joya (Loma De Los Paulino),606
6010104014,El Mate (Loma El Mate),606
6010105001,Los Bejucos,606
6010105002,El Jiguero (Higuero),606
6010105003,El Cercado (La Lila),606
6010105004,Casa De Alto,606
6010105005,La Yaguiza Central,606
6010105006,La Yaguiza Abajo  (La Piragua),606
6010105007,La Lomita De La Yaguiza,606
6010105008,La Yaguiza Afuera,606
6010105009,Rio Arriba (Rancho Arriba),606
6010105010,La Sabana,606
6010105011,Loma Del Muerto,606
6010105012,El Aguacate,606
6010105013,Palma Herrada,606
6010105014,Los Farallones,606
6010105015,Loma De Agua,606
6010105016,Tumba Burros (Loma Turron),606
6010105017,Eslabones,606
6010105018,Santa Fe,606
6010105019,La Lomita De Los Salazar,606
6010105020,El Concreto (Los Hidalgos),606
6010105021,Los Cacaos,606
6010105022,La Zolapa (Solapa),606
6010105023,Los Algodones,606
6010105024,Los Ancones,606
6010106001,Las Guazumas,606
6010106002,El Aguacate Afuera,606
6010106003,El Aguacate Adentro,606
6010106004,El Corozo,606
6010106005,La Madeja,606
6010106006,Los Arroyos,606
6010106007,Loma De Los Bonilla,606
6010107001,La Malena O Cruce De La Malena,606
6010107002,Cruce De Los Basilios,606
6010107003,Ceibita,606
6010107004,Zumbadora,606
6010107005,La Bestia De La Malena,606
6010107006,La Cigua,606
6010107007,La Trocha,606
6010107008,La Auyama,606
6010107009,Cuesta Abajo,606
6010107010,Arroyo Bonito,606
6010107011,Catey,606
6010107012,Atabalero Abajo,606
6010107013,Altos De Los Naranjos,606
6010107014,Mil Tareas De Atabalero,606
6010107015,La Bestia De Atabalero,606
6010107016,Cañete,606
6010107017,Arroyo El Toro,606
6010107018,Cruce De Los Betances,606
6010107019,Lucas,606
6010107020,Aguacate,606
6010107021,Gajo Malo,606
6010107022,Gajo La Yuca,606
6010107023,Buena Vista,606
6010107024,Jurungo,606
6010107025,El Guineal,606
6010107026,Los Cinco,606
6010107027,La Vereda,606
6010107028,Venus,606
6010107029,Las Sabinas,606
6010107030,Los Palitos,606
6010107031,La Culata,606
6010107032,Santa Fe,606
6010107033,Guabina,606
6010107034,Blanco,606
6010107035,La Manacla,606
6010107036,Alto De Lopez,606
6010201001,La Peña,606
6010201002,Proyecto Los Neñez,606
6010201003,Canta La Rana,606
6010201004,La Peña Abajo,606
6010202001,La Bajada,606
6010202002,La Guazarita,606
6010202003,El Caracol,606
6010202004,Rio Arriba,606
6010202005,Guayuyo Afuera,606
6010202006,Brazo Grande,606
6010202007,El Burro,606
6010202008,Palo Verde,606
6010202009,Los Pontones Abajo,606
6010202010,Boba,606
6010202011,El Sitio,606
6010202012,El Ingenio,606
6010202013,La Ceniza,606
6010202014,Los Caimiticos,606
6010202015,Chinguelo,606
6010202016,Guayuyo Adentro,606
6010202017,Los Pomos,606
6010202018,El Catey,606
6010202019,El Limon,606
6010202020,Palmarito,606
6010202021,Piedra Blanca,606
6010202022,Los Mates,606
6010202023,Los Pontones Arriba,606
6010203001,Demajagual Arriba,606
6010203002,Demajagual Abajo,606
6010203003,La Vereda Del Demajagual,606
6010203004,Palmarito,606
6010203005,El Llano,606
6010203006,La Garza,606
6010204001,Dichoso Arriba,606
6010204002,Dichoso Abajo,606
6010204003,Los Barros,606
6010204004,La Vereda De Dichoso,606
6010205001,Laguna Al Medio (Laguna De Coto),606
6010205002,Laguna Abajo,606
6010205003,Los Palos,606
6010205004,Coto Arriba,606
6010205005,Coto Al Medio (Rincon De Coto),606
6010205006,Coto Abajo,606
6010206001,La Mesa,606
6010206002,Chaviscal,606
6010206003,Callejon De Los Mejia,606
6010206004,Chucho Vasquez,606
6010206005,Las Caobas,606
6010207001,Patao,606
6010207002,Loma De Almacey,606
6010207003,Las Cabuyas,606
6010207004,Hatillo (Jatillo),606
6010207005,Pie De Plata,606
6010207006,El Calabazo,606
6010208001,Alto Del Pilon Abajo,606
6010208002,Azlor,606
6010208003,Los Botaos,606
6010208005,Buenos Aires,606
6010208006,Cadillar,606
6010208007,Casa Vieja,606
6010208008,Pie De Plata,606
6010208009,El Cercado,606
6010208010,Cuaba,606
6010208011,Altos De La Cueva,606
6010208012,Cuevas,606
6010208013,Cuaba Arriba O La Represa,606
6010208014,Herrera De Cuaba,606
6010208015,El Jamo,606
6010208016,La Laguneta,606
6010208017,La Lagunita Del Quemao,606
6010208018,El Mango,606
6010208019,Monte Bonito,606
6010208020,Alto Del Pilon Arriba,606
6010208021,Pozo Del Jobo,606
6010208022,Los Puentes,606
6010208023,Rincon Del Higuero,606
6010208024,Tawike,606
6010208025,El Valle,606
6010208026,La Zarza,606
6010208027,Limon Dulce,606
6010208028,La Amargura,606
6010208029,La Chancleta,606
6010208030,El Quemao (Loma Del Quemao),606
6010208031,Los Caños,606
6010208032,Los Placeres,606
6010208033,La Pocilga,606
6010209001,Ponton,606
6010209002,Monte Negro,606
6010210001,Ramonal Arriba,606
6010210002,La Paloma,606
6010210003,Los Lirios,606
6010210004,Ramonal Abajo,606
6010210005,La Cienaga,606
6010306003,Los Quemados,606
6010306004,El Canal,606
6010306005,El Barrio,606
6010306006,La Sabana,606
6010306007,Mal Nombre,606
6010307001,Colon,606
6010307002,Genimillo,606
6010307003,La Boca,606
6010307004,El Barro,606
6010307005,La Guamita,606
6010307006,Los Rieles Abajo,606
6010307007,El Bobo,606
6010401001,Hoyo De Jaya,606
6010402001,La Piña,606
6010402002,Los Cocos,606
6010402003,Mata Vieja,606
6010402004,Jaragua,606
6010402005,Comunidad San Vicente,606
6010403001,Santa Elena,606
6010403002,Maimoro,606
6010403003,La Sidra,606
6010403004,Los Lirios,606
6010403005,Los Callejones,606
6010403006,Firme De Los Ortega,606
6010403007,Ojo De Agua,606
6010404001,Cruce De Los Bacilios,606
6010404002,Sonador,606
6010404003,La Pegajosa,606
6010404004,Firme Del Carrao,606
6010404005,Los Bacilios,606
6010404006,Las Taranas,606
6010404007,Alto Del Caballo,606
6010405001,Naranjo Dulce Abajo,606
6010405002,Naranjo Dulce Arriba,606
6010405003,Las Yerbas,606
6010405004,La Jaguita,606
6010405005,Alto Del Rayo,606
6010405006,El Catey,606
6010405007,Ceibita O Cuevita,606
6010405008,Rancho Abajo,606
6010405009,La Vereda,606
6010405010,La Yabacoa,606
6010405011,La Explanacion,606
6010405012,El Limon,606
6010406001,Loma De Jaya,606
6010406002,La Colonia O El Jobito,606
6010406003,Tres Pies,606
6010406004,La Yaya,606
6010406005,La Malenita O La Lomasa,606
6010406006,Firme De La Brisa,606
6010406007,La Guamita,606
6010406008,Martel,606
6010406009,La Malena,606
6010406010,El Pomito,606
6010406011,Gancho De Jaya,606
6010406012,La Higuereta,606
6010407001,Jaya,606
6010407002,La Ceiba,606
6010407003,Hondo Valle,606
6010407004,La Malena De Jaya,606
6010407005,El Derrumbadero,606
6010407006,Los Pomos O Los Pomolos,606
6010407007,Loma De Perro,606
6010407008,Rancho Arriba,606
6010501001,Proyecto Don Antonio Guzman Fernandezalos Aguayos,606
6010502001,El Cruce,606
6010502002,Guama Abajo,606
6010502003,El Tres,606
6010502004,Caño Seco,606
6010502005,Las Cejas,606
6010502006,El Hato O El Jato,606
6010502007,Proyecto Don Antonio Guzman Fernandez (Reventacion,606
6010503001,Genimo,606
6010503002,El Higuero,606
6010503003,El Pozo,606
6010503004,Sabaneta,606
6010503005,La Lima,606
20020101006,Cerro Yalje,2303
24030101001,Juan Pablo Duarte,2403
24030101002,El Malecon,2403
24030101003,Las Flores,2403
24030101004,Capotillo,2403
24030101005,Los Maestros,2403
24030101006,Los Multi,2403
24030101007,La Esperanza,2403
24030101008,La Altagracia,2403
24030101009,Residencial Aurora,2403
24030101010,Libertad O Juan Castaño,2403
24030101011,El Puentecito O Cumajon,2403
24030101012,Urbanizacion Los Rosarios,2403
24030101013,Urbanizacion Eduvil,2403
24030102001,San Miguel Abajo,2403
24030102002,Patria Nueva,2403
24030102003,San Miguel Arriba,2403
24030102004,Bacumi,2403
24030102005,Los Cayucos,2403
24030102006,Hato Mayor O La Laja,2403
24030102007,Alto Del Pino,2403
24030102008,La Piedra,2403
24030102009,El Corozo,2403
24030102010,Los Puentecitos,2403
24030102011,Comedero Abajo,2403
24030102012,Cojobal,2403
24030103002,Baton Caliente,2403
21060101001,Viejo,2508
31010101001,Las Flores,2603
31010101002,Avenida Canada,2603
31010101003,Cañada Del Horno,2603
31010101004,Centro Del Pueblo,2603
31010101005,Pueblo Arriba,2603
31010101006,San Rafael,2603
18080102007,La Llanada,2108
18080102010,Gualetico,2108
18080102011,Laguna Grande,2108
18080102012,La Rotonda,2108
18080103001,Pozo Bonito,2108
18080103002,La Balsa,2108
18080103003,Las Eneas,2108
18080103004,Sabana De Los Mieses,2108
18080103005,Los Altos,2108
18080201001,Estero Hondo,2108
18080202001,Los Pilones,2108
18080202002,La Colonia,2108
18080202003,Los Toros,2108
18080202004,Los Pozos Amarillos,2108
18080202005,La Caobanita,2108
18080202006,La Cienaga,2108
18080203001,Rancho Manuel,2108
18080203002,Tiburcio,2108
18080203003,Gregorio,2108
18080203004,Punta Rusia,2108
18080203005,La Playa,2108
18080203007,El Pato,2108
18080301001,La Jaiba,2108
18080301002,La Joya,2108
18080301003,Paso Seco,2108
18080301004,Alto De Los Gomez,2108
18080301005,Pontezuelo,2108
18080302001,Los Anegadizos,2108
18080302002,Soliman,2108
18080302003,Loma De La Jaiba,2108
18080302004,Betel (Antes Gran Diablo),2108
18080302005,La Jaiba,2108
18080302006,El Anisal,2108
18080302007,La Cementera,2108
18080302008,Palo De Leche,2108
18080302009,La Higuera,2108
18080302010,Boca Nueva,2108
18080302011,Pedro Acosta,2108
18080302012,Guanabanito,2108
18080302013,Tamares,2108
18080302014,Rancho Manuel (Parte),2108
18080302015,Tiburcio (Parte),2108
18080302016,Gregorio (Parte),2108
18080401001,Gualete,2108
18080402001,Dibua,2108
18080402002,Gualete Al Medio,2108
18080402003,Loma De Los Gurabo,2108
18080402004,Gualetico,2108
18080402005,Paso Del Jamo,2108
18080402006,Loma De La Caya,2108
18080402007,La Caobana,2108
18080402008,Gran Diablo,2108
18080402009,Gualete Arriba,2108
18080402010,Comedero,2108
18080402011,Gualete Abajo,2108
18080402012,La Bajada,2108
18080402013,Agua Hedionda,2108
18080402014,Los Tinajones,2108
18080402015,Gurabo,2108
18080402016,La Ceibita,2108
18080402017,Los Macos,2108
18080402018,Loma De Caobazo,2108
18090101001,Centro Del Pueblo (Ingenio Montellano),2109
18090101002,Juan Lockward O Nuevo Montellano,2109
18090101003,El Mango,2109
18090101004,Monte Bravo,2109
18090102001,Arroyo De Leche Abajo,2109
18090102002,Arroyo De Leche Arriba,2109
18090102003,Bracitos,2109
18090102004,Loma De Sarante,2109
18090102005,Marticinio (Martinicinio),2109
18090102006,La Colonia,2109
19010101001,Los Maestros,2201
19010101002,Los Almendros,2201
19010101003,La Escuela,2201
19010101004,Vietnan,2201
19010101005,El Cementerio,2201
19010101006,San Antonio,2201
19010101007,El Matadero,2201
19010101008,Los Mangos,2201
19010101009,Centro Del Pueblo,2201
19010101010,Eltanque,2201
19010101011,Nuevo Cementerio,2201
19010101012,Elchucho,2201
19010101013,La Amargura,2201
19010101014,El Hospital,2201
19010101015,Invi,2201
19010101016,Cholongo O Los Cocos,2201
19010101017,La Gallera,2201
19010101018,La Gobernacion O Las Flores,2201
19010101019,El Hoyo,2201
19010101020,Rabo Duro,2201
19010101021,Clavijo,2201
19010101022,Hugamba,2201
19010101023,San Lorenzo,2201
19010101024,San Miguel O Nuevo San Lorenzo,2201
19010101025,La Fortaleza,2201
19010101026,El Play,2201
19010101027,Las Caobas,2201
19010101028,Altos De Los Rojas,2201
19010101029,Altos De Piedra,2201
19010101030,Hermanas Mirabal,2201
19010101031,Urbanizacion San Lorenzo,2201
19010102001,La Cueva,2201
19010102002,San Jose,2201
19010102003,Conuco,2201
19010102004,Agua Fria,2201
19010102005,El Gorro,2201
19010102006,Villa Baez,2201
19010102007,Los Palmares,2201
19010102008,Jayabo Al Medio,2201
19010102009,La Luisa,2201
19010102010,La Caoba,2201
19010202005,El Saman,2201
19010202006,Los Arroyos,2201
19010202007,El Atravesado,2201
19010202008,El Placer,2201
19010202009,La Culata,2201
19010202010,El Almendro,2201
19010202011,Jamao Afuera O El Puente,2201
19010202012,Cañada Clara,2201
19010202013,Los Tabucos,2201
19010202014,Los Cateyes,2201
19010202015,Los Caños,2201
19010202016,Paso Colorado,2201
19010202017,El Catey,2201
19010202018,Arroyo Grande,2201
19010202019,La Finca,2201
19010202020,Los Montes,2201
19010202021,El Partido (Las Tres Cruces),2201
19010202022,La Cumbre,2201
19010202023,Los Lirios,2201
19010202024,La Culebra,2201
19010202025,El Podrido,2201
19010202026,Los Aracena,2201
19010202027,Los Caños Adentro,2201
19010202028,El Muerto,2201
19010202029,Los Azules,2201
19010202030,Los Guayuyos,2201
19010202031,Jamao Adentro,2201
19010202032,Mango Fresco,2201
19010202033,Arroyo Bonito,2201
19010202034,El Mamey,2201
19010202035,La Caya,2201
19010202036,Cañada Clara (El Puente),2201
19010203001,La Canela,2201
19010203002,El Abanico,2201
19010203003,Porta Moneda,2201
19010203004,El Peñon,2201
19010203005,Los Montes,2201
19010203006,Palma Sola,2201
19020101001,La Gramita,2202
19020101002,Tumba Burros,2202
19020101003,El Jon O Cumajon,2202
19020101004,Centro Del Pueblo,2202
19020101005,La Chicharra,2202
19020101006,Hermanas Mirabal,2202
19020101007,Los Tocones,2202
19020101008,La Gran Parada,2202
19020101009,El Abanico,2202
19020101010,Urbanizacion Santana,2202
19020101011,Urbanizacion Rosario O Rosado,2202
19020101012,Urbanizacion Dinero I,2202
19020101013,Urbanizacion Dinero Ii,2202
19020101014,Villa Campo,2202
19020101015,Urbanizacion Martinez,2202
19020101016,Cristo Rey,2202
19020101017,Los C-Ceres,2202
19020101018,Las Mercedes,2202
19020101019,El Cayo,2202
19020101020,El Corazal,2202
19020101021,La Tabera,2202
19020101022,La Esperanza O El Hoyo,2202
19020102001,Cigua,2202
19020102002,Blanquito,2202
19020102003,Los Guayos,2202
19020102004,El Gajo Del Amacey,2202
19020102005,Alto Grande,2202
19020102006,El Bambe,2202
19020102007,El Cafe (Palma Sola),2202
19020102008,El Maco,2202
19020102009,Boba Arriba,2202
19020102010,La Bajada Del Blanco,2202
19020102011,Mundo Nuevo,2202
19020102012,Canta Rana,2202
19020102013,Arroyito,2202
19020103001,Los Guazaros,2202
19020103002,Los Verracos,2202
19020103003,La Catalina,2202
19020103004,Colorado,2202
19020103005,Canete Arriba,2202
19020103006,Verraco Abajo,2202
19020103007,Boba,2202
19020103008,La Mata De Pl-Tano,2202
19020103009,Loma Azul,2202
19020103010,Bombillo,2202
19020103011,Canete,2202
19020104001,Los Palmaritos,2202
19020104002,Gran Parada Arriba,2202
19020104003,Gran Parada Afuera,2202
19020104004,El Cercado,2202
19020104005,Arroyo Seco,2202
19020104006,Gran Parada,2202
19020104007,Gran Parada Abajo,2202
19020105001,Paso Hondo,2202
19020105002,Los Pomos,2202
19020105003,El Corazal,2202
19020105004,El Corazal Abajo (El Gajo),2202
19020106001,La Jaguita,2202
19020106002,El Placer,2202
19020106003,Los Hoyos (El Placer Abajo),2202
19020106004,Bochinche,2202
19020106005,El Cayo,2202
19020106006,Los Anones,2202
19020106007,Loma Azul,2202
19020106008,La Amapola,2202
19020106009,Los Jobos,2202
19020201001,Blanco Arriba,2202
19020202001,Las Flores,2202
19020202002,Las Lagunitas,2202
19020202003,Vene,2202
19020202004,La Peñita,2202
19020202005,La Sabana,2202
19020202006,Palo De La Jaiba,2202
19020202007,Blanco Abajo,2202
19020202008,La Penda,2202
19020202009,Blanco Al Medio,2202
19020202010,La Vereda,2202
19020202011,El Mamon,2202
19020202012,Las Caobas,2202
19020202013,La Guama,2202
19020202014,Jagua Macho,2202
19020202015,Mundo Nuevo,2202
19020202016,La Jibara,2202
19020202017,La Sabina,2202
19020202018,Angillita,2202
19020202019,Los Abaritos O Ebarito,2202
19020202020,Los Negritos,2202
19020202021,El Guaranal,2202
19020202022,Arenoso,2202
19020202023,Sonador,2202
19020202024,Firme De Los Chivos,2202
19020202025,El Bolsillo,2202
19020202026,El Cafetal,2202
19020202027,Rio Arriba,2202
19020202028,Blanco Arriba,2202
19030101001,Galindo,2203
19030101002,Centro Del Pueblo,2203
19030101003,Los Innovadores,2203
19030101004,Ranchito,2203
19030102001,Las Aromas,2203
19030102002,El Hato,2203
19030102003,La Ceiba,2203
19030102004,Los Coquitos,2203
19030102005,El Caimito,2203
19030102006,El Hospital,2203
19030102007,Villa Zango,2203
19030102008,La Ceiba Adentro,2203
19030103001,La Gu-Zuma,2203
19030103002,Hoyo Libre,2203
19030103003,Los Limones Arriba,2203
19030103004,Los Limones O Las Amapolas,2203
19030103005,Los Limones Al Medio,2203
19030103006,Los Limones Afuera,2203
19030104001,Corea,2203
19030104002,San Jose De Conuco,2203
19030104003,El Limon,2203
19030104004,El Ranchito,2203
19030104005,Conuco,2203
19030104006,El Nispero,2203
19030104007,La Calle,2203
19030104008,Las Aromas,2203
19030104009,El Coco 1,2203
19030104010,El Barrero,2203
19030104011,El Coco 2,2203
19030104012,La Gina,2203
19030104013,Sabana Angosta,2203
19030104014,Alto Alegre,2203
19030104015,Polanco,2203
19030105001,Santa Ana Madrid,2203
19030105002,Arenoso,2203
19030105003,Rancho Viejo,2203
19030105004,Las Gu-Zumas,2203
19030105005,El Manantial,2203
19030105006,Madrid,2203
19030105007,San Jose De Cenovi,2203
19030105008,La Ermita De Santa Ana,2203
19030105009,La Cuarenta (La 40),2203
19030105010,El Tablon Adentro,2203
19030105011,El Tablon Afuera,2203
19030105012,La Gina,2203
20030101001,Centro Del Pueblo,2301
20030101002,La Playa,2301
20030101003,El Almendro,2301
20030101004,Cacao,2301
20030101005,Obdulia O El Pueblecito,2301
20030101006,Caño Seco,2301
20030101007,La Ceiba,2301
20030101008,Abra Grande,2301
20030101009,Come Pan,2301
20030101010,El Hospital,2301
20030102001,Hoyo Del Cacao,2301
20030102002,El Jamito,2301
20030102003,Los Puentes,2301
20030102004,Laguna Grande,2301
20030103001,La Ceiba,2301
20030103002,Palmar De Los Nidos,2301
20030103003,El Coson,2301
20030103004,Loma De Las Ciguas,2301
20030103005,La Bonita,2301
20030103006,El Muro,2301
20030103007,El Buen Pan,2301
20030104001,La Barbacoa,2301
20030104002,El Portillo,2301
20030104003,Carolina,2301
20030105001,El Naranjito,2301
20030105002,La Jagua,2301
20030105003,Monte Negro,2301
20030105004,Las Guazaras,2301
20030105005,Ceiba Bonita,2301
20030105006,San Felipe,2301
20010102009,La Palmilla,2302
20010101001,Willmore,2302
20010101002,Villa Salma,2302
20010101003,Centro Del Pueblo,2302
20010101004,Nueva York,2302
20010101005,La Fortaleza Vieja,2302
20010101006,Telecable,2302
20010101007,La Aguada,2302
20010101008,Panchita,2302
20010101009,Loma Colon,2302
20010101010,Area Verde,2302
20010101011,Maria Luisa,2302
20010101012,La Mezcla,2302
20010101013,Cacaveli I,2302
20010101014,El Millon,2302
20010101015,La Bastida,2302
20010101016,El Mercado,2302
20010101017,Cacaveli Ii,2302
20010102001,El Valle,2302
20010102002,Arroyo Seco,2302
20010102003,Los Platanos,2302
20010102004,La Laguna,2302
20010102005,La Cruz,2302
20010102006,Esperanza,2302
20010102007,Rio San Juan,2302
20010102008,La Playa Del Valle,2302
20010102010,Acosta,2302
20010102011,Anadel,2302
20010102012,Monte Rojo,2302
20010102013,Villa Clara,2302
20010102014,La Guardia,2302
20010102015,Cayo Levantado,2302
20010103001,Los Cacaos,2302
20010103002,La Flecha,2302
20010103003,Los Yagrumos,2302
20010103004,Los Gratini,2302
20010103005,Carenero,2302
20010103006,Los Naranjos,2302
20010103007,Punta Balandra,2302
20010103008,El Frances,2302
20010103009,Barrancoli,2302
20010103010,Sabaneta,2302
20010103011,Loma De La Piña,2302
20010103012,Arroyo Grande,2302
20010104001,Honduras,2302
20010104002,Majagualito,2302
20010104003,Noroeste,2302
20010104004,Bueyero,2302
20010104005,Doncel,2302
20010104006,Curete,2302
20010104007,Los Green,2302
20010104008,Las Veritas,2302
20010104009,Los Algarrobos,2302
20010104010,Santa Maria,2302
20010104011,Los Mangos O Coyote,2302
20010104012,Las Cayas,2302
20010104013,Hato Viejo,2302
20010104014,Ermitaño,2302
20010104015,Los Arenosos,2302
20010105001,Juana Vicenta,2302
20010105002,Arroyo El Toro,2302
20010105003,El Cuerno,2302
20010105004,Mata Puercos,2302
20010105005,La Jina,2302
20010105006,Rio Limon,2302
20010105007,Arroyo Del Diablo,2302
20010105008,La Lambedera,2302
20010105009,Los Pirindines,2302
20010105010,Arroyo Chico Arriba,2302
20010105011,La Guazara,2302
20010105012,Colonia Rancho Español,2302
20010105013,Arroyo Chico Abajo,2302
20010105014,Pozo Hondo,2302
20010105015,Wady Cruz,2302
20010105016,Loma La Cruz,2302
20010105017,Bonilla,2302
20010105018,El Jobito,2302
20010201001,Centro Del Pueblo O El Limon,2302
20010201002,Arroyo Sabana,2302
20010201003,La Otra Banda,2302
20010202001,La Barbacoa,2302
20010202002,Arroyo De La Sabana,2302
20010202003,Otra Banda,2302
20010202004,El Cafe,2302
20010202005,Arroyo Surdio,2302
20010203001,Agua Sabrosa,2302
20010203002,Calabacito,2302
20010203003,Palmarito,2302
20010203004,Caña Feles,2302
20010204001,Moron,2302
20010204002,Las Canas,2302
20010204003,Lanza Del Norte,2302
20010301001,Arroyo Barril O Centro Del Pueblo,2302
20010302001,La Pascuala,2302
20010302002,Rancho Español,2302
20010302003,Los Corozos,2302
20010302004,Los Arenosos,2302
20010302005,Rio Los Cocos,2302
20010302006,Los Suarez,2302
20010302007,El Coco,2302
20010302008,El Dajao,2302
20010302009,Los Javieles,2302
20010302010,El Macao,2302
20010303001,La Chorrera,2302
20010303002,Arroyo Polo,2302
20010303003,Los Robalos,2302
20010303004,La Mata Puercos,2302
20010303005,Las Lambederas,2302
20010303006,El Gri Gri,2302
20010401001,Las Galeras,2302
20010402001,Palma Clara,2302
20010402002,Arroyo Del Cabo,2302
20010402003,Palmarito,2302
20010402004,La Guasuma,2302
20010402005,Caya Clara,2302
20010402006,Madama,2302
20010402007,Los Amaceyes,2302
20010402008,Cueva Del Agua,2302
20010402009,Cuatro Ojos,2302
20010402010,Manuel Chiquito,2302
20010402011,Laguna Salada,2302
20010402012,Quintana,2302
20010402013,Los Lejos,2302
20010402014,La Playa,2302
20010402015,El Fronton,2302
20010402016,Llanada Al Medio,2302
20010403001,Los Tocones,2302
20010403002,La Colmena,2302
20010403003,La Llanada,2302
20010403004,Castellalito,2302
20010403005,La Sangria,2302
20010403006,Laguna Del Diablo,2302
20010403007,Playa Colorada,2302
20010403008,Ceiba Tablonua,2302
20010403009,Los Bañaderos,2302
20010404001,Rincon,2302
20010404002,El Pozo De Rene,2302
20010404003,Loma Atravesada,2302
20010404004,Los Guanos O Loma El Guano,2302
20010404005,La Herradura,2302
20010404006,Loma El Guano,2302
20020101001,Los Rieles,2303
20020101002,Centro Del Pueblo,2303
20020101003,Pueblo Arriba,2303
20020101004,Punto Botado,2303
20020101005,Pueblo Abajo,2303
20020101007,Loma De Los Camachos,2303
20020101008,Cruce De Las Terrenas,2303
20020101009,Monte Negro,2303
20020101010,El Play,2303
20020101011,La Plazoleta,2303
20020102001,El Burro,2303
20020102002,Piedra Quemada,2303
20020102003,Los Chicharrones,2303
20020102004,Los Rios,2303
20020102005,San Felipe,2303
20020102006,Los Mangos,2303
20020102007,Los Naranjos Abajo,2303
20020102008,Los Naranjos Arriba,2303
20020102009,La Canoa,2303
20020102010,Proyecto Los Haitises O Catey Adentro,2303
20020102011,La Majagua (Guachupita),2303
20020102012,La Cañita (El Escarbado),2303
20020102013,Jackson,2303
20020103001,Las Garitas,2303
20020103002,Las Mangas,2303
20020103003,Cabeza De Toro,2303
20020103004,Santa Capuza,2303
20020103005,Arroyo Higuero,2303
20020103006,Punta Gorda,2303
20020104001,Agua Santa Del Yuna,2303
20020104002,Jurungo,2303
20020104003,Palmar Nuevo,2303
20020104004,Rincon De La Jagua,2303
20020104005,Caña Brava,2303
20020104006,Boca Del Caño,2303
20020104007,La Balsa,2303
20020104008,La Mata,2303
20020104009,Cristal,2303
20020104010,Los Guayuyos,2303
20020104011,La Yaguaza,2303
20020104012,El Higuito,2303
20020104013,Playa Prieta,2303
20020104014,Rio Naranjo Arriba,2303
20020104015,Puerto Escondido,2303
20020104016,Rio Naranjo Abajo,2303
20020104017,Caba,2303
20020105001,Majagual,2303
20020105002,Los Corrales,2303
20020105003,Batey Las Hormigas,2303
20020105004,Arroyo Hondo,2303
20020105005,Lodo Blandito,2303
20020105006,El Coco,2303
20020105007,Los Bejucos,2303
20020105008,Los Rincones,2303
20020105009,La Manga Arriba,2303
20020105010,Monte Negro,2303
20020105011,El Gran Llano,2303
20020105012,Los Capos O Majagual Adentro,2303
20020105013,La Ceiba,2303
20020105014,El Aguacate,2303
20020105015,La Placeta,2303
20020106001,La Lometa,2303
20020106002,Pedregal,2303
20020106003,Catey Arriba,2303
20020106004,Catey Adentro,2303
20020106005,Catey Abajo,2303
24020101001,Zona Centrica Cevicos,2401
24020101002,Las Palmas,2401
24020101003,El Rincon,2401
24020101004,24 De Abril,2401
24020101005,El Tamarindo,2401
24020101006,El Progreso (Los Cajuiles),2401
24020102001,Los Manaties,2401
24020102002,Batey Piedra,2401
24020102003,Valle Grande,2401
24020102004,Caño El Naranjo,2401
24020102005,El Cacao,2401
24020102006,Castellar,2401
24020102007,Abadesa,2401
24020102008,Hoya Fresca,2401
24020102009,Cruce De Jagua,2401
24020102010,Los Cercadillos,2401
24020102011,Cienagote,2401
24020102012,Los Hoyos,2401
24020102013,Piedra,2401
24020102014,Paso Hondo,2401
24020102015,Llanada,2401
24020102016,Palmar,2401
24020102017,Sonador,2401
24020102018,Doña Maria,2401
24020102019,Batey Las Arenas,2401
24020102020,Batey Doña Maria,2401
24020102021,Cooperativa,2401
24020102022,Cevicos Arriba,2401
24020102023,Cuesta Blanca,2401
24020102024,Batey Jabonico,2401
24020102025,Arenoso,2401
24020102026,Los Mapolos,2401
24020102027,Los Higos,2401
24020102028,Sabana Del Rio,2401
24020103001,Las Guayigas,2401
24020103002,Consumidero,2401
24020103003,Los Tamarindos,2401
24020103004,La Loma,2401
24020103005,Sabana Del Mariscao,2401
24020103006,Los Peralejos,2401
24020103007,El Taranal - Caimito,2401
24020103008,Laguna Grande,2401
24020103009,Batero Arriba,2401
24020103010,Batero,2401
24020103011,Sabana Arriba,2401
24020103012,Yunita,2401
24020103013,El Ciguar - (Rañe),2401
24020103014,La Ceibita,2401
24020103015,Primera Boca,2401
24020103016,Sabana Abajo,2401
24020201001,La Fe (Antiguo La Teta),2401
24020201002,Centro Del Pueblo,2401
24020201003,Los Gracilianos,2401
24020201004,San Jose,2401
24020201005,La Mora,2401
24020201006,El Tanque,2401
24020202001,El Pozo De La Ceiba,2401
24020202002,El Pozo De Coli,2401
24020202003,La Ceiba Vieja,2401
24020202004,La Guacara,2401
24020202005,Los Mameyejos,2401
24020202006,La Mora,2401
24020202007,La Zumbadora (La Colecita),2401
24020202008,Hoyo De Luis,2401
24020203001,El Caño,2401
24020203002,Sabana Grande,2401
24020203003,Primera Boca,2401
24020203004,Sabana Chiquita,2401
24020203005,Sabaneta,2401
24020203006,La Colecita Arriba,2401
24020203007,Los Peralejos,2401
24020203008,Los Haitises,2401
24010101042,Acapulco,2402
24010102001,El Limon,2402
24010102002,La Culata,2402
24010102003,Los Pomos,2402
24010102004,Los Tres Pasos De Chacuey,2402
24010102005,Naranjos,2402
24010102006,La Hondonada,2402
24010102007,La Jabilla,2402
24010102008,La Placeta,2402
24010102009,Loma De La Gallina,2402
24010102010,Los Yagrumos,2402
24010102011,El Jamito,2402
24010102012,La Llanada,2402
24010102013,Toj-N,2402
24010102014,Los Jobos,2402
24010102015,La Caoba,2402
24010102016,Arroyo Grande,2402
24010102017,La Jagua,2402
24010102018,La Cueva,2402
24010102019,Las Lajas,2402
24010102020,El Corozo,2402
24010102021,La Atravesada,2402
24010103001,Hatillo,2402
24010103002,Tocoa,2402
24010103003,Palo De Cuaba,2402
24010103004,San Juan,2402
24010103005,Los Cacaos,2402
24010103006,Pueblo Viejo,2402
24010103007,Monte Negro,2402
24010103008,Colorado,2402
24010103009,La Trinchera,2402
24010103010,Los Ranchos,2402
24010103011,Sabana Verde,2402
24010103012,Zinc,2402
24010103013,El Platano,2402
24010103014,El Coco,2402
24010103015,Rancho Abajo,2402
24010104001,Las Tres Bocas,2402
24010104002,El Higo,2402
24010104003,El Rayo,2402
24010104004,El Yagal,2402
24010104005,Los Naranjos,2402
24010104006,Las Lagunas,2402
24010104007,Piedra Iman,2402
24010104008,La Piñita,2402
24010104009,Maguaca,2402
24010104010,Fatima A La Bascua,2402
24010104011,La Quebradita,2402
24010104012,Arroyo Vuelta,2402
24010104013,Tocoa,2402
24010104014,Pepe Perez - Cuchilla,2402
24010105001,Duey Grande,2402
24010105002,La Llanada,2402
24010105003,Duey Pequeño,2402
24010105004,Sabana Verde,2402
24010105005,Sabana De Duey,2402
24010105006,Jobo Claro,2402
24010105007,Los Callejones,2402
24010105008,El Limon,2402
24010105009,Cruce Maguaca,2402
24010105010,Villa Raza,2402
24010105011,Sabana Larga Abajo,2402
24010105012,La Cabirma,2402
24010105013,Jiminillo,2402
24010105014,Los Capaces,2402
24010105015,La Sabana,2402
24010105016,Los Cerros De Duey,2402
24010105017,Sabana Larga Arriba,2402
24010105018,La Yaya,2402
24010106001,Sabana Grande De Saballo,2402
24010106002,La Zumbadora,2402
24010106003,Monte Claro,2402
24010106004,La Tusa,2402
24010106005,La Ceiba,2402
24010106006,El Guanabano,2402
24010106007,Valle Grande,2402
24010106008,Rincon Hato,2402
24010106009,La Palmita,2402
24010106010,Las Palmillas,2402
24010106011,El Hato,2402
24010106012,Castillo,2402
24010106013,La Bomba,2402
24010106014,La Lechosa,2402
24010106015,Sabana Grande Abajo,2402
24010106016,Benito,2402
24010106017,Caño Hondo,2402
24010106018,La Marga,2402
24010106019,La Rosa - La Colonia,2402
24010106020,Jibe,2402
24010107001,Gurabo,2402
24010107002,Cumba,2402
24010107003,Guardianon,2402
24010107004,Sabana Rey,2402
24010107005,El Limpio,2402
24010107006,La Atravesada,2402
24010107007,Mariscao,2402
24010107008,Jobo Claro,2402
24010107009,La Placeta,2402
24010107010,Algarrobal,2402
24010107011,Los Corocitos,2402
24010107012,Las Dos Palmas,2402
24010107013,La Cueva,2402
24010107014,La Jagua Mocha,2402
24010107015,Las Lajas,2402
24010107016,Las Tres Bocas,2402
24010107017,Zambrana Abajo,2402
24010107018,Zambrana Arriba,2402
24010107019,Arroyo Vueltas,2402
24010201001,Las Cruces O La Cantera,2402
24010201002,La Isleta,2402
24010201003,La Escuela,2402
24010201004,El Tanque O Quija Quieta,2402
24010201005,El Club,2402
24010202001,Las Cruces,2402
24010202002,La Yabacoa,2402
24010202003,El Broque,2402
24010203001,La Estancia,2402
24010203002,Buenos Aires,2402
24010203003,Capacho,2402
24010204001,La Bomba,2402
24010301001,La Sabana,2402
24010302001,El Samo,2402
24010302002,Los Jaguales,2402
24010302003,La Becara,2402
24010302004,La Sabana,2402
24010302005,Las Tres Ceibas,2402
24010302006,El Yujo,2402
24010302007,Arroyo Laja,2402
24010302008,Yujo Abajo,2402
24010303001,Pie De Loma,2402
24010303002,Loma Arriba,2402
24010303003,Los Leones,2402
24010303004,Los Palmaritos,2402
24010303005,El Rincon,2402
24010304001,Atalaya Abajo,2402
24010304002,Atalaya Arriba,2402
24010304003,Loma Del Gallo,2402
24010304004,El Ocho (El 8),2402
24010304005,El Llano,2402
24010304006,Los Guzman,2402
24010401001,Comedero,2402
24010402001,Barraquito,2402
24010402002,Las Cidra,2402
24010402003,Cascajal,2402
24010402004,Higo Gordo,2402
24010402005,Rodeo,2402
24010402006,Reinoso,2402
24010402007,El Guao,2402
24010403001,Los Pinos,2402
24010403002,Los Catuanes,2402
24010403003,Sabana Postrera,2402
24010403004,La Zarza,2402
24010403005,Comedero Arriba,2402
24010403006,Los Cafes,2402
24010404001,Los Cabories,2402
24010404002,La Majagua,2402
24010404003,La Loma De Comedero,2402
24010404004,Alto Del Samo,2402
24010404005,El Rinconazo,2402
24010404006,Haiti La Cueva,2402
24010404007,El Diviso,2402
24010501001,Platanal,2402
24010501002,Guardarraya,2402
24010502001,Platanal,2402
24010502002,Loma Colorada (El Polvaso),2402
24010502003,La Culebra,2402
24010502004,Matias,2402
24010502005,Barico,2402
24010502006,El Aguacatico,2402
24010502007,El Tope O Sabana Arriba,2402
24010503001,Camino Real (Alto De Casiano),2402
24010503002,El Rancho,2402
24010503003,Boca De Jibes,2402
24010503004,La Vuelta,2402
24010504001,Chacuey,2402
24010504002,El Puente,2402
24010504003,Sabana Abajo,2402
24010504004,Sabana Arriba,2402
24010504005,El Aguacate,2402
24010505001,Babari,2402
24010505002,Don Miguel,2402
