INSERT INTO public.sectores (id, sector, municipio_id) VALUES
(1,'Los Cartones',101),
(2,'Simon Striddels',101),
(3,'La Bombita',101),
(4,'Villa Esperanza',101),
(5,'Centro De La Ciudad',101),
(6,'Pueblo Abajo',101),
(7,'Savica',101),
(8,'Los Mangos',101),
(9,'Buenos Aires',101),
(10,'La Colonia Española',101),
(11,'Mejoramiento Social',101),
(12,'Pajarito',101),
(13,'La Nevera',101),
(14,'La Frontera',101),
(15,'El Prado',101),
(16,'Alto De Las Flores',101),
(17,'Urbanizacion Quisqueya',101),
(18,'Juan Pablo Duarte',101),
(19,'Acapulco',101),
(20,'Los Parceleros',101),
(21,'Barro Arriba',101),
(22,'La Golondrina',101),
(23,'Los Lirios',101),
(24,'El Higuerito',101),
(25,'Aguaelico',101),
(26,'Barro En Medio',101),
(27,'Los Conuquitos',101),
(28,'La Golondrina',101),
(29,'Gurabo',101),
(30,'El Prado',101),
(31,'La Vereda',101),
(32,'Barro Arriba',101),
(33,'La Sabana',101),
(34,'Los Magaleños',101),
(35,'Las Barias',101),
(36,'La Estancia',101),
(37,'La Ceiba Vieja',101),
(38,'La Ceiba Nueva',101),
(39,'Los Jovillos',101),
(40,'6to.',101),
(41,'Los Españoles',101),
(42,'Kilometro 7',101),
(43,'La Altagracia',101),
(44,'Betania',101),
(45,'Cañada De Piedra',101),
(46,'Jura',101),
(47,'Maleno La Mina',101),
(48,'Arroyo Copey',101),
(49,'Kilometro 8',101),
(50,'Los Jovillos',101),
(51,'Los Negros',101),
(52,'Rancheria',101),
(53,'El Puerto',101),
(54,'Palmar De Buena Vista',101),
(55,'Barreras',101),
(56,'Mordan',101),
(57,'El Alto',101),
(58,'Los Negros',101),
(59,'Doña Emma Balaguer Viuda Vallejo',101),
(60,'Monte Rio',101),
(61,'Centro Del Pueblo',101),
(62,'Terreros',101),
(63,'Guazibara',101),
(64,'Palmarejo',101),
(65,'Los Tramojos',101),
(66,'Los Barrancones',101),
(67,'Las Lomas',101),
(68,'Cañetin',101),
(69,'Cerro De Los Cacheos',101),
(70,'El Cachon',101),
(71,'El Caño',101),
(72,'Rio Via',101),
(73,'Gajo Del Toro',101),
(74,'El Papayo',101),
(75,'Tito Mina',101),
(76,'Gajo Irabon',101),
(77,'Gajo Largo',101),
(78,'Loma Agua Fria',101),
(79,'Gajo De Majagua',101),
(80,'Ganze',101),
(81,'Kilometro 2 Y Medio',101),
(82,'Las Cañitas',101),
(83,'La Cuarenta',101),
(84,'La Cueva',101),
(85,'Rancho Arriba',101),
(86,'La Cruz De Los Calabozos',101),
(87,'La Guajaca',101),
(88,'Peñalo',101),
(89,'La Llanada',101),
(90,'La Mina',101),
(91,'Las Yayitas',101),
(92,'Loma Arroyo Guayabo',101),
(93,'Los Cacaos',101),
(94,'Los Candelones',101),
(95,'Los Cocos',101),
(96,'Los Lazos',101),
(97,'Los Palmaritos',101),
(98,'Los Paniagua',101),
(99,'Los Tablones',101),
(100,'Cañada Majagua',101),
(101,'Monte Grande',101),
(102,'Centro Del Pueblo',102),
(103,'Palero',102),
(104,'Placer Bonito',102),
(105,'Las Flores',102),
(106,'Los Cartones',102),
(107,'La Tunita',102),
(108,'Nuevo O Detras Del Cementerio',102),
(109,'La Sabana O Pueblo Nuevo',102),
(110,'El Memiso',102),
(111,'Conuco Del Rio',102),
(112,'El Coco',102),
(113,'Los Matos  (Los Mateos)',102),
(114,'Monte Abajo',102),
(115,'Las Barias',102),
(116,'Rio Abajo',102),
(117,'Las Palmas',102),
(118,'Los Limones',102),
(119,'El Barraco',102),
(120,'Los Cascajales De Sanchez',102),
(121,'Rancho Del Pino',102),
(122,'Los Caimitos',102),
(123,'El Palmar',102),
(124,'Paso Hondo',102),
(125,'Los Corralitos',102),
(126,'La Damajagua',102),
(127,'La Fortuna',102),
(128,'Arroyo Hondo',102),
(129,'Canelilla',102),
(130,'Derrico Blanco',102),
(131,'La Cumbre',102),
(132,'La China',102),
(133,'Los Guanos',102),
(134,'Rancho Viejo',102),
(135,'La Cienaguita',102),
(136,'Los Naranjitos',102),
(137,'La Peñita',102),
(138,'Arroyo Colorado',102),
(139,'El Quemao',102),
(140,'Arroyo La Chinguita',102),
(141,'La Guazuma',102),
(142,'El Limon',102),
(143,'Rancho Arriba Abajo',102),
(144,'Rancho Arriba',102),
(145,'Agua Fria',102),
(146,'Los Maniaderos',102),
(147,'Las Tembladeras',102),
(148,'Kilometro 8',102),
(149,'El Peñon',102),
(150,'La Boca Del Arroyo',102),
(151,'Arroyo San Francisco',102),
(152,'El Convento',102),
(153,'Los Platones',102),
(154,'Los Calimetes',102),
(155,'Los Corralitos',102),
(156,'El Cruce De Estebania',102),
(157,'La Boquita',102),
(158,'Rio Chiquito',102),
(159,'Agua Las Palmas',102),
(160,'Las Bateas',102),
(161,'Rio Grande',102),
(162,'Cañada Honda',102),
(163,'Monte De Los Gatos',102),
(164,'Cañada El Verraco',102),
(165,'Pascual',102),
(166,'Arroyo El Pinal',102),
(167,'Cañada Casao',102),
(168,'Los Naranjitos',102),
(169,'Las Cañitas',102),
(170,'El Salto',102),
(171,'Los Quemados',102),
(172,'Las Malaguetas',102),
(173,'Los Palmaritos',102),
(174,'Las Dos Lomas',102),
(175,'Los Portesuelos',102),
(176,'Monte Plata',102),
(177,'El Convento',102),
(178,'Loma Arriba',102),
(179,'Los Yugos',102),
(180,'Los Gajos',102),
(181,'Las Manaclas',102),
(182,'Guayabal',103),
(183,'Las Canitas',103),
(184,'Los Tainos',103),
(185,'El Naranjito',103),
(186,'El Recodo',103),
(187,'Palma Cana',103),
(188,'Arroyo La Vaca',103),
(189,'Sabana San Juan',103),
(190,'La Cueva',103),
(191,'La Finca',103),
(192,'Loma Miguel Martin',103),
(193,'Sabana Miguel Martin',103),
(194,'Los Naranjales',103),
(195,'Paso Cabrera',103),
(196,'Hoyo Sin Fin',103),
(197,'Las Cayas',103),
(198,'Fruta De Paloma',103),
(199,'La Cienaguita O Yuna',103),
(200,'Las Cojas',103),
(201,'La Gina',103),
(202,'Las Cañitas',103),
(203,'Arroyo Corozo (El Corozo)',103),
(204,'Las Guamas',103),
(205,'Las Avispas',103),
(206,'Las Lagunitas',103),
(207,'El Montazo',103),
(208,'Las Charcas',104),
(209,'Hatillo',104),
(210,'Playa Chiquita',104),
(211,'La Cienaguita',104),
(212,'Arroyo Hatillo',104),
(213,'La Delicia',104),
(214,'Caña Rafe',104),
(215,'Loma Vieja',104),
(216,'Cañada Cimarrona',104),
(217,'Barranca',104),
(218,'Las Baitoas',104),
(219,'Los Naranjos',104),
(220,'Los Limones',104),
(221,'La Palma',104),
(222,'Los Barrancos',104),
(223,'La Peñita',104),
(224,'Los Guanabanos',104),
(225,'Arroyo Naranjo',104),
(226,'Monte La Guardia',104),
(227,'El Nemero',104),
(228,'Boqueron',104),
(229,'Los Ciruelos',104),
(230,'Caracoles',104),
(231,'El Salado',104),
(232,'La Acequia',104),
(233,'Boca Cachon',104),
(234,'Las Tejas',104),
(235,'El Cruce',104),
(236,'Los Algodones',104),
(237,'Palmar De Ocoa',104),
(238,'El Golfo',104),
(239,'El Batey',104),
(240,'Duverge',104),
(241,'Las Paredes O Los Paredones',104),
(242,'Palmar De Ocoa',104),
(243,'Las Yayas Abajo',105),
(244,'La Ceiba',105),
(245,'Los Candelones',105),
(246,'La Cueva',105),
(247,'Las Yayas Arriba',105),
(248,'San Joaquin',105),
(249,'Vietnam',105),
(250,'La Tunita',105),
(251,'Blanco',105),
(252,'Viajama',105),
(253,'Los Gajos',105),
(254,'La Pocilga',105),
(255,'Agua Amarga',105),
(256,'Los Naranjos (Pozo Del Naranjo)',105),
(257,'Villarpando',105),
(258,'Las Canoas',105),
(259,'Los Corozos',105),
(260,'Juan Sanchez',105),
(261,'Bastidas',105),
(262,'Villarpando',105),
(263,'Arroyo Salado',105),
(264,'La Trinchera',105),
(265,'El 40 (La Cuarenta)',105),
(266,'Loma Del Guano (Los Jobos)',105),
(267,'Hato Nuevo Cortes',105),
(268,'Oregano Grande',105),
(269,'El Cruce De Las Yayas',105),
(270,'Bola De Mula',105),
(271,'Monte Grande',105),
(272,'Las Hormigas',105),
(273,'Los Guiros',105),
(274,'Corbanal',105),
(275,'Magueyal',105),
(276,'Buena Vista',106),
(277,'Centro Del Pueblo',106),
(278,'Basilio Linia',106),
(279,'Santa Ana',106),
(280,'Los Magino',106),
(281,'Villa Ocoa O Los Suburbios',106),
(282,'La Cucarita',106),
(283,'Los Avelles',106),
(284,'El Cajuil',106),
(285,'Palomino',106),
(286,'La Frontera',106),
(287,'Los Caños',106),
(288,'Los Cucuses',106),
(289,'Boca De Los Rios',106),
(290,'Ojo De Agua',106),
(291,'Pata De Gallina',106),
(292,'Las Lagunas',106),
(293,'La Meseta',106),
(294,'El Cocho',106),
(295,'Juan Luciano',106),
(296,'Cañada C.',106),
(297,'El Gramaso',106),
(298,'Laguna  Castilla',106),
(299,'Las Cañitas',106),
(300,'Los Auqueyes',106),
(301,'Palero',106),
(302,'Los Cedros O Mendoza',106),
(303,'Los Pericos',106),
(304,'Botoncillo',106),
(305,'Gajo Del Monte',106),
(306,'La Majaguita',106),
(307,'Los Pedregones',106),
(308,'El Tetero',106),
(309,'Vallecitos',106),
(310,'El Roblito',106),
(311,'La Fortuna',106),
(312,'Cedro Sabina',106),
(313,'Los Fogoncitos',106),
(314,'El Corbano',106),
(315,'Los Pinalitos',106),
(316,'La Cueva',106),
(317,'La Sabina',106),
(318,'La Tasajera',106),
(319,'Mata De Cafe O Loma Del Cafe',106),
(320,'El Corozo',106),
(321,'Fondo Viejo',106),
(322,'Los Rodriguez',106),
(323,'Hondo Valle',106),
(324,'La Palmita',106),
(325,'El Joval',106),
(326,'Rosa',106),
(327,'La Siembra',106),
(328,'Los Cambrones',106),
(329,'Periquito',106),
(330,'Derrumbado',106),
(331,'Naranjito',106),
(332,'El Gajo',106),
(333,'Monte Grande',106),
(334,'El Palmar',106),
(335,'El Desecho',106),
(336,'Monte Bonito',106),
(337,'El Corbano',106),
(338,'El Oregano',106),
(339,'Los Gajos',106),
(340,'Laguna Prieta',106),
(341,'Los Pomos',106),
(342,'Cañada De Agua',106),
(343,'Arroyo La Vaca',106),
(344,'Los Mochos',106),
(345,'Los Rapaderos',106),
(346,'La Finca',106),
(347,'Los Quemados',106),
(348,'Los Calimetes',106),
(349,'Jubero',106),
(350,'La Nuez',106),
(351,'Palmarito',106),
(352,'El Pozo',106),
(353,'El Corban0 (El Corvano)',106),
(354,'Los Higos',106),
(355,'Los Patios',106),
(356,'El Novillo',106),
(357,'El Jobo',106),
(358,'El Cigual (La Concha)',106),
(359,'Villa Ocoa',106),
(360,'Cerro De Piedra',106),
(361,'Los Indios',106),
(362,'Las Cañas',106),
(363,'Arroyo Yaya',106),
(364,'Buena Vista',106),
(365,'Palero',106),
(366,'Carlos El Pino',106),
(367,'El Vallecito',106),
(368,'Los Haitises',106),
(369,'Villa Armonia',106),
(370,'Centro Del Pueblo',106),
(371,'Los Frios Almedio',106),
(372,'El Hoyito',106),
(373,'Mata De Los Caballeros',106),
(374,'El Sayo',106),
(375,'Cucarita',106),
(376,'Los Guayuyos',106),
(377,'El Estiladero',106),
(378,'Boca De La Laja',106),
(379,'Boca De Montazo',106),
(380,'El Recodo',106),
(381,'El Montazo',106),
(382,'Los Montes Frios',106),
(383,'La Patiya',106),
(384,'Centro Del Pueblo',107),
(385,'Camboya',107),
(386,'Los Jobos',107),
(387,'Higuero',107),
(388,'Maleno',107),
(389,'San Francisco',107),
(390,'Los Ranchitos',107),
(391,'Los Garcia',107),
(392,'Los Calimetes',107),
(393,'El Carrizal',107),
(394,'El Majagual',107),
(395,'Sonador',107),
(396,'Los Guayuyos',107),
(397,'Cascajal',107),
(398,'Los Chicharrones',107),
(399,'Puerta Vieja',107),
(400,'El Alto',107),
(401,'El Higuero',107),
(402,'El Pinar',107),
(403,'La Vereda Atravesada',107),
(404,'El Gajo',107),
(405,'Arroyo Seco',107),
(406,'La Laguna',107),
(407,'Guayuyal',107),
(408,'Los Naranjitos',107),
(409,'Ventura',107),
(410,'El Naranjo O Naranjal',107),
(411,'Bañaderos',107),
(412,'Cañada De Manaclas',107),
(413,'Peralta',107),
(414,'El Naranjal',107),
(415,'Medio O Centro 1',108),
(416,'Nuevo',108),
(417,'La Cuchilla',108),
(418,'Buenos Aires',108),
(419,'Guachupita',108),
(420,'Centro 2',108),
(421,'Batey',108),
(422,'Enriquillo',108),
(423,'Mexico',108),
(424,'Las Terreras',108),
(425,'Guayacanal',108),
(426,'La Concordia',108),
(427,'La Victoria',108),
(428,'Palmarejo',108),
(429,'El Rosario',108),
(430,'Nuevo Curro',108),
(431,'La Cienaga',108),
(432,'Las Auyamas',108),
(433,'Sabana Yegua O Pintao',109),
(434,'Blanco',109),
(435,'Los Cartones',109),
(436,'Ojo De Agua',109),
(437,'El Abanico',109),
(438,'San Francisco O San Feo',109),
(439,'Nuevo',109),
(440,'Proyecto 4',109),
(441,'Proyecto 4',109),
(442,'Ganadero Viejo',109),
(443,'Ganadero Nuevo',109),
(444,'Proyecto D-1 Ganadero',109),
(445,'Proyecto 2-C',109),
(446,'Proyecto 2-C',109),
(447,'Galindo',109),
(448,'Las Lajas',109),
(449,'El Copey',109),
(450,'La Tasajera',110),
(451,'Quisqueya',110),
(452,'Las Mercedes',110),
(453,'El Cerro (Guayacanal)',110),
(454,'La Palmita',110),
(455,'Tabara Arriba',110),
(456,'El Plan',110),
(457,'El Barrio',110),
(458,'Oregano Chiquito',110),
(459,'Los Jovillos',110),
(460,'Cruce Del 15',110),
(461,'Tabara  Abajo',110),
(462,'Los Manantiales',110),
(463,'Amiama Gomez',110),
(464,'Luperon',110),
(465,'Los Toros',110),
(466,'Las Guanabanas',110),
(467,'Cuesta Blanca',110),
(468,'Rabo La Puerca',110),
(469,'Los Cambrones',110),
(470,'Sajanoa',110),
(471,'Arroyo Guayabo',110),
(472,'Galvan',201),
(473,'La Piedra',201),
(474,'Sabila Arriba (Zabila Arriba)',201),
(475,'El Muey',201),
(476,'Los Hierros',201),
(477,'Los Multis De Galvan',201),
(478,'El Mamon',201),
(479,'Placer Bonito',201),
(480,'Palo Alto',201),
(481,'La Guama',201),
(482,'Los Cerros',201),
(483,'Muerto Sentado',201),
(484,'El Millo',201),
(485,'Los Angelitos',201),
(486,'Carpintero',201),
(487,'Las Sabilas',201),
(488,'La Mina',201),
(489,'Majagual',201),
(490,'Las Tejas',201),
(491,'Cabirmal',201),
(492,'El Rodeo',201),
(493,'Los Arroyitos',201),
(494,'La Rosa O Gran Plena',201),
(495,'Batista',201),
(496,'Los Botaditos',201),
(497,'Los Guazarales',201),
(498,'Batey San Rafael',201),
(499,'Mundito',201),
(500,'Gliteria',201),
(501,'Las Flores',201),
(502,'El Salado',201),
(503,'Tamarindo',201),
(504,'El Salado',201),
(505,'Guaragurito',201),
(506,'Cachon Viejo',201),
(507,'Moruno',201),
(508,'Saladito',201),
(509,'Boca Del Palmar',201),
(510,'Los Cocos',201),
(511,'Cerro Al Medio',201),
(512,'Preparo',201),
(513,'Los Rios',202),
(514,'La Rosa',202),
(515,'Pino Fresco',202),
(516,'Los Bleos',202),
(517,'Higo De La Cruz',202),
(518,'Los Higos',202),
(519,'Monte Bonito',202),
(520,'La Madera',202),
(521,'Agua De La Palma (La Recta)',202),
(522,'La Guamita',202),
(523,'Barrerita',202),
(524,'El Pino',202),
(525,'Los Mosquitos',202),
(526,'Los Palos Del Burro',202),
(527,'La Sierra',202),
(528,'La Plena',202),
(529,'La Finca',202),
(530,'Pinalito',202),
(531,'El Toro',202),
(532,'Las Clavellinas',202),
(533,'Cañada Vieja',202),
(534,'Cañada Del Rancho',202),
(535,'Los Amaceyes',202),
(536,'Arroyo Salado',202),
(537,'El Palmarito',202),
(538,'La Cortadera',202),
(539,'Cachon Seco',203),
(540,'Centro Del Pueblo',203),
(541,'La Cuaba',203),
(542,'Puerto Plata (Invi)',203),
(543,'Santa Cruz',203),
(544,'El Tanque',203),
(545,'Cerro Al Medio',203),
(546,'Coronel Francisco Alberto Caamaño',203),
(547,'Los Cocos',203),
(548,'Las Filipinas',203),
(549,'Las Malvinas',203),
(550,'Los Girasoles',203),
(551,'Brisas Del Norte',203),
(552,'La Jota',203),
(553,'La Teja',203),
(554,'Apolinar Perdomo',203),
(555,'San Sapito O Agapito',203),
(556,'El Hato',203),
(557,'El Pico',203),
(558,'Dos Brazos',203),
(559,'El Botado',203),
(560,'Los Hoyitos',203),
(561,'El Gajo',203),
(562,'El Estero',203),
(563,'Cachon Seco',203),
(564,'La Puentecita',203),
(565,'Ojeda',203),
(566,'Cecadal',203),
(567,'Los Guineos',203),
(568,'Los Segundos',203),
(569,'Los Montazos',203),
(570,'Las Cañas',203),
(571,'El Manguito',203),
(572,'La Tala',203),
(573,'Tabardillo Arriba',203),
(574,'Las Cañas',203),
(575,'Monte Quemado',203),
(576,'Plaza Cacique',203),
(577,'La Colonia',203),
(578,'Las Petacas',203),
(579,'El Manaclar',203),
(580,'Regadera',203),
(581,'Los Tres Pies',203),
(582,'La Gloria',203),
(583,'Viña',203),
(584,'Los Charquitos',203),
(585,'Segundo Paso',203),
(586,'Los Roas',203),
(587,'Los Fonditos',203),
(588,'El Bejucal',203),
(589,'El Calabozo',203),
(590,'La Lomita',203),
(591,'El Ingenio',203),
(592,'El Sillon',203),
(593,'El Copey',203),
(594,'Rancho De Marcos',203),
(595,'Timia',203),
(596,'Zarabanda',203),
(597,'Los Mangos De Ana',203),
(598,'Palmar Bonito',203),
(599,'El Aguacate',203),
(600,'Alto De La Peña',203),
(601,'Los Peñascos',203),
(602,'Rancho Viejo',203),
(603,'Pinalito (Los Pichones)',203),
(604,'La Guamita',203),
(605,'El Pozo',203),
(606,'Panchito',203),
(607,'El Aguacate',203),
(608,'Guayuyal Del Aguacate',203),
(609,'El Fondo',203),
(610,'El Alto',203),
(611,'Los Canes',203),
(612,'El Palmar',203),
(613,'Batey I',203),
(614,'Batey 4',203),
(615,'Batey Cuchillo',203),
(616,'Batey 5',203),
(617,'Batey  Isabela',203),
(618,'Batey 2',203),
(619,'El Palmar',203),
(620,'Batey 3',203),
(621,'Los Charquitos',204),
(622,'La Sombra',204),
(623,'Maria Montez O Los Cuaba',204),
(624,'Alto De Las Flores',204),
(625,'Centro Del Pueblo',204),
(626,'El Cacique',204),
(627,'San Jose La Cuaba',204),
(628,'Hato Nuevo',204),
(629,'Barranca',204),
(630,'Honduras',204),
(631,'Vuelta Grande',204),
(632,'San Simon',204),
(633,'Arroyo Seco',204),
(634,'Uvilla Arriba',204),
(635,'Leonardo Gonzalez O Los Mulos',204),
(636,'Uvilla Abajo',204),
(637,'Nueva Uvilla',204),
(638,'El Jobo',204),
(639,'La Cu',204),
(640,'El Cerro',204),
(641,'Villa Liberacion',204),
(642,'Villa Lorenza',204),
(643,'El Cerrito',204),
(644,'Bayahonda',204),
(645,'Villa Santana (Batey Santana)',204),
(646,'Los Conuquitos',204),
(647,'San Ramon',204),
(648,'Cachimba',204),
(649,'Alta Mira',204),
(650,'Montserrat',204),
(651,'Santa Maria',204),
(652,'Santa Maria',204),
(653,'El Higo',204),
(654,'Cabeza De Toro',204),
(655,'El Manguito',204),
(656,'La Grana',204),
(657,'Cabeza De Toro',204),
(658,'Guanarate',204),
(659,'Mena Arriba',204),
(660,'Mena Abajo',204),
(661,'Villa Mella',204),
(662,'Mena Abajo',204),
(663,'Mena Arriba',204),
(664,'Batey Mena O Block De Mena',204),
(665,'Los Blocks',204),
(666,'Las Casitas',204),
(667,'Concho Primo',204),
(668,'Los Barrancones',204),
(669,'La Casita',204),
(670,'Los Robles',204),
(671,'La Madre',205),
(672,'El Otro Lado',205),
(673,'El Palmar',205),
(674,'Palenque',205),
(675,'Centro Del Pueblo',205),
(676,'El Cerro',205),
(677,'Los Guayacanes',205),
(678,'Nuevo',205),
(679,'Meceron',205),
(680,'Alto Velo',205),
(681,'Brisas Del Este',205),
(682,'Fe Y Alegria',205),
(683,'Enriquillo',205),
(684,'El Palmarito',205),
(685,'Los Amaceyes',205),
(686,'Yerba Buena',205),
(687,'Ronelio Lloyo O Rancho De Goyo',205),
(688,'El Barro',205),
(689,'El Higuero',205),
(690,'Pedro',205),
(691,'La Esperanza',205),
(692,'El Mamey',205),
(693,'Arroyo Salado',205),
(694,'Las Cortaderas',205),
(695,'El Meso',205),
(696,'Guayacanal',205),
(697,'Las Cañitas',205),
(698,'La Cidra',205),
(699,'Penda',205),
(700,'Meregildo',205),
(701,'Loma De Juanico',205),
(702,'El Valle',205),
(703,'Naranjo',205),
(704,'Hoyo De Julian',205),
(705,'Sobacon',205),
(706,'Colorado',205),
(707,'Pie De Loma',205),
(708,'La Cidra',205),
(709,'Las Lagunas',205),
(710,'Majagual Cenizo',205),
(711,'Los Hierros',205),
(712,'Arroyo Seco',205),
(713,'Monte De La Gallina',205),
(714,'Mata De Naranja',205),
(715,'Los Jaricos',205),
(716,'La Cuba',205),
(717,'El Silencio',205),
(718,'Los Yaurumos',205),
(719,'La Cuchilla',205),
(720,'Cascajar (Cascajal)',205),
(721,'Enriquillo',301),
(722,'Los Altos De Blaquizales',301),
(723,'Baitoita',301),
(724,'Pueblo Nuevo',301),
(725,'Los Calieses',301),
(726,'Palmarito',301),
(727,'Savica',301),
(728,'Las Flores',301),
(729,'Villa Estela',301),
(730,'La Playa',301),
(731,'Mejoramiento Social',301),
(732,'30 De Mayo O La Policia',301),
(733,'Cañada De Papoy',301),
(734,'El Naco',301),
(735,'El Cacique O Canta La Rana',301),
(736,'La Raqueta',301),
(737,'Alto Velo',301),
(738,'Los Maestros',301),
(739,'Don Bosco',301),
(740,'Blanquizales',301),
(741,'Camboya',301),
(742,'Centro De La Ciudad',301),
(743,'Cerro De Saladillos O Rio Chir',301),
(744,'Casandra',301),
(745,'Manantial',301),
(746,'Palmingo',301),
(747,'Manuel Diaz',301),
(748,'Melen',301),
(749,'Candelaria',301),
(750,'Ralo',301),
(751,'Jeño',301),
(752,'Mundito',301),
(753,'La Raqueta',301),
(754,'Canta La Rana',301),
(755,'Santa Elena',301),
(756,'El Fundo',301),
(757,'Las Mercedes-Finca',301),
(758,'La Elba',301),
(759,'Tres Pies (Conalito)',301),
(760,'El Petaquero',301),
(761,'Cañada Del Agua',301),
(762,'Las Caritas',301),
(763,'El Cajuil',301),
(764,'La Saladilla',301),
(765,'Centro Del Pueblo O Sector A',301),
(766,'Los Gomez',301),
(767,'Los Papiteros',301),
(768,'Los Callejones (Sur)',301),
(769,'Charco Colorado',301),
(770,'Pandie',301),
(771,'Sula',301),
(772,'Cruce De Cabral (Sur)',301),
(773,'Carpinteros',301),
(774,'La Guazara O Centro Del Pueblo',301),
(775,'El 3',301),
(776,'El 5',301),
(777,'Los Mameyes',301),
(778,'El Barrio',301),
(779,'Villa Abajo',301),
(780,'Villa Arriba',301),
(781,'El Hoyo',301),
(782,'Palo Bonito',301),
(783,'Palo Veinte',301),
(784,'Jose Joaquin',301),
(785,'El Montazo',301),
(786,'Villa Hortensia',301),
(787,'El Cabo',301),
(788,'Los Angelitos',301),
(789,'Charco Prieto',301),
(790,'Villa Olimpica',301),
(791,'Invi-Cea',301),
(792,'Marginal Oeste',301),
(793,'Las Avenidas',301),
(794,'La Octava',301),
(795,'La Factoria',301),
(796,'Los Blocks',301),
(797,'La Salina',301),
(798,'La Montañita',301),
(799,'Miramar',301),
(800,'Perpetuo Socarro',301),
(801,'Jarro Sucio',301),
(802,'Balaguer',301),
(803,'Los Agronomos',301),
(804,'Los Solares De Milton O Maria Montez',301),
(805,'Vista Al Mar',301),
(806,'Valle Encantado',301),
(807,'Juan Pablo Duarte',301),
(808,'Abajo',302),
(809,'Centro Del Pueblo',302),
(810,'El Llano',302),
(811,'Arriba',302),
(812,'El Majagual',302),
(813,'Nueva York Chiquito',302),
(814,'La Peñuela',302),
(815,'El Guayuyo',302),
(816,'16 De Agosto',302),
(817,'Tierra Blanca',302),
(818,'La Lista',302),
(819,'El Naranjo',302),
(820,'El Fundo',302),
(821,'El Majagual',302),
(822,'Boca Naranjo',302),
(823,'El Guayuyo',302),
(824,'La Cueva',302),
(825,'La Pendula',302),
(826,'Los Hierros',302),
(827,'Revolcadero',302),
(828,'Garo',302),
(829,'El Aguacate',302),
(830,'El Firme',302),
(831,'El Brisal',302),
(832,'Laguna Rincon (Parte)',302),
(833,'Centro Del Pueblo',303),
(834,'Los Ajicitos Sector Arriba',303),
(835,'Valle Encantado',303),
(836,'La Ce',303),
(837,'La Gran Parada O Pueblo Abajo',303),
(838,'El Play',303),
(839,'Los Arraijanes',303),
(840,'Cerro De Richiez',303),
(841,'El Barrillar',303),
(842,'Los Tomates',303),
(843,'La Peronia',303),
(844,'La Punta Del Cerro',303),
(845,'La Guazabara',303),
(846,'Los Higos',303),
(847,'La Sucesion',303),
(848,'Los Guayuyos',303),
(849,'El Memisal',303),
(850,'Los Caños',303),
(851,'Las Guineas',303),
(852,'Los Barrancones',303),
(853,'El Buey',303),
(854,'Arenoso',303),
(855,'Laguneta',303),
(856,'Los Chicones',303),
(857,'Laguna Rincon (Parte)',303),
(858,'La Bomba',303),
(859,'Palo De Leche',303),
(860,'Peñon Arriba',303),
(861,'Los Guayacanes',303),
(862,'Luperon',304),
(863,'Los Multis',304),
(864,'El Mamonal',304),
(865,'Villa Progreso',304),
(866,'Centro Del Pueblo',304),
(867,'Tamayo',304),
(868,'Mercede Alta',304),
(869,'Buena Vista',304),
(870,'Juan Isidro',304),
(871,'Los Cocos',304),
(872,'Las Cuatro Bocas',304),
(873,'Los Blancos',304),
(874,'Hondo Valle',304),
(875,'Palmarito',304),
(876,'Maria Teresa',304),
(877,'Peñalva',304),
(878,'Caleton',304),
(879,'Las Merceditas',304),
(880,'Solera',304),
(881,'Charco  Del Higo',304),
(882,'Clavellina',304),
(883,'La Paz',304),
(884,'Chene',304),
(885,'La Torre',304),
(886,'El Valle',304),
(887,'Arroyo Dulce',304),
(888,'Mencia',304),
(889,'Charco Blanco',304),
(890,'Bella Vista',304),
(891,'Paradero En Medio',304),
(892,'Maniel Viejo',304),
(893,'La Sabana De Maniel',304),
(894,'Arroyo Dulce Rural',304),
(895,'El Higuero',304),
(896,'Las Palmas',304),
(897,'La Jaiba',304),
(898,'Los Candelones',304),
(899,'Sabana De Las Primeras Yerbas',304),
(900,'Masaco',304),
(901,'Charco Prieto',304),
(902,'Las Palmas',304),
(903,'La Vaca',304),
(904,'El Toro',304),
(905,'La Isleta',304),
(906,'La Guacima (La Guazuma)',304),
(907,'El Pino',304),
(908,'El Naranjal',304),
(909,'La Habitacion',304),
(910,'La Cueva De Luis',304),
(911,'La Ce',305),
(912,'Nuevo',305),
(913,'El Abanico',305),
(914,'Centro Del Pueblo',305),
(915,'La Cuchilla',305),
(916,'La Isleta-Caño Arenoso',305),
(917,'Los Cañitos',305),
(918,'El Centro',305),
(919,'El Jobo',305),
(920,'La Berleta (Las Placetas)',305),
(921,'El Botao',305),
(922,'Finca De Francisco Matos',305),
(923,'Blanquizal',305),
(924,'Batey Altagracia',305),
(925,'Batey Algodon',305),
(926,'El Centro',305),
(927,'Pueblo Nuevo',305),
(928,'Colombia (Pekin)',305),
(929,'Korea',305),
(930,'Viejo',305),
(931,'La Hoya',305),
(932,'Los Tres Puentes',305),
(933,'Barrio Nuevo',305),
(934,'Palmarito De La Hoya',305),
(935,'El Mamon',305),
(936,'Hato Viejo',305),
(937,'Batey Guayacanes',305),
(938,'Los Cocos',305),
(939,'Las Veras',305),
(940,'Finca De Jaime Feliz',305),
(941,'Habanero',305),
(942,'Caballero',305),
(943,'Los Callejones (Norte)',305),
(944,'Cruce De Cabral (Norte)',305),
(945,'Jaquimeyes',306),
(946,'Rincon Cayao',306),
(947,'Bella Vista',306),
(948,'La Salvia',306),
(949,'Jerusalem',306),
(950,'Burenes',306),
(951,'Campo De Caña Del Cea',306),
(952,'El Salado De Los Cucuses',306),
(953,'La Cortadera',306),
(954,'Buse',306),
(955,'El Limon',306),
(956,'El Curro',306),
(957,'Puerto Alejandro',306),
(958,'Yerba De Guinea',306),
(959,'El Babor',306),
(960,'Centro Del Pueblo',306),
(961,'Cruce De Palo Alto',306),
(962,'La Arbiña',306),
(963,'La Arbiñita',306),
(964,'Los Tres Puentes',306),
(965,'Centro Viejo',307),
(966,'Nuevo',307),
(967,'Cristo Rey O Jarro Sucio',307),
(968,'Haiti',307),
(969,'Fudeco',307),
(970,'Bella Vista',307),
(971,'Guayuyal',307),
(972,'Majagualito',307),
(973,'La Lajita',307),
(974,'Los Helechos',307),
(975,'Bejucal',307),
(976,'Charco Del Toro',307),
(977,'Aguita Blanca',307),
(978,'Copey',307),
(979,'Las Brujas',307),
(980,'San Rafael',307),
(981,'Charco Blanco',307),
(982,'El Cachote',307),
(983,'La Canela',307),
(984,'La Laguneta',307),
(985,'Palmarito',307),
(986,'Isleta',307),
(987,'Baoruquito',307),
(988,'Los Naranjos O Colorados',307),
(989,'Baoruco Arriba',307),
(990,'Baoruco Abajo',307),
(991,'La Playa',307),
(992,'Cañafistola',307),
(993,'El Champan',307),
(994,'El Cacheo',307),
(995,'El Arroyo',307),
(996,'Machembe (Chembe)',307),
(997,'La Filipina',307),
(998,'La Trocha',307),
(999,'Los Hierros',307),
(1000,'Travesia',307),
(1001,'Los Chupaderos',307),
(1002,'Calabazas',307),
(1003,'Los Morones',307),
(1004,'Las Auyamas',307),
(1005,'La Pendula',307),
(1006,'Guindadero',307),
(1007,'Tierra Llana',307),
(1008,'El Membrillo',307),
(1009,'Guancho (Cuacho)',307),
(1010,'El Pele',307),
(1011,'Vengan A Ver',307),
(1012,'Las Palmitas',307),
(1013,'Juan Esteban',307),
(1014,'La Vuelta De Gabino',307),
(1015,'Los Franceses',307),
(1016,'Los Pajaros',307),
(1017,'Las Palmitas',307),
(1018,'Cerros De Santa Lucia',308),
(1019,'Nuevo',308),
(1020,'Las Flores',308),
(1021,'Centro Del Pueblo',308),
(1022,'Las Caobas O Jarro Sucio',308),
(1023,'La Esperanza',308),
(1024,'Santa Rosa O Batey Paja',308),
(1025,'Boqueron',308),
(1026,'Entrada De Lemba',308),
(1027,'Lemba',308),
(1028,'Hato Nuevo',308),
(1029,'Las Salinas',308),
(1030,'Los Saladillos',308),
(1031,'La Cu',308),
(1032,'La Yagua O La Caya',309),
(1033,'Centro Del Pueblo',309),
(1034,'Altagracia',309),
(1035,'Mejoramiento Social O Los Multis',309),
(1036,'La Lajita O Alto Velo',309),
(1037,'La Caoba',309),
(1038,'El Play',309),
(1039,'Cortico',309),
(1040,'El Platon',309),
(1041,'Charco Blanco',309),
(1042,'Villa Nizao',309),
(1043,'La Lanza Arriba',309),
(1044,'La Lanza Abajo',309),
(1045,'Aguita Blanca',309),
(1046,'Gajo De Toro',309),
(1047,'Leonardo',309),
(1048,'Rancho Antonio',309),
(1049,'Malanga',309),
(1050,'Chorro De Oro',309),
(1051,'Dominica',309),
(1052,'El Palo 30',309),
(1053,'Coco (Caco)',309),
(1054,'La Caoba',309),
(1055,'Gachito',309),
(1056,'Los Guineos',309),
(1057,'Charco Prieto',309),
(1058,'Riosito',309),
(1059,'La Cabirma',309),
(1060,'Bisan',309),
(1061,'San Rafael',309),
(1062,'Cafe Las Mujeres',309),
(1063,'Los Patos',309),
(1064,'Los Patos',309),
(1065,'Bejuquero',309),
(1066,'El Fondo',309),
(1067,'Cresteliando',309),
(1068,'El Maniel',309),
(1069,'Audon',309),
(1070,'Yaurumal',309),
(1071,'Laguneta',309),
(1072,'Ojeda',309),
(1073,'Barrio Nuevo',309),
(1074,'La Vibora',309),
(1075,'La Policia',310),
(1076,'Centro Del Pueblo',310),
(1077,'Cañada Arriba',310),
(1078,'Las Flores',310),
(1079,'Nuevo',310),
(1080,'El Puentecito',310),
(1081,'Monteada Nueva',310),
(1082,'Las Auyamas',310),
(1083,'Los Lirios',310),
(1084,'El Charco',310),
(1085,'Cortico',310),
(1086,'Los Lazos',310),
(1087,'El Puerto',310),
(1088,'Monteada',310),
(1089,'Los Charquitos',310),
(1090,'La Tayota',310),
(1091,'La Jo',310),
(1092,'Los Mosquitos',310),
(1093,'Charco Naranjo',310),
(1094,'El Higuero',310),
(1095,'Rio Arriba',310),
(1096,'El Guayabo',310),
(1097,'El Charcos',310),
(1098,'Los Arroyos',310),
(1099,'La Poza',310),
(1100,'Bretoncito',310),
(1101,'Breton',310),
(1102,'La Muda',310),
(1103,'Polo Arriba',310),
(1104,'La Cabuya',310),
(1105,'El Limonal',310),
(1106,'Jose Olivares',310),
(1107,'Los Colorados',310),
(1108,'Santa Cruz',310),
(1109,'Mata De Maiz',310),
(1110,'Fondo Abajo',310),
(1111,'Fondo Arriba',310),
(1112,'Fondo De Aristeo',310),
(1113,'Fondo De Agustin',310),
(1114,'Fondo De Benito',310),
(1115,'Las Auyamas',311),
(1116,'Placer Bonito',311),
(1117,'Centro Hermoso',311),
(1118,'Los Maquitos',311),
(1119,'La Cuarenta',311),
(1120,'Pueblo Arriba',311),
(1121,'Centro Del Pueblo',311),
(1122,'Batey Paja',311),
(1123,'Galindo',311),
(1124,'Guatapanal O Guayacanal (Ant. La Puerca)',311),
(1125,'Viejo',311),
(1126,'Nuevo',311),
(1127,'Los Multis',311),
(1128,'Los Agronomos',311),
(1129,'Canoa',311),
(1130,'Bueno Aires Del Yeso',311),
(1131,'Bombita',311),
(1132,'Miramar',311),
(1133,'Mamey',311),
(1134,'Mameicito (Mameycito)',311),
(1135,'La Colonia',311),
(1136,'Hatico De Platanal',311),
(1137,'Loma Del Curro',311),
(1138,'Charco De Pancho',311),
(1139,'Paso De Santa',311),
(1140,'Coraza O Centro Del Pueblo',311),
(1141,'La Pista',311),
(1142,'Azul',311),
(1143,'El Arroyo',311),
(1144,'El Higuito',311),
(1145,'El Memiso',311),
(1146,'Quita Coraza',311),
(1147,'La Mina',311),
(1148,'Boca Del Bao',311),
(1149,'La Leona',311),
(1150,'El Centro',311),
(1151,'Cenceres',311),
(1152,'Nuevo',311),
(1153,'El Abanico',311),
(1154,'El Cruce',311),
(1155,'Puerto Grande',311),
(1156,'La Cu',311),
(1157,'Montazo',311),
(1158,'El Oregano',311),
(1159,'La Lajita',311),
(1160,'Arroyo Grande',311),
(1161,'El Quemado',311),
(1162,'Uvillita',311),
(1163,'Benito Moncion',401),
(1164,'Centro Del Pueblo',401),
(1165,'Norte',401),
(1166,'Abanico',401),
(1167,'Mejoramiento Social',401),
(1168,'Beller',401),
(1169,'La Curva',401),
(1170,'Nuevo Mexico',401),
(1171,'Las Flores',401),
(1172,'La Colonia Libertador',401),
(1173,'La Fe',401),
(1174,'La Esperanza',401),
(1175,'La Paz',401),
(1176,'La Bomba',401),
(1177,'Colonia De La Fe',401),
(1178,'Colonia 30 De Mayo',401),
(1179,'Corral Grande',401),
(1180,'Palo Blanco',401),
(1181,'Cayuco',401),
(1182,'La Cera',401),
(1183,'Laja Arriba',401),
(1184,'Los Arroyos',401),
(1185,'Sabana Santiago',401),
(1186,'La Cana',401),
(1187,'Sabana Larga',401),
(1188,'Los Cercadillos',401),
(1189,'Los Ciruelos',401),
(1190,'El Candelon',401),
(1191,'Talanquera',401),
(1192,'Clavellina',401),
(1193,'Esperon',401),
(1194,'Lajas',401),
(1195,'La Piña',401),
(1196,'La Cienaga',401),
(1197,'La Patilla',401),
(1198,'Agua Santa',401),
(1199,'Arroyo Prieto',401),
(1200,'Los Jibaros',401),
(1201,'Chacuey',401),
(1202,'El Pabellon',401),
(1203,'Paso Tapao',401),
(1204,'Cañongo',401),
(1205,'La Colonia Japonesa',401),
(1206,'Las Palomitas',401),
(1207,'Sanchez',401),
(1208,'Kilometro Cuatro (4)',401),
(1209,'Kilometro Cinco (5)',401),
(1210,'El Pino',402),
(1211,'Los Inagitos (Los Inajitos)',402),
(1212,'El Capacito',402),
(1213,'La Avanzada',402),
(1214,'El Canal',402),
(1215,'Inaje',402),
(1216,'Marizan',402),
(1217,'Los Compos',402),
(1218,'La Ceniza',402),
(1219,'El Rodeo',402),
(1220,'La Mata De Limon',402),
(1221,'Las Carreras',402),
(1222,'Los Pozos',402),
(1223,'La Burra',402),
(1224,'El Corozo',402),
(1225,'El Rodeo Adentro',402),
(1226,'El Fango',402),
(1227,'Sabana Gurabo',402),
(1228,'El Pino',402),
(1229,'Manuel Bueno',402),
(1230,'Palo Blanco',402),
(1231,'La Jagua Arriba',402),
(1232,'Terraplen',402),
(1233,'Los Jengibres O Jenjibres',402),
(1234,'Higo Bonito',402),
(1235,'La Chancleta',402),
(1236,'Piedra De Bohio',402),
(1237,'La Luisa',402),
(1238,'Los Pozos',402),
(1239,'La Gina (La Ginita)',402),
(1240,'El Zumbador',402),
(1241,'El Guayabal',402),
(1242,'Las Auyamas',402),
(1243,'La Jagua Abajo',402),
(1244,'El Manguito',402),
(1245,'Los Cacaos',402),
(1246,'Loma De Sabana',402),
(1247,'Loma De Los Jobos',402),
(1248,'Arroyo De La Jagua Arriba',402),
(1249,'La Jagua',402),
(1250,'Legion',403),
(1251,'Norte O Ensanche Quisqueya',403),
(1252,'Centro Del Pueblo',403),
(1253,'Duarte',403),
(1254,'Gregorio Luperon O La Gallera',403),
(1255,'Garcia',403),
(1256,'Sal Si Puedes',403),
(1257,'Gomez',403),
(1258,'El Tanque',403),
(1259,'Arroyo La Puerta',403),
(1260,'La Marihuana',403),
(1261,'El Corozo',403),
(1262,'Los Zumbadores',403),
(1263,'El Aguacate',403),
(1264,'Monte Higo',403),
(1265,'Cerro Monte',403),
(1266,'Monte La Jagua',403),
(1267,'Los Candelones',403),
(1268,'El Cadillar',403),
(1269,'Los Maguaquitos',403),
(1270,'Los Palmaritos',403),
(1271,'Caramana',403),
(1272,'La Peñita',403),
(1273,'Masaquitos',403),
(1274,'Las Lagunas',403),
(1275,'El Cajuil',403),
(1276,'Arroyo Azul',403),
(1277,'La Reforma',403),
(1278,'Los Pomos',403),
(1279,'Sabaneta',403),
(1280,'Los Colorados',403),
(1281,'El Rincon',403),
(1282,'La Ceiba',403),
(1283,'Castellar',403),
(1284,'Cerro De Dajao',403),
(1285,'Carrizal',403),
(1286,'El Corozo',403),
(1287,'Monte Grande',403),
(1288,'Paso De Jacinto',403),
(1289,'Puerto Rico',403),
(1290,'La Hoya',403),
(1291,'Palo Colorado',403),
(1292,'Mancorna',403),
(1293,'Masacre',403),
(1294,'Corozo Abajo',403),
(1295,'Capotillo',403),
(1296,'Hipolito Billini',403),
(1297,'Tres Palmas',403),
(1298,'Fondo Grande',403),
(1299,'Monte Adentro',403),
(1300,'Villa Esperanza',403),
(1301,'Chorro Bonito',403),
(1302,'Villa Porvenir',403),
(1303,'Bonito Valle',403),
(1304,'Don Miguel',403),
(1305,'Tamarindo',403),
(1306,'La Peñita Abajo',403),
(1307,'Pueblo Nuevo',403),
(1308,'El Corozo Abajo',403),
(1309,'El Junco',403),
(1310,'El Alto De Paloma',403),
(1311,'Santiago De La Cruz',403),
(1312,'Pinar Claro',403),
(1313,'Piedra Blanca',403),
(1314,'Campeche',403),
(1315,'Lajas Campeche',403),
(1316,'El Bambe',403),
(1317,'El Yarey',403),
(1318,'Yareycito',403),
(1319,'El Plan',403),
(1320,'Sector La Iglesia',403),
(1321,'Los Tres Caños',403),
(1322,'La Piña',403),
(1323,'Los Socias',403),
(1324,'Sandino Diaz',403),
(1325,'Partido O Centro Del Pueblo',404),
(1326,'Los Indios',404),
(1327,'La Piña',404),
(1328,'Partido Arriba',404),
(1329,'Sangre Linda',404),
(1330,'Hatico Viejo',404),
(1331,'Buen Gusto',404),
(1332,'La Culata',404),
(1333,'Vaca Gorda',404),
(1334,'La Culata Arriba',404),
(1335,'Higuero',404),
(1336,'La Guasima',404),
(1337,'Aminilla',404),
(1338,'La Estancia',404),
(1339,'Aminilla',404),
(1340,'La Gorra',404),
(1341,'La Barrera',404),
(1342,'Taguique',404),
(1343,'Los Cerros De Aminilla',404),
(1344,'El Rodeo',404),
(1345,'El Estrecho',404),
(1346,'El Llano',404),
(1347,'La Gallina',404),
(1348,'Sabana Del Medio',404),
(1349,'Centro Del Pueblo',405),
(1350,'Cruz De Cabrera Abajo',405),
(1351,'Cruz De Cabrera Arriba',405),
(1352,'La Siembra',405),
(1353,'Rancho Pedro',405),
(1354,'Palma De Los Santos',405),
(1355,'Villa Anacaona',405),
(1356,'La Garrapata',405),
(1357,'Jimenez Abajo',405),
(1358,'El Carrizal',405),
(1359,'Mochito',405),
(1360,'Los Hoyos De Jimenez',405),
(1361,'Fondo Grande',405),
(1362,'Tierra Sucia',405),
(1363,'Vara De Vaca',405),
(1364,'Mariano Cestero',405),
(1365,'La Pocilga',405),
(1366,'Agua Blanca',405),
(1367,'Valle Nuevo',405),
(1368,'Valle Simon',405),
(1369,'Kilometro 1',405),
(1370,'Kilometro 4',405),
(1371,'Neita Abajo',405),
(1372,'El Corozo',405),
(1373,'Neita',405),
(1374,'Palo Quemado',405),
(1375,'Bael',405),
(1376,'La Berenjena',405),
(1377,'Los Cerezos',405),
(1378,'Loma Del Guano',405),
(1379,'La Sabana',405),
(1380,'El Hato',405),
(1381,'Agua De Juan',405),
(1382,'Mompoque',405),
(1383,'Las Rosas',405),
(1384,'La Jagua Abajo',405),
(1385,'Loma De Caña',405),
(1386,'Pelagio',405),
(1387,'Loma De Sabana',405),
(1388,'La Penda',405),
(1389,'La Jagua Arriba',405),
(1390,'El Maniel',405),
(1391,'Los Peralejos',501),
(1392,'Palma Real',501),
(1393,'Arroyo Manzano',501),
(1394,'Altos De Arroyo Hondo',501),
(1395,'Los Rios',501),
(1396,'Puerto Isabela',501),
(1397,'Honduras Del Oeste',501),
(1398,'Honduras Del Norte',501),
(1399,'Paseo De Los Indios',501),
(1400,'Los Cacicazgos',501),
(1401,'Renacimiento',501),
(1402,'Los Restauradores',501),
(1403,'San Geronimo',501),
(1404,'Los Jardines',501),
(1405,'Jardin Botanico',501),
(1406,'Nuevo Arroyo Hondo',501),
(1407,'Cerros De Arroyo Hondo',501),
(1408,'Viejo Arroyo Hondo',501),
(1409,'Paraiso',501),
(1410,'Julieta Morales',501),
(1411,'Los Prados',501),
(1412,'El Millon',501),
(1413,'Mirador Norte',501),
(1414,'Mirador Sur',501),
(1415,'Buenos Aires (Independencia)',501),
(1416,'Miramar',501),
(1417,'Tropical Metaldom',501),
(1418,'Jardines Del Sur',501),
(1419,'Atala',501),
(1420,'Bella Vista',501),
(1421,'Ensanche Quisqueya',501),
(1422,'Piantini',501),
(1423,'La Julia',501),
(1424,'Nuestra Señora De La Paz',501),
(1425,'General Antonio Duverge',501),
(1426,'30 De Mayo',501),
(1427,'Cacique',501),
(1428,'Centro De Los Heroes',501),
(1429,'Mata Hambre',501),
(1430,'Ciudad Universitaria',501),
(1431,'La Esperilla',501),
(1432,'Ensanche Naco',501),
(1433,'Centro Olimpico',501),
(1434,'Ensanche La Fe',501),
(1435,'La Agustina',501),
(1436,'Cristo Rey',501),
(1437,'Jardin Zoologico',501),
(1438,'La Zurza',501),
(1439,'Villa Agricolas',501),
(1440,'Villa Juana',501),
(1441,'Miraflores',501),
(1442,'San Juan Bosco',501),
(1443,'Gazcue',501),
(1444,'Ciudad Nueva',501),
(1445,'San Carlos',501),
(1446,'Villa Consuelo',501),
(1447,'Ensanche Luperon',501),
(1448,'Ensanche Capotillo',501),
(1449,'Simon Bolivar',501),
(1450,'24 De Abril',501),
(1451,'Ensanche Espaillat',501),
(1452,'Maria Auxiliadora',501),
(1453,'Mejoramiento Social',501),
(1454,'Villa Francisca',501),
(1455,'Zona Colonial',501),
(1456,'Domingo Savio',501),
(1457,'Gualey',501),
(1458,'La Isabela',501),
(1459,'La Hondonada',501),
(1460,'San Diego',501),
(1461,'Evaristo Morales',501),
(1462,'Serralles',501),
(1463,'El Vergel',501),
(1464,'Arenoso',601),
(1465,'Palma Sola',601),
(1466,'Los Platanitos',601),
(1467,'Las Coles',601),
(1468,'Las Carreras',601),
(1469,'Villa Maria',601),
(1470,'Las Guamas',601),
(1471,'Los Cacaos',601),
(1472,'La Jagua',601),
(1473,'El Guayabo',601),
(1474,'Rincon Bebedero',601),
(1475,'El Mango O El Mago',601),
(1476,'Caño Madrid (Madera)',601),
(1477,'Cruce De Las Cabirmas (Antigua Atronca Perros)',601),
(1478,'El Jobo',601),
(1479,'La Raya O El Mango',601),
(1480,'La Garza',601),
(1481,'La Playa',601),
(1482,'La Cebolla',601),
(1483,'Morro Sucio',601),
(1484,'El Cachimbo (San Andres)',601),
(1485,'El Mango',601),
(1486,'El Aguacate',601),
(1487,'Caño Abajo',601),
(1488,'Las Matas',601),
(1489,'Sabaneta',601),
(1490,'Yabacao',601),
(1491,'Rabo De Chivo',601),
(1492,'La Manga',601),
(1493,'El Firme',601),
(1494,'Cienaga Vieja',601),
(1495,'Cuba',601),
(1496,'Los Chichones',601),
(1497,'Los Haitiles',601),
(1498,'La Mina',601),
(1499,'Pescadero',601),
(1500,'Centro Del Pueblo',602),
(1501,'Puerto Rico',602),
(1502,'La Mora O Nigua Abajo',602),
(1503,'Jina Clara',602),
(1504,'El Mogote',602),
(1505,'El Firme De Los Cafeses',602),
(1506,'Firme De Jina Clara',602),
(1507,'Cuesta Blanca',602),
(1508,'Los Cafeses',602),
(1509,'Las Piedras',602),
(1510,'Nigua Abajo',602),
(1511,'La Mora O Nigua Abajo',602),
(1512,'Jimenez',602),
(1513,'La Lometa',602),
(1514,'Juana Diaz Abajo',602),
(1515,'La Zarza',602),
(1516,'Los Guaraguaos',602),
(1517,'El Firme De Los Cafeses',602),
(1518,'Juana Diaz Arriba',602),
(1519,'Los Cachones',602),
(1520,'El Rucio Abajo',602),
(1521,'Los Cachones Arriba (Cachones  Adentro)',602),
(1522,'Los Callejones',602),
(1523,'Los Saladillos',602),
(1524,'El Rucio De Los Cachones',602),
(1525,'Los Lanos',602),
(1526,'Cruce De Los Lanos',602),
(1527,'Cruce De Magua',602),
(1528,'Quebrada De Pablo',602),
(1529,'La Ceibita',602),
(1530,'Los Naranjos',602),
(1531,'La Jaguita',602),
(1532,'Loma Vieja',602),
(1533,'El Rucio De Los Lanos',602),
(1534,'Rincon Hondo',602),
(1535,'Las Piedritas',602),
(1536,'La Jagua',602),
(1537,'El Firme',602),
(1538,'El Alto',602),
(1539,'Las Caobas Arriba',602),
(1540,'Las Berenjenas',602),
(1541,'Las Caobas Abajo',602),
(1542,'La Guazarita (Campeche Arriba De Castillo)',602),
(1543,'Yaiba Abajo',602),
(1544,'Pueblo Nuevo',602),
(1545,'Yaiba O Rincon Yaiba',602),
(1546,'Curazao',602),
(1547,'Yanabo Abajo',602),
(1548,'Los Palmaritos',602),
(1549,'La Garata',602),
(1550,'La Joya',602),
(1551,'Majagual',602),
(1552,'Yanabo Arriba',602),
(1553,'Yaiba Arriba',602),
(1554,'El Tablon',602),
(1555,'Centro Del Pueblo',603),
(1556,'El Play',603),
(1557,'Los Guandules',603),
(1558,'David',603),
(1559,'La  Gina',603),
(1560,'El Jarol',603),
(1561,'El 4',603),
(1562,'Acicate',603),
(1563,'Juana Diaz Abajo',603),
(1564,'Sabana De La Ceiba',603),
(1565,'Rio Yuna',603),
(1566,'Acicate Adentro',603),
(1567,'Cerrejon',603),
(1568,'Atoro',603),
(1569,'La Isleta',603),
(1570,'Cruce De Los Javieles',603),
(1571,'Cien Tareas',603),
(1572,'Sabana Grande O El Caserio',603),
(1573,'La Yuca O Atronca Perro',603),
(1574,'Boca De Yuca',603),
(1575,'La Culata',603),
(1576,'La Culata Al Medio',603),
(1577,'Maria Hernindez',603),
(1578,'El Resbalon',603),
(1579,'Las Guaranas',604),
(1580,'Los Genao',604),
(1581,'El Vaticano',604),
(1582,'San Juan',604),
(1583,'Pueblo Nuevo',604),
(1584,'La Enea',604),
(1585,'El Came',604),
(1586,'La Palmilla',604),
(1587,'La Gina',604),
(1588,'Los Memisos',604),
(1589,'El Tablon',604),
(1590,'Las Mercedes',604),
(1591,'El Hato',604),
(1592,'Honduras',604),
(1593,'Serrano',604),
(1594,'El Limon',604),
(1595,'Rincon De Los Genao',604),
(1596,'Guamacage (Papayo)',604),
(1597,'Los Rivera Altagracia',604),
(1598,'Cuca',604),
(1599,'La Rivera',604),
(1600,'La Jabilla',605),
(1601,'Centro Del Pueblo',605),
(1602,'Cementerio',605),
(1603,'Los Molondrones',605),
(1604,'La Estancia',605),
(1605,'Cantan Los Macos',605),
(1606,'El Play',605),
(1607,'Buena Vista',605),
(1608,'La Jagua',605),
(1609,'Catalina',605),
(1610,'Guanabano',605),
(1611,'Caobete',605),
(1612,'Caobete Arriba',605),
(1613,'Rincon Martin',605),
(1614,'Los Limones',605),
(1615,'Rinconazo',605),
(1616,'Cuaba Abajo',605),
(1617,'El Puente De Came',605),
(1618,'Matuan Abajo',605),
(1619,'La Estancia',605),
(1620,'Casa De Alto',605),
(1621,'La Excavacion',605),
(1622,'La Chancleta',605),
(1623,'Campeche Arriba',605),
(1624,'La Barca',605),
(1625,'La Gina',605),
(1626,'Campeche Abajo',605),
(1627,'San Felipe Arriba',605),
(1628,'Alto Del Caimito',605),
(1629,'La Galana',605),
(1630,'Quebrada De Los Patos',605),
(1631,'La Berraza',605),
(1632,'Los Callejones',605),
(1633,'San Felipe Abajo',605),
(1634,'Vista Del Valle',606),
(1635,'El Ciruelillo',606),
(1636,'Ribera Del Jaya',606),
(1637,'Los Jardines',606),
(1638,'Pisa Costura',606),
(1639,'Guzman',606),
(1640,'Los Espinos',606),
(1641,'Cenovi',606),
(1642,'Los Rieles',606),
(1643,'Los Rieles',606),
(1644,'El Canal',606),
(1645,'Los Arroyos',606),
(1646,'Los Rincones',606),
(1647,'El Bobo',606),
(1648,'Bandera',606),
(1649,'Santa Lucia',606),
(1650,'La Berma',606),
(1651,'La Amarga',606),
(1652,'La Reforma',606),
(1653,'El Carril',606),
(1654,'Los Indios',606),
(1655,'Hoyo Viejo',606),
(1656,'El Chucho De Pey',606),
(1657,'El Limpio',606),
(1658,'Rosa Baja',606),
(1659,'Rosa Alta',606),
(1660,'Cruz De Cenovi',606),
(1661,'Los Caimitos',606),
(1662,'La Colonia',606),
(1663,'La Nasa',606),
(1664,'El Mamey',606),
(1665,'Noni',606),
(1666,'Porquero Abajo',606),
(1667,'El Hatico',606),
(1668,'El Gajo',606),
(1669,'Los Cacaos',606),
(1670,'Porquero Arriba',606),
(1671,'Las Caobas',606),
(1672,'El Caimito',606),
(1673,'La Caoba',606),
(1674,'Santa Ana',606),
(1675,'Gallinero',606),
(1676,'Las Flores',606),
(1677,'La Piña I',606),
(1678,'El Capacito',606),
(1679,'Ensanche Aguila',606),
(1680,'Urbanizacion Camilo',606),
(1681,'El Hormiguero',606),
(1682,'Urbanizacion Toribio Piantini',606),
(1683,'Ensanche San Martin De Porres',606),
(1684,'27 De Febrero',606),
(1685,'Villa Olimpica',606),
(1686,'Duarte',606),
(1687,'San Pedro',606),
(1688,'Hermanas Mirabal',606),
(1689,'Ercilia Pepin',606),
(1690,'Urbanizacion Jennifer',606),
(1691,'Pueblo Nuevo',606),
(1692,'La Madeja',606),
(1693,'La Espinola I',606),
(1694,'La Espinola Ii',606),
(1695,'La Espinola Iii',606),
(1696,'Bijao Afuera',606),
(1697,'Urbanizacion Andujar',606),
(1698,'Urbanizacion El Dorado',606),
(1699,'Las Colonias',606),
(1700,'Ensanche Getsemani',606),
(1701,'Urbanizacion Villa Palma',606),
(1702,'Urbanizacion Weber',606),
(1703,'Urbanizacion Abreu',606),
(1704,'Santa Lucia',606),
(1705,'Grullon Primera Etapa',606),
(1706,'Ensanche Madrigal',606),
(1707,'Ensanche Abreu',606),
(1708,'Ugamba',606),
(1709,'Cristo Rey',606),
(1710,'La Altagracia',606),
(1711,'Figueroa',606),
(1712,'Los Chiripos',606),
(1713,'Urbanizacion Brugal',606),
(1714,'Los Bracitos',606),
(1715,'Urbanizacion El Silencio',606),
(1716,'Urbanizacion La Fortuna',606),
(1717,'Urbanizacion La Caperuza',606),
(1718,'Urbanizacion Campo Fernandez I Y Ii',606),
(1719,'Urbanizacion Cordero Tejada',606),
(1720,'Urbanizacion Alminzar',606),
(1721,'Urbanizacion Alvarez',606),
(1722,'Urbanizacion Ribera Del Jaya',606),
(1723,'24 De Abril',606),
(1724,'Urbanizacion Nuevo San Francisco',606),
(1725,'Vista Bella',606),
(1726,'Urbanizacion Toribio Camilo',606),
(1727,'Residencial Ensueño',606),
(1728,'Urbanizacion Neftali',606),
(1729,'Urbanizacion Maria Fernandez',606),
(1730,'Puerto Rico',606),
(1731,'Urbanizacion Fernandez',606),
(1732,'Urbanizacion Terranova',606),
(1733,'Urbanizacion El Tejar',606),
(1734,'Urbanizacion Paseo Del Rio',606),
(1735,'Urbanizacion Mirador Del Sur',606),
(1736,'Urbanizacion Neftali Iii',606),
(1737,'Urbanizacion Las Palmas',606),
(1738,'Las Cejas',606),
(1739,'Los Rieles',606),
(1740,'Cruce De Mirabel',606),
(1741,'La Sirena O La Penda',606),
(1742,'Tubagua',606),
(1743,'Mata Larga',606),
(1744,'Jobo Bonito',606),
(1745,'Felix Taveras',606),
(1746,'San Vicente De Pael',606),
(1747,'Urbanizacion Carmen Añil Bono',606),
(1748,'Urbanizacion Brisas De La Pradera Ii',606),
(1749,'La Caoba',606),
(1750,'Noni',606),
(1751,'La Sequia',606),
(1752,'Bijao',606),
(1753,'Mojin',606),
(1754,'Rancho Arriba',606),
(1755,'Hatillo',606),
(1756,'La Penda',606),
(1757,'Factor',606),
(1758,'El Limon',606),
(1759,'Santa Lucia',606),
(1760,'Guiza',606),
(1761,'Estanzuela Abajo',606),
(1762,'La Piedra',606),
(1763,'Estanzuela Arriba',606),
(1764,'Los Cerros',606),
(1765,'Llave',606),
(1766,'Loma El Medio',606),
(1767,'El Espino',606),
(1768,'Bijao',606),
(1769,'La Lima',606),
(1770,'Los Cadillos',606),
(1771,'Arbolines',606),
(1772,'La Joya Arriba',606),
(1773,'Las Pajas',606),
(1774,'Rio Frio',606),
(1775,'La Joya',606),
(1776,'La Guazumita',606),
(1777,'Los Liones',606),
(1778,'El Cigual',606),
(1779,'Loma De La Joya (Loma De Los Paulino)',606),
(1780,'El Mate (Loma El Mate)',606),
(1781,'Los Bejucos',606),
(1782,'El Jiguero (Higuero)',606),
(1783,'El Cercado (La Lila)',606),
(1784,'Casa De Alto',606),
(1785,'La Yaguiza Central',606),
(1786,'La Yaguiza Abajo  (La Piragua)',606),
(1787,'La Lomita De La Yaguiza',606),
(1788,'La Yaguiza Afuera',606),
(1789,'Rio Arriba (Rancho Arriba)',606),
(1790,'La Sabana',606),
(1791,'Loma Del Muerto',606),
(1792,'El Aguacate',606),
(1793,'Palma Herrada',606),
(1794,'Los Farallones',606),
(1795,'Loma De Agua',606),
(1796,'Tumba Burros (Loma Turron)',606),
(1797,'Eslabones',606),
(1798,'Santa Fe',606),
(1799,'La Lomita De Los Salazar',606),
(1800,'El Concreto (Los Hidalgos)',606),
(1801,'Los Cacaos',606),
(1802,'La Zolapa (Solapa)',606),
(1803,'Los Algodones',606),
(1804,'Los Ancones',606),
(1805,'Las Guazumas',606),
(1806,'El Aguacate Afuera',606),
(1807,'El Aguacate Adentro',606),
(1808,'El Corozo',606),
(1809,'La Madeja',606),
(1810,'Los Arroyos',606),
(1811,'Loma De Los Bonilla',606),
(1812,'La Malena O Cruce De La Malena',606),
(1813,'Cruce De Los Basilios',606),
(1814,'Ceibita',606),
(1815,'Zumbadora',606),
(1816,'La Bestia De La Malena',606),
(1817,'La Cigua',606),
(1818,'La Trocha',606),
(1819,'La Auyama',606),
(1820,'Cuesta Abajo',606),
(1821,'Arroyo Bonito',606),
(1822,'Catey',606),
(1823,'Atabalero Abajo',606),
(1824,'Altos De Los Naranjos',606),
(1825,'Mil Tareas De Atabalero',606),
(1826,'La Bestia De Atabalero',606),
(1827,'Cañete',606),
(1828,'Arroyo El Toro',606),
(1829,'Cruce De Los Betances',606),
(1830,'Lucas',606),
(1831,'Aguacate',606),
(1832,'Gajo Malo',606),
(1833,'Gajo La Yuca',606),
(1834,'Buena Vista',606),
(1835,'Jurungo',606),
(1836,'El Guineal',606),
(1837,'Los Cinco',606),
(1838,'La Vereda',606),
(1839,'Venus',606),
(1840,'Las Sabinas',606),
(1841,'Los Palitos',606),
(1842,'La Culata',606),
(1843,'Santa Fe',606),
(1844,'Guabina',606),
(1845,'Blanco',606),
(1846,'La Manacla',606),
(1847,'Alto De Lopez',606),
(1848,'La Peña',606),
(1849,'Proyecto Los Neñez',606),
(1850,'Canta La Rana',606),
(1851,'La Peña Abajo',606),
(1852,'La Bajada',606),
(1853,'La Guazarita',606),
(1854,'El Caracol',606),
(1855,'Rio Arriba',606),
(1856,'Guayuyo Afuera',606),
(1857,'Brazo Grande',606),
(1858,'El Burro',606),
(1859,'Palo Verde',606),
(1860,'Los Pontones Abajo',606),
(1861,'Boba',606),
(1862,'El Sitio',606),
(1863,'El Ingenio',606),
(1864,'La Ceniza',606),
(1865,'Los Caimiticos',606),
(1866,'Chinguelo',606),
(1867,'Guayuyo Adentro',606),
(1868,'Los Pomos',606),
(1869,'El Catey',606),
(1870,'El Limon',606),
(1871,'Palmarito',606),
(1872,'Piedra Blanca',606),
(1873,'Los Mates',606),
(1874,'Los Pontones Arriba',606),
(1875,'Demajagual Arriba',606),
(1876,'Demajagual Abajo',606),
(1877,'La Vereda Del Demajagual',606),
(1878,'Palmarito',606),
(1879,'El Llano',606),
(1880,'La Garza',606),
(1881,'Dichoso Arriba',606),
(1882,'Dichoso Abajo',606),
(1883,'Los Barros',606),
(1884,'La Vereda De Dichoso',606),
(1885,'Laguna Al Medio (Laguna De Coto)',606),
(1886,'Laguna Abajo',606),
(1887,'Los Palos',606),
(1888,'Coto Arriba',606),
(1889,'Coto Al Medio (Rincon De Coto)',606),
(1890,'Coto Abajo',606),
(1891,'La Mesa',606),
(1892,'Chaviscal',606),
(1893,'Callejon De Los Mejia',606),
(1894,'Chucho Vasquez',606),
(1895,'Las Caobas',606),
(1896,'Patao',606),
(1897,'Loma De Almacey',606),
(1898,'Las Cabuyas',606),
(1899,'Hatillo (Jatillo)',606),
(1900,'Pie De Plata',606),
(1901,'El Calabazo',606),
(1902,'Alto Del Pilon Abajo',606),
(1903,'Azlor',606),
(1904,'Los Botaos',606),
(1905,'Buenos Aires',606),
(1906,'Cadillar',606),
(1907,'Casa Vieja',606),
(1908,'Pie De Plata',606),
(1909,'El Cercado',606),
(1910,'Cuaba',606),
(1911,'Altos De La Cueva',606),
(1912,'Cuevas',606),
(1913,'Cuaba Arriba O La Represa',606),
(1914,'Herrera De Cuaba',606),
(1915,'El Jamo',606),
(1916,'La Laguneta',606),
(1917,'La Lagunita Del Quemao',606),
(1918,'El Mango',606),
(1919,'Monte Bonito',606),
(1920,'Alto Del Pilon Arriba',606),
(1921,'Pozo Del Jobo',606),
(1922,'Los Puentes',606),
(1923,'Rincon Del Higuero',606),
(1924,'Tawike',606),
(1925,'El Valle',606),
(1926,'La Zarza',606),
(1927,'Limon Dulce',606),
(1928,'La Amargura',606),
(1929,'La Chancleta',606),
(1930,'El Quemao (Loma Del Quemao)',606),
(1931,'Los Caños',606),
(1932,'Los Placeres',606),
(1933,'La Pocilga',606),
(1934,'Ponton',606),
(1935,'Monte Negro',606),
(1936,'Ramonal Arriba',606),
(1937,'La Paloma',606),
(1938,'Los Lirios',606),
(1939,'Ramonal Abajo',606),
(1940,'La Cienaga',606),
(1941,'Los Quemados',606),
(1942,'El Canal',606),
(1943,'El Barrio',606),
(1944,'La Sabana',606),
(1945,'Mal Nombre',606),
(1946,'Colon',606),
(1947,'Genimillo',606),
(1948,'La Boca',606),
(1949,'El Barro',606),
(1950,'La Guamita',606),
(1951,'Los Rieles Abajo',606),
(1952,'El Bobo',606),
(1953,'Hoyo De Jaya',606),
(1954,'La Piña',606),
(1955,'Los Cocos',606),
(1956,'Mata Vieja',606),
(1957,'Jaragua',606),
(1958,'Comunidad San Vicente',606),
(1959,'Santa Elena',606),
(1960,'Maimoro',606),
(1961,'La Sidra',606),
(1962,'Los Lirios',606),
(1963,'Los Callejones',606),
(1964,'Firme De Los Ortega',606),
(1965,'Ojo De Agua',606),
(1966,'Cruce De Los Bacilios',606),
(1967,'Sonador',606),
(1968,'La Pegajosa',606),
(1969,'Firme Del Carrao',606),
(1970,'Los Bacilios',606),
(1971,'Las Taranas',606),
(1972,'Alto Del Caballo',606),
(1973,'Naranjo Dulce Abajo',606),
(1974,'Naranjo Dulce Arriba',606),
(1975,'Las Yerbas',606),
(1976,'La Jaguita',606),
(1977,'Alto Del Rayo',606),
(1978,'El Catey',606),
(1979,'Ceibita O Cuevita',606),
(1980,'Rancho Abajo',606),
(1981,'La Vereda',606),
(1982,'La Yabacoa',606),
(1983,'La Explanacion',606),
(1984,'El Limon',606),
(1985,'Loma De Jaya',606),
(1986,'La Colonia O El Jobito',606),
(1987,'Tres Pies',606),
(1988,'La Yaya',606),
(1989,'La Malenita O La Lomasa',606),
(1990,'Firme De La Brisa',606),
(1991,'La Guamita',606),
(1992,'Martel',606),
(1993,'La Malena',606),
(1994,'El Pomito',606),
(1995,'Gancho De Jaya',606),
(1996,'La Higuereta',606),
(1997,'Jaya',606),
(1998,'La Ceiba',606),
(1999,'Hondo Valle',606),
(2000,'La Malena De Jaya',606),
(2001,'El Derrumbadero',606),
(2002,'Los Pomos O Los Pomolos',606),
(2003,'Loma De Perro',606),
(2004,'Rancho Arriba',606),
(2005,'Proyecto Don Antonio Guzman Fernandezalos Aguayos',606),
(2006,'El Cruce',606),
(2007,'Guama Abajo',606),
(2008,'El Tres',606),
(2009,'Caño Seco',606),
(2010,'Las Cejas',606),
(2011,'El Hato O El Jato',606),
(2012,'Proyecto Don Antonio Guzman Fernandez (Reventacion',606),
(2013,'Genimo',606),
(2014,'El Higuero',606),
(2015,'El Pozo',606),
(2016,'Sabaneta',606),
(2017,'La Lima',606),
(2018,'Villa Feria (Centro Del Pueblo)',607),
(2019,'Ciudad Nueva',607),
(2020,'Buenos Aires',607),
(2021,'San Antonio',607),
(2022,'El Manguito',607),
(2023,'Urbanizacion Rodriguez',607),
(2024,'Urbanizacion Abreu',607),
(2025,'Ceiba De Los Pajaros',607),
(2026,'La Ceiba Abajo',607),
(2027,'Los Cocos',607),
(2028,'Reventazon',607),
(2029,'Los Naranjos',607),
(2030,'Boca De Cevicos',607),
(2031,'Loma Colorada',607),
(2032,'Junco Verde',607),
(2033,'Baiguate',607),
(2034,'El Bombillo (Bombillo Adentro)',607),
(2035,'Payabo',607),
(2036,'Majagual',607),
(2037,'Los Mayabos',607),
(2038,'Boca De Payabo',607),
(2039,'Chiringo',607),
(2040,'Loma Abajo',607),
(2041,'El Higuero',607),
(2042,'Las Hormigas',607),
(2043,'Zumba',607),
(2044,'Rincon De Majagual',607),
(2045,'Loma Arriba',607),
(2046,'Alto De Bululo (El Caimito)',607),
(2047,'Castaño',607),
(2048,'El Manguito',607),
(2049,'El Ciruelito O El Ciruelillo',607),
(2050,'La Reforma',607),
(2051,'Callejon De Tilo',607),
(2052,'Borojol',607),
(2053,'El Arado',607),
(2054,'Barrio Lindo',607),
(2055,'Paraguay',607),
(2056,'Cristal',607),
(2057,'La Reforma',607),
(2058,'El Muro (Pueblo Nuevo)',607),
(2059,'Laurel',607),
(2060,'Guaraguao',607),
(2061,'La Gallera',607),
(2062,'Guaraguao',607),
(2063,'Los Peynado',607),
(2064,'Alto De Marchena',607),
(2065,'La Mina De Los Peynado (Mina Vieja)',607),
(2066,'Los Contreras',607),
(2067,'Palmar Viejo (El Bono)',607),
(2068,'Palacio',607),
(2069,'Las Taranas',607),
(2070,'Las Mercedes',607),
(2071,'San Rafael',607),
(2072,'El Caño',607),
(2073,'Haiti Bonito.',607),
(2074,'El Abanico De Catamey',607),
(2075,'Barrio David',607),
(2076,'Bomba De Yaiba',607),
(2077,'Arebalo (Arevano)',607),
(2078,'La Bruca',607),
(2079,'Los Espinos',607),
(2080,'Juana Rodriguez (Juana Rodriguez Arriba)',607),
(2081,'Joboban',607),
(2082,'Firme De Las Taranas',607),
(2083,'Las Caobas',607),
(2084,'Jobo Dulce',607),
(2085,'El Indio',607),
(2086,'La Ceiba Gorda',607),
(2087,'La Punta',607),
(2088,'El Campamento',607),
(2089,'Barraquito Cercado',607),
(2090,'El Venao',607),
(2091,'Barraquito',607),
(2092,'La Cueva',607),
(2093,'Loma De La Ceiba (La Ceibita)',607),
(2094,'El Venao',607),
(2095,'Sector I',607),
(2096,'La Yaguita',607),
(2097,'Sector Ii',607),
(2098,'La Pista',607),
(2099,'Centro Del Pueblo',701),
(2100,'La Planta O El Gajo',701),
(2101,'Las Cañitas',701),
(2102,'Mata Bonita',701),
(2103,'La Mina',701),
(2104,'Los Campechitos',701),
(2105,'La Corcovada',701),
(2106,'La Lajita',701),
(2107,'Blas Martinez',701),
(2108,'Arroyo Salado',701),
(2109,'Las Chupaderas',701),
(2110,'Los Pinalitos',701),
(2111,'La Herradura',701),
(2112,'Los Yareyes',701),
(2113,'Los Pinitos',701),
(2114,'El Palistal',701),
(2115,'La Peña',701),
(2116,'El Anon',701),
(2117,'Clavellina',701),
(2118,'El Campeche',701),
(2119,'El Pon',701),
(2120,'Hato Viejo',701),
(2121,'La Viajaca',701),
(2122,'Charco Colorado',701),
(2123,'El Vallecito',701),
(2124,'El Canton',701),
(2125,'Los Boquerones',701),
(2126,'Sabana Mula',701),
(2127,'El Charco',701),
(2128,'Palma Sola',701),
(2129,'Sabana Del Pino',701),
(2130,'Sabana En Medio',701),
(2131,'La Majuana',701),
(2132,'El Naranjo',701),
(2133,'La Caya',701),
(2134,'Los Brito',701),
(2135,'Arroyo Seco',701),
(2136,'Las Canas',701),
(2137,'El Papayo',701),
(2138,'Blas',701),
(2139,'El Mamoncito',701),
(2140,'Rincon Grande',701),
(2141,'El Escarbadero',701),
(2142,'Maria Isabel',701),
(2143,'Los Memisos',701),
(2144,'Tabacal',701),
(2145,'La Cruz',701),
(2146,'Los Pinos',701),
(2147,'El Caobal',701),
(2148,'Centro Del Pueblo',701),
(2149,'El Peligro',701),
(2150,'Los Jobitos',701),
(2151,'San Andres',701),
(2152,'El Guayabo',701),
(2153,'El Mamoncito',701),
(2154,'Maria Isabel',701),
(2155,'Sabana Cruz',701),
(2156,'Guayabal',701),
(2157,'Pilon',701),
(2158,'Hato Viejo',701),
(2159,'Guaroa',701),
(2160,'Manyaya',701),
(2161,'Espinosa',701),
(2162,'Sabana Grande',701),
(2163,'El Fondo De Sabana Cruz',701),
(2164,'Los Cercadillos',701),
(2165,'Higuero',701),
(2166,'La Recta',701),
(2167,'Roncador',702),
(2168,'El Hueso',702),
(2169,'El Duan',702),
(2170,'Lucazada',702),
(2171,'Prudencio',702),
(2172,'Sabana Larga',702),
(2173,'La Rosa',702),
(2174,'Escondidito',702),
(2175,'Angostura',702),
(2176,'Monte Grande',702),
(2177,'Los Jobazos',702),
(2178,'Junquito',702),
(2179,'Los Corbanos',702),
(2180,'Piedra Hincada',702),
(2181,'Los Cocuyos',702),
(2182,'Hato Viejo',702),
(2183,'El Candelon',702),
(2184,'Cañada Grande',702),
(2185,'El Batey',702),
(2186,'Ojo De Agua',702),
(2187,'La Mina',702),
(2188,'Potroso',702),
(2189,'La Mina Arriba',702),
(2190,'Tierra Honda',702),
(2191,'La Cotorra',702),
(2192,'Potro Blanco',702),
(2193,'La Hortensia O Rabo Duro',702),
(2194,'Aduana',702),
(2195,'Cristo Salvador',702),
(2196,'Centro Del Pueblo',702),
(2197,'La Virgen',702),
(2198,'Galindo',702),
(2199,'Ana Patria Martinez',702),
(2200,'Invi-Villa Progreso O El Play',702),
(2201,'Lavador',702),
(2202,'Sabana Campo',702),
(2203,'Los Rinconcitos',702),
(2204,'Sabana Yegua',702),
(2205,'Lambedero',702),
(2206,'La Margarita',702),
(2207,'Pozo Hondo',702),
(2208,'Puello',702),
(2209,'Corral De Marcos',702),
(2210,'El Carril',702),
(2211,'Afortunada',702),
(2212,'Hato Nuevo',702),
(2213,'Cruce De Malena',702),
(2214,'La Jagua',702),
(2215,'Cruce De Mundito',702),
(2216,'Juan Felipe',702),
(2217,'Caobal',702),
(2218,'Los Jengibres Arriba',702),
(2219,'Los Callejones',702),
(2220,'Las Dos Bocas',702),
(2221,'El Hoyo',702),
(2222,'El Morro',702),
(2223,'Macasia',702),
(2224,'Carrera Verde',702),
(2225,'Las Patillas',702),
(2226,'El Carrizal',702),
(2227,'Carrera De Sierra',702),
(2228,'La Ceiba',702),
(2229,'La Cabra - El Cerro',702),
(2230,'Los Corocitos',702),
(2231,'El Pino',702),
(2232,'La Barranca',702),
(2233,'Guazumal',702),
(2234,'Mata Bonita',702),
(2235,'La Cuna',702),
(2236,'Rancho Del Negro',702),
(2237,'Pinzon',702),
(2238,'La Lomita',702),
(2239,'El Salto',702),
(2240,'Sabaneta',702),
(2241,'El Barrero',702),
(2242,'La Estrelleta',702),
(2243,'Guayabo',702),
(2244,'Palermo',702),
(2245,'Meseta Del Pino',702),
(2246,'Guazumal Arriba',702),
(2247,'Guazumal Abajo',702),
(2248,'Palo Grande',702),
(2249,'Sobacon',702),
(2250,'Sobacon Abajo',702),
(2251,'Sobacon Arriba',702),
(2252,'Isidro Martinez',702),
(2253,'La Lajita De Antonio Moreta',702),
(2254,'El Cedro',702),
(2255,'Guardia Vieja',702),
(2256,'La Meseta Abajo',702),
(2257,'La Meseta Arriba',702),
(2258,'La Meseta',702),
(2259,'La Tinaja O Tinajita',702),
(2260,'El Llano',703),
(2261,'Media Luna',703),
(2262,'Palo Seco',703),
(2263,'El Fundo',703),
(2264,'Palo Grande',703),
(2265,'Guazumal - El Chivo',703),
(2266,'Piedra Hincada',703),
(2267,'Reboso - Ponton De El Llano',703),
(2268,'Palma Cana',703),
(2269,'El Mamoncito',703),
(2270,'Guanito',703),
(2271,'Venancio',703),
(2272,'Los Arroyos',703),
(2273,'La Lajita',703),
(2274,'Guanito',703),
(2275,'Rosa De La Piedra',703),
(2276,'Los Pinalitos',703),
(2277,'El Valle',703),
(2278,'Plan Cafe',703),
(2279,'Las Lagunas',703),
(2280,'El Aguacate',703),
(2281,'El Hoyo',703),
(2282,'Juan Cano',703),
(2283,'Blanco O Blam',703),
(2284,'Bruno',703),
(2285,'Cobo',703),
(2286,'Sabaneta',703),
(2287,'Matadero',703),
(2288,'La Lista',703),
(2289,'Yayal',703),
(2290,'La Nunuta',703),
(2291,'Cerro Mico',703),
(2292,'Media Luna',703),
(2293,'Los Mojaos',704),
(2294,'La Colonia',704),
(2295,'Centro Del Pueblo',704),
(2296,'Guachupita',704),
(2297,'El Cruce',704),
(2298,'Cañada De Miguel',704),
(2299,'El Hoyazo',704),
(2300,'Yerba Buena',704),
(2301,'Los Palos De Burro',704),
(2302,'Barrero',704),
(2303,'Piedra Blanca O Sobacon',704),
(2304,'Las 204',704),
(2305,'Junquito',704),
(2306,'Palo Prieto',704),
(2307,'Guardia Del Cafe',704),
(2308,'Aniceto Martinez',704),
(2309,'Los Callejones',704),
(2310,'El Beyugal',704),
(2311,'Las Cañitas',704),
(2312,'La Rosa',704),
(2313,'Palo Blanco',704),
(2314,'Calimete',704),
(2315,'La Bestia',704),
(2316,'Los Pajaritos',704),
(2317,'Boca Del Botado',704),
(2318,'Los Chicharrones',704),
(2319,'La Fruta',704),
(2320,'El Cedro',704),
(2321,'Los Jaquelles',704),
(2322,'Los Rincones',704),
(2323,'Los Botados De La Caña',704),
(2324,'Los Botados De Victoria',704),
(2325,'Los Botados',704),
(2326,'Los Naranjos',704),
(2327,'Lagunita',704),
(2328,'Escondido',704),
(2329,'El Pino',704),
(2330,'La Siembra',704),
(2331,'Los Magueyes',704),
(2332,'Agua Del Higo',704),
(2333,'Tasajera',704),
(2334,'Los Guayabos',704),
(2335,'Loma De Febrillet',704),
(2336,'La Fuente',704),
(2337,'Los Botados De La Reserva',704),
(2338,'Rancho De Pedro',704),
(2339,'La Vuelta Del Chivo',704),
(2340,'Rancho De La Guardia',704),
(2341,'Los Guineos',704),
(2342,'Los Ranchitos',704),
(2343,'Plan Cafe O El Caliche',704),
(2344,'Primer Rancho Arriba',704),
(2345,'Las Lagunas',704),
(2346,'La Sahonada',704),
(2347,'El Puerton',704),
(2348,'Los Marranitos',704),
(2349,'La Sahonada Arriba',704),
(2350,'Guayabal',704),
(2351,'El Pedregal',704),
(2352,'La Fuente Arriba',704),
(2353,'Pinal Redondo',704),
(2354,'Manaclar',704),
(2355,'Los Naranjos',704),
(2356,'El Pozo',704),
(2357,'Gajo Del Gacho',704),
(2358,'Los Conucos',705),
(2359,'Santiaguito',705),
(2360,'Las Mesas',705),
(2361,'Los Caños',705),
(2362,'Monte Mayor O Cerro Mico',705),
(2363,'Juan Santiago',705),
(2364,'Guardia Del Cafe',705),
(2365,'Majagualito',705),
(2366,'Cañada De Cilantro',705),
(2367,'Las Canas',705),
(2368,'Sabana De Jengibre',705),
(2369,'El Guayacil',705),
(2370,'Sabana De Chen',705),
(2371,'Los Palmaritos',705),
(2372,'Naranjo Dulce',705),
(2373,'Cañada Del Barrero',705),
(2374,'Sabana Cuna',705),
(2375,'Sabana Calvario',705),
(2376,'Joco Viejo',705),
(2377,'Sonador O Juan De La Cruz',705),
(2378,'La Tinaja',705),
(2379,'La Bucara',705),
(2380,'Sabana De La Loma',705),
(2381,'Juan Garcia',705),
(2382,'Cabeza De Toro',705),
(2383,'Madre Vieja',705),
(2384,'Cañada Bejuco',705),
(2385,'Domingo',705),
(2386,'Sabana Larga',705),
(2387,'Los Pilones',705),
(2388,'Majagual',705),
(2389,'Asiento Miguel',705),
(2390,'Militar',706),
(2391,'Azul',706),
(2392,'Centro De La Ciudad',706),
(2393,'Nuevo',706),
(2394,'La E',706),
(2395,'Los Patios',706),
(2396,'Jose Francisco Peña Gomez',706),
(2397,'La Descubierta',706),
(2398,'Las Palmas',706),
(2399,'Los Cajuilitos',706),
(2400,'Los Cercadillos',706),
(2401,'Damajagua',706),
(2402,'Los Chicharrones',706),
(2403,'El Corbano',706),
(2404,'Cerro San Francisco',706),
(2405,'El Hoyo',706),
(2406,'Los Gritos',706),
(2407,'La Yamayas',706),
(2408,'Guayuyal',706),
(2409,'Valentin Las Yayas',706),
(2410,'Bartolo',706),
(2411,'El Barrero',706),
(2412,'Pesquero',706),
(2413,'La Racimera',706),
(2414,'Guayajayuco',706),
(2415,'Rosso',706),
(2416,'Carata',706),
(2417,'La Zurza',706),
(2418,'Los Amaceyes',706),
(2419,'Rancho Higuero',706),
(2420,'Sombrero',706),
(2421,'Hoyo Prieto',706),
(2422,'Los Cedros',706),
(2423,'Los Dajaos',706),
(2424,'Pulio',706),
(2425,'Nicolas O Joca',706),
(2426,'Los Tocones',706),
(2427,'Arroyo Grande',706),
(2428,'El Morro',706),
(2429,'La Cueva',706),
(2430,'El Tocino De Joca',706),
(2431,'El Pomito',706),
(2432,'Las Canas - El Estrecho',706),
(2433,'Rio Limpio',706),
(2434,'Rio Bonito',706),
(2435,'Piedra Blanca',706),
(2436,'La Guazara',706),
(2437,'Los Pinitos',706),
(2438,'Ravinzal',706),
(2439,'Los Guandules',706),
(2440,'La Palma',706),
(2441,'La Tayota',706),
(2442,'Rancho Tomas',706),
(2443,'Rancho Valdez',706),
(2444,'La Llanadita',706),
(2445,'Patricio',706),
(2446,'La Tayota',706),
(2447,'La Guama',706),
(2448,'Francisco Jose',706),
(2449,'La Nasa',706),
(2450,'La Sierrecita',706),
(2451,'El Cayuco',706),
(2452,'La Cidra - La Ginita',706),
(2453,'Cañada De Piedra',706),
(2454,'El Hoyo Sanjuanero',706),
(2455,'Cañada Negra',706),
(2456,'Billiguin',706),
(2457,'Pachutico',706),
(2458,'La Horqueta',706),
(2459,'Rincon',706),
(2460,'La Siembrita',706),
(2461,'Los Corocitos',706),
(2462,'La Peña',706),
(2463,'Caramana',706),
(2464,'Majagualito',706),
(2465,'Botoncillos',706),
(2466,'El Jengibre',706),
(2467,'La Atravesada',706),
(2468,'El Rincon',801),
(2469,'Los Cajuiles',801),
(2470,'Villa Nene',801),
(2471,'Los Hoyitos',801),
(2472,'Buenos Aires',801),
(2473,'El Retiro',801),
(2474,'Centro Del Pueblo',801),
(2475,'Ginandiana',801),
(2476,'El Matadero',801),
(2477,'Villa Guerrero',801),
(2478,'Loma De Los Chivos',801),
(2479,'Ensanche Palo Hincado O Blanco',801),
(2480,'Cañada Francisca',801),
(2481,'El Llano',801),
(2482,'Buenas Noches',801),
(2483,'Guayuyo',801),
(2484,'Cañada De Cacao',801),
(2485,'Yaguaque',801),
(2486,'Sabana De Arroyo Grande',801),
(2487,'Sal Si Puedes',801),
(2488,'Los Negros Viejos',801),
(2489,'Hoyo Frio',801),
(2490,'Santo Espiritu',801),
(2491,'Dos Bocas',801),
(2492,'Los Prietos',801),
(2493,'Arroyon',801),
(2494,'Cañada Te Hundes',801),
(2495,'Colon Salvaleon',801),
(2496,'Dominica',801),
(2497,'Hozaro',801),
(2498,'Los Platanitos',801),
(2499,'Batey Bejucal',801),
(2500,'Batey Arroyo Lucas',801),
(2501,'Los Novillos',801),
(2502,'Arroyo Lucas Campo',801),
(2503,'La Guarapa',801),
(2504,'Barragueybano',801),
(2505,'Batey Solano',801),
(2506,'Batey La Gina',801),
(2507,'Batey Juan Gil',801),
(2508,'Batey Bella Cruz',801),
(2509,'Batey Guayacanes',801),
(2510,'Batey Albizu',801),
(2511,'Sabana De Campiña',801),
(2512,'Batey Plumita',801),
(2513,'Batey Marchena',801),
(2514,'Batey Altagracia',801),
(2515,'Batey Los Martinez',801),
(2516,'Batey El Higo',801),
(2517,'Batey Guazabal',801),
(2518,'Batey Lechuga',801),
(2519,'Batey Monte Adentro',801),
(2520,'Batey Copey',801),
(2521,'Batey Higueyana',801),
(2522,'Batey Bermejo',801),
(2523,'Batey El 28',801),
(2524,'Batey Tentacion 27',801),
(2525,'Batey El 29',801),
(2526,'Batey Español',801),
(2527,'Batey El 30',801),
(2528,'Batey Agua Blanca',801),
(2529,'Arroyo Hondo',801),
(2530,'El Grumo',801),
(2531,'La Zanja',801),
(2532,'El Copey',801),
(2533,'Reparadero',801),
(2534,'Los Verracos',801),
(2535,'Los Corazones',801),
(2536,'Los Jengibres',801),
(2537,'Los Sopaipos',801),
(2538,'Cerro Naranjo',801),
(2539,'Batey Kilometro 2',801),
(2540,'Palo Hincado',801),
(2541,'La Tala',801),
(2542,'San Pablo',801),
(2543,'Cerro Guamo',801),
(2544,'Candelaria',801),
(2545,'Cañada De Jengibre',801),
(2546,'El Cabao',801),
(2547,'La Maravilla',801),
(2548,'Piedra Blanca 1',801),
(2549,'Arroyo Tabaco',801),
(2550,'Los Dieguillos',801),
(2551,'Trepada De Jabilla',801),
(2552,'Janabo',801),
(2553,'El Coamo',801),
(2554,'El Limoncillar',801),
(2555,'El Lial',801),
(2556,'Piedra Mala',801),
(2557,'Arroyo Higuero',801),
(2558,'El Majagual',801),
(2559,'Janabito',801),
(2560,'Soco Arriba',801),
(2561,'Mata Guineo',801),
(2562,'Porto',801),
(2563,'Alto Del Jobo (Ant. Las Cuchillas)',801),
(2564,'Dos Bocas',801),
(2565,'Los Guzman',801),
(2566,'La Cabirma',801),
(2567,'La Parcela',801),
(2568,'Cañada Honda',801),
(2569,'Cesteadoro',801),
(2570,'Los Mameyes',801),
(2571,'Jobo Claro',801),
(2572,'Sabaneta',801),
(2573,'Los Rodriguez',801),
(2574,'El Palmar',801),
(2575,'Caciquillo',801),
(2576,'Cañada De La Vaca',801),
(2577,'La Meseta',801),
(2578,'Jobo Dulce',801),
(2579,'Cuchillita',801),
(2580,'Rincon Chavon',801),
(2581,'Sabana Del Cuey',801),
(2582,'Los Vargas',801),
(2583,'La Viuda',801),
(2584,'El Prieto O Los Prietos',801),
(2585,'Cal De Piedra',801),
(2586,'Rio Piedras',801),
(2587,'Sabana Grande',801),
(2588,'Higua',801),
(2589,'Alto Del Jobo Dulce O Yabana',801),
(2590,'Cabirmal',801),
(2591,'Sabana Rodeo',801),
(2592,'Ceibita (La Cuevita)',801),
(2593,'Mal Pecao',801),
(2594,'Chavoncito',801),
(2595,'Los Carlos',801),
(2596,'Peña Blanca Afuera',801),
(2597,'Peña Blanca Adentro',801),
(2598,'Agua Clara',801),
(2599,'Magarin Abajo',801),
(2600,'Mancorneta',801),
(2601,'Bejucal',801),
(2602,'Jobo Dulce Adentro',801),
(2603,'Jobo Dulce Afuera',801),
(2604,'Saguatico',801),
(2605,'Las Agustinas',801),
(2606,'Quaiquia',801),
(2607,'Las Uvas',801),
(2608,'Mata Del Toro',801),
(2609,'La Bija',801),
(2610,'Batey Castillo',801),
(2611,'Arroyo Blanco',801),
(2612,'Batey Carlos Torres',801),
(2613,'Cañada Del Agua',801),
(2614,'Batey Paraiso Dos',801),
(2615,'Batey Haiti',801),
(2616,'Batey Los Blocks De Haiti',801),
(2617,'Campo Alegre',801),
(2618,'Batey Bella Vista',801),
(2619,'Las Yayas',801),
(2620,'Casabe',801),
(2621,'Guacaya',801),
(2622,'Batey Los Riseles O Rieles',801),
(2623,'Batey El Guaral',801),
(2624,'San Miguel',801),
(2625,'Batey Polonio',801),
(2626,'Aleman',801),
(2627,'Gorreta',801),
(2628,'Piedra Grande',801),
(2629,'Solanito',801),
(2630,'La Guazuma',801),
(2631,'El Caimito',801),
(2632,'Sanabia',801),
(2633,'Mata De Palma',801),
(2634,'Anama',801),
(2635,'Matencio',801),
(2636,'Rincon De Mesa',801),
(2637,'Las Palmillas',801),
(2638,'El Prado',801),
(2639,'Las Matas',801),
(2640,'El Cerrito',801),
(2641,'Las Dos Bocas',801),
(2642,'Las Tunas',801),
(2643,'Lagunita',801),
(2644,'Kilometro 7',801),
(2645,'La Mayita',801),
(2646,'Batey Guayquia',801),
(2647,'Loma De Pinto',801),
(2648,'San Lorenzo',801),
(2649,'Loma Tabaco',801),
(2650,'Cibahuete',801),
(2651,'San Miguel',801),
(2652,'Las Lajas',801),
(2653,'Los Chivos',801),
(2654,'La Jaquima',801),
(2655,'Los Pajones',801),
(2656,'Pedro Sanchez O Centro Del Pueblo',801),
(2657,'Campo De Tiro',801),
(2658,'Pavin',801),
(2659,'Julio Guillamo',801),
(2660,'Los Botados',801),
(2661,'Guazumilla',801),
(2662,'Buenos Aires',801),
(2663,'Los Bejucos',801),
(2664,'Los Cafes',801),
(2665,'La Piedra',801),
(2666,'Caciquillo',801),
(2667,'Piedra Blanca',801),
(2668,'Los Altos Grandes',801),
(2669,'La Jina',801),
(2670,'Los Corsos',801),
(2671,'Higo Barbe',801),
(2672,'Sabana De Pedro Sanchez',801),
(2673,'La Ceibita',801),
(2674,'Los Rincones',801),
(2675,'Isabelita',801),
(2676,'Cienagatuamo',801),
(2677,'Ceiba Del Agua (Cañada Honda)',801),
(2678,'La Troncha',801),
(2679,'Kilometro 2',801),
(2680,'Kilometro 8',801),
(2681,'Cocuyo',801),
(2682,'El Grumo',801),
(2683,'Hato Santiago',801),
(2684,'Las 13',801),
(2685,'Lomas De Limon',801),
(2686,'Florencio',801),
(2687,'Magua O Majagua',801),
(2688,'Kilometro 9',801),
(2689,'Kilometro 14',801),
(2690,'La Puerta Blanca',801),
(2691,'Gimio El Buey',801),
(2692,'Cabirma Clara',801),
(2693,'Arroyo Piedra',801),
(2694,'Hoyo De La Cigua',801),
(2695,'El Batey Isabelita',801),
(2696,'Loma La Herradura',801),
(2697,'Los Platanos',801),
(2698,'Kilometro 3',801),
(2699,'Kilometro 1',801),
(2700,'Vicentillo',801),
(2701,'La Pocilga',801),
(2702,'Palma El Gallo',801),
(2703,'Palo Seco',801),
(2704,'Los Ranchitos',801),
(2705,'Limoncillo',801),
(2706,'Los Mampurrios',801),
(2707,'Los Brazos',801),
(2708,'Tedeche',801),
(2709,'Arroyon',801),
(2710,'La Culebra',801),
(2711,'Camaron',801),
(2712,'Rompe Trapo',801),
(2713,'Cascajito',801),
(2714,'El 16',801),
(2715,'Yabon',801),
(2716,'El Cercado',801),
(2717,'La Loreta',801),
(2718,'Rancho 2',801),
(2719,'Rancho O Rancho 1',801),
(2720,'Las Tunas',801),
(2721,'Rancho Chiquito',801),
(2722,'Garantia',801),
(2723,'Doña Ana O Cueva De Doña Ana',801),
(2724,'El Corozal',801),
(2725,'El Peñon',801),
(2726,'Mala Muerte',801),
(2727,'El Jobo',801),
(2728,'La Guajaba',801),
(2729,'Los Macos',801),
(2730,'Cañada Mala',801),
(2731,'Bibiana',801),
(2732,'La Culebra',801),
(2733,'El Perico',801),
(2734,'Loma Arenita',801),
(2735,'Paso Cibao',801),
(2736,'Centro Del Pueblo  (La Higuera)',801),
(2737,'Buenos Aires',801),
(2738,'La Ceniza',801),
(2739,'Vietnam',801),
(2740,'La Cuadra',801),
(2741,'Rincon Bellaco',801),
(2742,'El Pintado',801),
(2743,'Kilometro 8',801),
(2744,'Los Marmolejos',801),
(2745,'Los Pelao',801),
(2746,'El Salao O El Salado',801),
(2747,'El 90',801),
(2748,'El 91 O Batey La Gina',801),
(2749,'El 50',801),
(2750,'El 35',801),
(2751,'Alto De Peguero',801),
(2752,'Santa Rita',801),
(2753,'Los Aguacaticos',801),
(2754,'Las Papitas',801),
(2755,'Los Maguelles',801),
(2756,'Kilometro 10',801),
(2757,'La Higuera',801),
(2758,'Kilometro 6',801),
(2759,'Yabana',801),
(2760,'Morales',801),
(2761,'Higuera Abajo',801),
(2762,'Santa Lucia',801),
(2763,'Batey Victoria',801),
(2764,'Kilometro 12',801),
(2765,'Batey Cascajito',801),
(2766,'Batey Alcides',801),
(2767,'Batey Brador 104',801),
(2768,'Batey 105',801),
(2769,'Batey 106',801),
(2770,'Batey La Florida',801),
(2771,'Batey 107',801),
(2772,'Batey La Cerca',801),
(2773,'Sabaneta',801),
(2774,'Chavon (Batey Cabo Haitiano)',801),
(2775,'Batey 108',801),
(2776,'Cañada Barrosa',801),
(2777,'El Algarrobal',801),
(2778,'La Palma',801),
(2779,'Kilometro 5',801),
(2780,'Batey Callao',801),
(2781,'Cruce De Pavon',801),
(2782,'Miramar',802),
(2783,'Los Mameyes',802),
(2784,'Pueblo Abajo',802),
(2785,'Cementerio',802),
(2786,'La Jabilla',802),
(2787,'Borinquen',802),
(2788,'Pueblo Nuevo',802),
(2789,'Centro Del Pueblo',802),
(2790,'Pueblo Arriba',802),
(2791,'Los Franceses',802),
(2792,'Miches O Higuey',802),
(2793,'La Boca',802),
(2794,'El Matadero',802),
(2795,'El Hospital',802),
(2796,'Asfalto',802),
(2797,'Kilometro 1',802),
(2798,'Kilometro 7',802),
(2799,'Los Mameyes',802),
(2800,'Kilometro 10',802),
(2801,'Kilometro 8',802),
(2802,'Las Tres Palmas',802),
(2803,'Arroyo Santiago',802),
(2804,'Los Franceses',802),
(2805,'Monte Claro',802),
(2806,'El Jobo',802),
(2807,'Kilometro 6',802),
(2808,'Kilometros 11, 12 Y 13',802),
(2809,'El Morro',802),
(2810,'Las Cuchillas',802),
(2811,'Kilometro 14',802),
(2812,'Kilometro 2',802),
(2813,'Kilometro 3',802),
(2814,'Kilometro 4',802),
(2815,'21 De Enero',802),
(2816,'Cuaron',802),
(2817,'Mono Mojao',802),
(2818,'Rabo De Chivo',802),
(2819,'Cuchareta',802),
(2820,'Guaco',802),
(2821,'Los Guineos',802),
(2822,'Las Lisas',802),
(2823,'Sabana De Nisibon',802),
(2824,'La Llovedera',802),
(2825,'El Loro',802),
(2826,'El Perro',802),
(2827,'El Hato',802),
(2828,'Rio Arriba',802),
(2829,'Las Cabirmas',802),
(2830,'Los Dos Rios',802),
(2831,'Los Guayacanes',802),
(2832,'El Colorao',802),
(2833,'La Mina',802),
(2834,'Los Hicacos Blancos',802),
(2835,'Los Urabos',802),
(2836,'El Guaraguao',802),
(2837,'El Oro',802),
(2838,'Cuaron',802),
(2839,'El Jovero',802),
(2840,'Altamira',802),
(2841,'Los Cuatro Caminos',802),
(2842,'Centro De Pueblo O La Gina',802),
(2843,'Juan Pablo Duarte O La Jagua',802),
(2844,'Pueblo Nuevo',802),
(2845,'Proyecto Arrocero',802),
(2846,'La Culebra',802),
(2847,'Arroyo Rico',802),
(2848,'26 De Enero',802),
(2849,'Jayan',802),
(2850,'La Mireya',802),
(2851,'La Gina',802),
(2852,'Urbanizacion Alba',901),
(2853,'Centro Del Pueblo',901),
(2854,'Guanabano',901),
(2855,'Bolo O Urbanizacion Sanchez',901),
(2856,'Los Rojas',901),
(2857,'Hato Viejo',901),
(2858,'La Guama (Guanabano)',901),
(2859,'La Vereda',901),
(2860,'El Carril',901),
(2861,'Nibaje',901),
(2862,'Los Rincones',901),
(2863,'Calle Del Rio',901),
(2864,'Los Rojas',901),
(2865,'La Penda',901),
(2866,'Vuelta Larga',901),
(2867,'Los Barrancones',901),
(2868,'Los Hicacos',901),
(2869,'Hato Viejo (Azucey)',901),
(2870,'Sabana De Los Alba',901),
(2871,'Los Jazmines',901),
(2872,'Los Palmaritos',902),
(2873,'El Anon Abajo',902),
(2874,'Arenoso',902),
(2875,'Angostura',902),
(2876,'El Manguito',902),
(2877,'Arroyo Grande',902),
(2878,'Boca De Partido',902),
(2879,'Ojo De Agua',902),
(2880,'El Peñon',902),
(2881,'Mata Puerco',902),
(2882,'Arroyo Seco',902),
(2883,'Hoyo Hondo',902),
(2884,'Paso De La Palma',902),
(2885,'La Gina',902),
(2886,'Joba Arriba',902),
(2887,'Maria Auxiliadora',902),
(2888,'Emilio Garcia',902),
(2889,'Espiritu Santo',902),
(2890,'La Piragua',902),
(2891,'Arroyo Blanco',902),
(2892,'El Guaranal',902),
(2893,'El Higuero',902),
(2894,'Los Limones',902),
(2895,'Higuero Abajo',902),
(2896,'La Sabana',902),
(2897,'La Vereda',902),
(2898,'Jagua Clara',902),
(2899,'Los Ramones',902),
(2900,'La Sabaneta',902),
(2901,'El Sisal',902),
(2902,'El Majagual',902),
(2903,'El Paradero',902),
(2904,'La Cueva',902),
(2905,'La Ceiba',902),
(2906,'Gajo Malo',902),
(2907,'La Piragua Al Medio',902),
(2908,'Los Alcarrizos (Sabaneta)',902),
(2909,'La Lomota',902),
(2910,'Caliente',902),
(2911,'La Piragua',902),
(2912,'Los Hoyos',902),
(2913,'La Filipina',902),
(2914,'El Guaranal O Alto De La Piragua',902),
(2915,'Veragua',902),
(2916,'Villa Progreso',902),
(2917,'Batey Ginebra',902),
(2918,'Las Marias',902),
(2919,'Calolin',902),
(2920,'Rincon De Veragua O Rincon',902),
(2921,'Boca De Yasica',902),
(2922,'La Lometa',902),
(2923,'La Piña',902),
(2924,'La Cuchara',902),
(2925,'Veragua Arriba',902),
(2926,'Caño Dulce',902),
(2927,'La Hebra',902),
(2928,'La Canas',902),
(2929,'Cruz De Gen',902),
(2930,'Alto Grande',902),
(2931,'Los Guaos',902),
(2932,'Cruz De Gen (Saltadero)',902),
(2933,'La Yagua',902),
(2934,'Las Amapolas',902),
(2935,'Vereda Al Medio',902),
(2936,'Los Firmes O Loma Titises',902),
(2937,'El Oro',902),
(2938,'El Mango',902),
(2939,'La Hicotea',902),
(2940,'Arroyo Prieto',902),
(2941,'La Cienaga',902),
(2942,'La Cantera',902),
(2943,'El Limon',902),
(2944,'Los Puyones',902),
(2945,'El Tablon',902),
(2946,'Las Tres Ceibas',902),
(2947,'Los Pinos',902),
(2948,'El Gajo',902),
(2949,'Churumbunes',902),
(2950,'El Bachateo',902),
(2951,'La Sufridera',902),
(2952,'Magante',902),
(2953,'Gancho Al Medio',902),
(2954,'Palmarito',902),
(2955,'Tierra Blanca',902),
(2956,'El Anon Arriba',902),
(2957,'Centro Del Pueblo',902),
(2958,'La Hoya',902),
(2959,'Altos De Gaspar Hernandez',902),
(2960,'El Correo',902),
(2961,'Candoy',902),
(2962,'Campo Verde',902),
(2963,'El Semillero',902),
(2964,'Loma De Yerba',902),
(2965,'Los Franceses',902),
(2966,'Naranjo Dulce Arriba',902),
(2967,'La Ermita',902),
(2968,'Las Auyamas',902),
(2969,'Hoya Grande',902),
(2970,'Palo Colorado',902),
(2971,'La Batata',902),
(2972,'Los Algarrobos',902),
(2973,'Bejuco Blanco',902),
(2974,'Mata De  Guanabano',902),
(2975,'El Catey',902),
(2976,'Rio Piedra',902),
(2977,'La Cabuya',902),
(2978,'La Cigua',902),
(2979,'Punta Gorda',902),
(2980,'Las Caobas',902),
(2981,'Boca De Henequen',902),
(2982,'Loma Al Medio',902),
(2983,'Boca De Joba',902),
(2984,'La Jaguita',902),
(2985,'Loma De Yerba',902),
(2986,'El Jobo',902),
(2987,'El Caiman',902),
(2988,'Centro Del Pueblo',903),
(2989,'Arroyo Del Agua',903),
(2990,'Rincon Caliente',903),
(2991,'La Laguna',903),
(2992,'Boca De Jamao',903),
(2993,'Arroyo Del Gato',903),
(2994,'La Piedra',903),
(2995,'Los Moluses O Los Meluses',903),
(2996,'Marinero',903),
(2997,'El Ramonal',903),
(2998,'La Jagua',903),
(2999,'Las Espinas',903),
(3000,'Los Brazos',903),
(3001,'Los Peña',903),
(3002,'La Mina',903),
(3003,'La Filipina',903),
(3004,'Hojas Anchas',903),
(3005,'El Pajon',903),
(3006,'Las Manaclas',903),
(3007,'Los Manantiales',903),
(3008,'Los Peñones',903),
(3009,'Las Caobas',903),
(3010,'Arroyo Del Agua',903),
(3011,'Palo Roto',903),
(3012,'La Canela',903),
(3013,'Palo Blanco',903),
(3014,'Caimoni',903),
(3015,'La Cana',903),
(3016,'Villa Iv-N Guzman (El Saladillo)',903),
(3017,'Arroyo Frio',903),
(3018,'Los Saladillos',903),
(3019,'La Vereda',903),
(3020,'Los Charamicos',903),
(3021,'Nuevo Puerto Rico',904),
(3022,'Jose Horacio Rodriguez',904),
(3023,'El Muerto Borracho Cervantes',904),
(3024,'Puerto Rico Viejo',904),
(3025,'Juan Lopito',904),
(3026,'Los Caceres',904),
(3027,'Militar',904),
(3028,'Centro De La Ciudad',904),
(3029,'Guachupita',904),
(3030,'Urbanizacion Estela',904),
(3031,'Sal Si Puedes',904),
(3032,'Guauci',904),
(3033,'Mejoramiento Social',904),
(3034,'Urbanizacion Del Este',904),
(3035,'Villa Elsa',904),
(3036,'La Piscina',904),
(3037,'Roque Dabas',904),
(3038,'Villa Olga',904),
(3039,'Mairosa',904),
(3040,'Residencial Moca  (Maco Tibio O Moca Toribio)',904),
(3041,'La Milagrosa',904),
(3042,'Las Flores',904),
(3043,'Don Bosco',904),
(3044,'Guauci Abajo',904),
(3045,'Residencial Calaf I',904),
(3046,'Los Panchos',904),
(3047,'Juan De Dios',904),
(3048,'La Joyita',904),
(3049,'Villa Carolina I',904),
(3050,'Villa Carolina Ii',904),
(3051,'El Corozo',904),
(3052,'Los Maestros',904),
(3053,'Euripides',904),
(3054,'Quija Quieta',904),
(3055,'El Caimito',904),
(3056,'Urbanizacion Yenny Maria I',904),
(3057,'Urbanizacion Yenny Maria Ii',904),
(3058,'Villa Estancia Nueva',904),
(3059,'Los Lopez',904),
(3060,'Miguel A. Michel',904),
(3061,'Residencial Alexandra',904),
(3062,'Milito',904),
(3063,'Villa Carolina Iii',904),
(3064,'Villa Carolina Iv',904),
(3065,'Nueva Suiza',904),
(3066,'Residencial Moronta',904),
(3067,'Los Cocos',904),
(3068,'Villa Caimito',904),
(3069,'Pueblo Arriba',904),
(3070,'La Estacion',904),
(3071,'Los Loros',904),
(3072,'El Bolsillo',904),
(3073,'Altos De Chavon',904),
(3074,'Manuel Rodriguez',904),
(3075,'Los Torres',904),
(3076,'Villa Delia',904),
(3077,'El Cementerio',904),
(3078,'San Jose',904),
(3079,'Cementerio Municipal De Moca',904),
(3080,'De Foro',904),
(3081,'Los Profesionales',904),
(3082,'Montreal',904),
(3083,'El Batuto',904),
(3084,'Los Octavios',904),
(3085,'Zafarraya',904),
(3086,'Los Cercados',904),
(3087,'La Chancleta',904),
(3088,'La Soledad',904),
(3089,'Cacique Soledad',904),
(3090,'La Rosa De Moca',904),
(3091,'El Picacho',904),
(3092,'Caimito',904),
(3093,'Santa Eduvigis',904),
(3094,'Quebrada De La Jagua De La Jagua O De La Yagua',904),
(3095,'Los Cadillos',904),
(3096,'El Algarrobo',904),
(3097,'La Penda',904),
(3098,'Los Hilario',904),
(3099,'El Corozo',904),
(3100,'Isleta',904),
(3101,'Llenas-Hinchas',904),
(3102,'San Francisco Arriba',904),
(3103,'Paso De Moca',904),
(3104,'La Ermita',904),
(3105,'Estancia Nueva Abajo',904),
(3106,'Barrancon',904),
(3107,'Quebrada Honda',904),
(3108,'San Luis',904),
(3109,'Los Jengibres',904),
(3110,'Los Jengibres Abajo',904),
(3111,'La Piragua',904),
(3112,'Rincon De Los Jimenez',904),
(3113,'Santa Rosa',904),
(3114,'La Playita',904),
(3115,'Los Bretones',904),
(3116,'La Furnia (Rincon De Los Jimenez)',904),
(3117,'Villa Trina',904),
(3118,'Camarones Arriba',904),
(3119,'Los Guayuyos',904),
(3120,'La Encantada',904),
(3121,'Los Laureles',904),
(3122,'Camarones Abajo',904),
(3123,'Palma Herrada',904),
(3124,'Las Golondrinas',904),
(3125,'El Limon',904),
(3126,'Los Bueyes',904),
(3127,'La Jaguita',904),
(3128,'Partido',904),
(3129,'Arroyo Blanco',904),
(3130,'Arroyo Blanco De Los Rincones',904),
(3131,'La Higuereta',904),
(3132,'Arroyo Bellaco',904),
(3133,'Los Cacaos',904),
(3134,'Los Tratraces',904),
(3135,'Arroyo Dichoso',904),
(3136,'La Yautia Arriba',904),
(3137,'La Yautia Abajo',904),
(3138,'Los Calderos',904),
(3139,'Cola De Pato',904),
(3140,'Rancho De Los Platanos',904),
(3141,'Los Rincones',904),
(3142,'San Victor',904),
(3143,'Centro Del Pueblo',904),
(3144,'Lambada',904),
(3145,'San Antonio',904),
(3146,'San Victor Abajo',904),
(3147,'Guayabillo',904),
(3148,'San Victor Arriba',904),
(3149,'Amapola',904),
(3150,'Cuero Duro',904),
(3151,'Madera',904),
(3152,'La Cangrejera',904),
(3153,'La Lomota',904),
(3154,'Colorao',904),
(3155,'Los Amaceyes Arriba',904),
(3156,'El Puente',904),
(3157,'Puesto Grande',904),
(3158,'El Limon',904),
(3159,'Alto De Los Pozos',904),
(3160,'Las Cabirmas',904),
(3161,'Los Veintiuno',904),
(3162,'La Cumbre',904),
(3163,'Moquita',904),
(3164,'Loma Picada',904),
(3165,'El Caimito',904),
(3166,'El Sitio',904),
(3167,'El Catey',904),
(3168,'La Cumbre 2',904),
(3169,'La Ceiba De Madera',904),
(3170,'Juan Lopez',904),
(3171,'Juan Lopez Abajo',904),
(3172,'Los Gonzalez',904),
(3173,'Guauci  Arriba',904),
(3174,'Los Turcos',904),
(3175,'Los Robles',904),
(3176,'Los Perez',904),
(3177,'Los Julines (Los Julianes)',904),
(3178,'Los Tejada',904),
(3179,'Juan Lopez Arriba',904),
(3180,'Los Cañafistol',904),
(3181,'Los Camacho',904),
(3182,'San Caralampio',904),
(3183,'El Salitre',904),
(3184,'Los Naranjos',904),
(3185,'Pozo De La Palma',904),
(3186,'La Barca',904),
(3187,'Las Lagunas',904),
(3188,'Lo Roto O La Playa',904),
(3189,'Los Ureña',904),
(3190,'La Penda',904),
(3191,'Las Cruces',904),
(3192,'Las Laguna Arriba',904),
(3193,'Las Laguna Abajo',904),
(3194,'La Cañada O La Lomita',904),
(3195,'El Cañafistol',904),
(3196,'Jababa Al Medio',904),
(3197,'El Aguacate Abajo',904),
(3198,'Cacique Arriba',904),
(3199,'Canta Rana',904),
(3200,'Aguacate Arriba',904),
(3201,'Catarey',904),
(3202,'Los Polancos',904),
(3203,'Altos De Serafina',904),
(3204,'Jababa Arriba',904),
(3205,'Boca Ferrea Abajo (Aguacate)',904),
(3206,'Boca Ferrea Arriba (Algarrobo)',904),
(3207,'El Rancho  Los Pomos O Rancho',904),
(3208,'Canca La Reyna',904),
(3209,'La Chicharra',904),
(3210,'Los Medina',904),
(3211,'Los Mendez',904),
(3212,'Canca Reparacion U Onesimo Polanco',904),
(3213,'San Francisco Abajo',904),
(3214,'El Pere',904),
(3215,'Los Santos',904),
(3216,'Villa Dura',904),
(3217,'Los Platanitos',904),
(3218,'El Puente',904),
(3219,'El Higuerito',904),
(3220,'La Sabana',904),
(3221,'Calle 8',904),
(3222,'Camboya',904),
(3223,'El Zoologico',904),
(3224,'El Higuerito Arriba',904),
(3225,'Tierra Dura',904),
(3226,'Managua Abajo',904),
(3227,'Las Guazumas',904),
(3228,'Reparadero',904),
(3229,'Reparadero Arriba',904),
(3230,'Los Beatos',904),
(3231,'Bonagua',904),
(3232,'Bonagua Arriba',904),
(3233,'Los Quezada',904),
(3234,'Las Palmitas',904),
(3235,'Monte De La Jagua',904),
(3236,'Monte De La Jagua Arriba',904),
(3237,'Los Maringuises',904),
(3238,'Juan Reyes',904),
(3239,'El Pico',904),
(3240,'Borojol',904),
(3241,'Los Bretones',904),
(3242,'Mata Larga',904),
(3243,'Los Vargas',904),
(3244,'La Colina',904),
(3245,'Los Duran',904),
(3246,'Los Tavarez',904),
(3247,'Los Mendez',904),
(3248,'Sarambamba',904),
(3249,'Monte De La Jagua Abajo',904),
(3250,'Los Pichardo',904),
(3251,'Los Perez',904),
(3252,'La Ortega',904),
(3253,'La Rivera Del Este',904),
(3254,'Ortega Afuera',904),
(3255,'El Azucey',904),
(3256,'La Rivera Del Oeste',904),
(3257,'La Rivera Del Norte',904),
(3258,'Los Guzman',904),
(3259,'Los Grullon',904),
(3260,'Centro Del Pueblo',1001),
(3261,'Los Maestros O Los Profesores',1001),
(3262,'El Sano',1001),
(3263,'Otra Banda',1001),
(3264,'El Liceo',1001),
(3265,'Vista Bella',1001),
(3266,'Catanga',1001),
(3267,'Capotillo',1001),
(3268,'Lindo O Quija Quieta',1001),
(3269,'Buenos Aires',1001),
(3270,'Callejon Sur',1001),
(3271,'La Colonia',1001),
(3272,'La Loma Arenita',1001),
(3273,'El Toro',1001),
(3274,'La Filipina',1001),
(3275,'Los Platanos',1001),
(3276,'Puerto Alto',1001),
(3277,'Rincon Fogon',1001),
(3278,'Valle Viejo',1001),
(3279,'Bella Vista O Loma Clara',1001),
(3280,'Alto De La Piedra',1001),
(3281,'Loma De La Yegua',1001),
(3282,'Rio Chiquito',1001),
(3283,'Loma Caballo',1001),
(3284,'Pedro Pablo',1001),
(3285,'Hoyo Oscuro',1001),
(3286,'Guachiman',1001),
(3287,'Tuningo',1001),
(3288,'El Cabao',1001),
(3289,'La Moledora',1001),
(3290,'Buenos Aires',1001),
(3291,'El Brinco',1001),
(3292,'La Trocha De Laguna Clara',1001),
(3293,'Kilometro 20',1001),
(3294,'Colonia San Rafael',1001),
(3295,'Kilometro 23',1001),
(3296,'Las Piñitas',1001),
(3297,'Jaguera',1001),
(3298,'Puerto Rico',1002),
(3299,'Punta Garza',1002),
(3300,'Los Charleses',1002),
(3301,'Gualey',1002),
(3302,'Villa Canto',1002),
(3303,'Lindo',1002),
(3304,'Ondina',1002),
(3305,'Los Multi',1002),
(3306,'Media China',1002),
(3307,'Los Cocos',1002),
(3308,'La China O Villa Navarro',1002),
(3309,'Las Malvinas',1002),
(3310,'La Franja',1002),
(3311,'La Plata',1002),
(3312,'El Rondon',1002),
(3313,'Genao',1002),
(3314,'Nuevo',1002),
(3315,'Vilorio',1002),
(3316,'Yabano',1002),
(3317,'La Sierra',1002),
(3318,'Rincon Bellaco',1002),
(3319,'Capote',1002),
(3320,'Almirante',1002),
(3321,'La Jina',1002),
(3322,'Hoyoncito',1002),
(3323,'Batey Rodeo',1002),
(3324,'Batey Hoyon',1002),
(3325,'Proyecto Uno',1002),
(3326,'Batey Doña Ana',1002),
(3327,'Batey Tabila',1002),
(3328,'Las Taranas',1002),
(3329,'Batey Altagracia',1002),
(3330,'Batey Lajas',1002),
(3331,'Batey Excavacion',1002),
(3332,'El Higuito',1002),
(3333,'Las Pajas',1002),
(3334,'Batey Tabacones',1002),
(3335,'Batey Don Lopez',1002),
(3336,'El Pinto',1002),
(3337,'Las Cuchillas',1002),
(3338,'El Salto',1002),
(3339,'El Blanco',1002),
(3340,'Palma Espino',1002),
(3341,'Batey Anita',1002),
(3342,'Libonao',1002),
(3343,'Los Cocos',1002),
(3344,'La Lima',1002),
(3345,'Mata Hambre',1002),
(3346,'Guazumita',1002),
(3347,'Batey Isabel',1002),
(3348,'Rancho Cosme',1002),
(3349,'Las Zonas (Mejia)',1002),
(3350,'Los Corrales',1002),
(3351,'Rincon Dulce',1002),
(3352,'Las Cañas',1002),
(3353,'Mata Cabrito',1002),
(3354,'Cambalache',1002),
(3355,'Dos Rios',1002),
(3356,'Capote Arriba',1002),
(3357,'Yaya Clara',1002),
(3358,'Lomita Sucia',1002),
(3359,'La Peña',1002),
(3360,'El Cercadito',1002),
(3361,'Doña Ana Afuera',1002),
(3362,'Doña Ana Adentro',1002),
(3363,'Guanichita O Guamirita',1002),
(3364,'La Soria (Kilometro 6)',1002),
(3365,'Kilometro 8',1002),
(3366,'Kilometro 9',1002),
(3367,'Rancho O Rancho Viejo',1002),
(3368,'El Sorribo',1002),
(3369,'Los Guayuyos',1002),
(3370,'Kilometro 12',1002),
(3371,'Las Palmillas',1002),
(3372,'La Jagua',1002),
(3373,'Santana',1002),
(3374,'El Palmar',1002),
(3375,'Manchado',1002),
(3376,'Los Jibaros De Manchado',1002),
(3377,'Los Jibaros',1002),
(3378,'Loma De Consuelo',1002),
(3379,'Arroyo Seco',1002),
(3380,'Los Jibaros De Santana',1002),
(3381,'Guamira',1002),
(3382,'Juan Jimenez',1002),
(3383,'Rodeo',1002),
(3384,'Gilbraltar',1002),
(3385,'San Nicolas',1002),
(3386,'La Cerca',1002),
(3387,'Rincon Bellaco',1002),
(3388,'Boqueron',1002),
(3389,'Sabana De Grande',1002),
(3390,'Moña Gorra',1002),
(3391,'Palmarejo',1002),
(3392,'Las Claras',1002),
(3393,'Loma Del Toro',1002),
(3394,'Sudadero',1002),
(3395,'Peña Alta',1002),
(3396,'Jagua Caida',1002),
(3397,'Arroyo Higuero',1002),
(3398,'Gibraltar',1002),
(3399,'Platanillo',1002),
(3400,'Loma De Limon',1002),
(3401,'Rincon Bellaco',1002),
(3402,'Los Cacaos',1002),
(3403,'San Nicolas',1002),
(3404,'La Villita',1002),
(3405,'Sabana Bruno',1002),
(3406,'Los Fulgencios O Fulgenes',1002),
(3407,'Aloncillo',1002),
(3408,'La Piña',1002),
(3409,'El Retiro',1002),
(3410,'Las Blancas',1002),
(3411,'El Mamon',1002),
(3412,'Cerro Bohio',1002),
(3413,'La Fuente',1002),
(3414,'Cerro Adentro',1002),
(3415,'El Guayabal',1002),
(3416,'La Loma',1002),
(3417,'Morquecho',1002),
(3418,'Magua',1002),
(3419,'La Peña',1002),
(3420,'El Coco',1002),
(3421,'Los Suarez',1002),
(3422,'Las Lajitas',1002),
(3423,'Bejucal',1002),
(3424,'Mirador',1002),
(3425,'La Orqueta',1002),
(3426,'La Loma',1002),
(3427,'Higuerito (Casa Colorada)',1002),
(3428,'La Plaza (Batey La Plaza)',1002),
(3429,'Mirador Arriba',1002),
(3430,'Buenos Dias',1002),
(3431,'Higuamo O Batey Higuamo',1002),
(3432,'La Pringamosa (Pringamoza)',1002),
(3433,'Punta Afuera',1002),
(3434,'Monte Coca',1002),
(3435,'La Trepada',1002),
(3436,'La Mora',1002),
(3437,'El Cerro',1002),
(3438,'La Jabilla',1002),
(3439,'Rincon Largo',1002),
(3440,'Los Soriano',1002),
(3441,'La Toma',1002),
(3442,'Los Vasquez',1002),
(3443,'El Bote',1002),
(3444,'La Lagañosa',1002),
(3445,'Bonito',1002),
(3446,'El Picado',1002),
(3447,'Caimoni',1002),
(3448,'La Piedra',1002),
(3449,'La Lomita',1002),
(3450,'Batey 6',1002),
(3451,'Batey La Jagua',1002),
(3452,'La Ceibita',1002),
(3453,'Batey Constancia',1002),
(3454,'Batey Amistades',1002),
(3455,'Batey Barrancon',1002),
(3456,'Batey Botecito',1002),
(3457,'Monte Firme',1002),
(3458,'Los Hatillos',1002),
(3459,'Trepada Alta',1002),
(3460,'La Bomba',1002),
(3461,'Paso Cibao',1002),
(3462,'San Valerio',1002),
(3463,'Rodeo Polvo',1002),
(3464,'Las Guaranas (Kilometro 4)',1002),
(3465,'Los Hatillos',1002),
(3466,'Fio-Fio',1002),
(3467,'Las Espinas',1002),
(3468,'Paso Caribe',1002),
(3469,'La Berraza (La Berrasa)',1002),
(3470,'Los Ranchos',1002),
(3471,'Rancho Arriba',1002),
(3472,'Rincon Solo',1002),
(3473,'Batey Viejo',1002),
(3474,'Los Algarrobos',1002),
(3475,'Jalonga',1002),
(3476,'Toronja',1002),
(3477,'Galifete',1002),
(3478,'El Pueblecito',1002),
(3479,'La Loma',1002),
(3480,'La Poza',1002),
(3481,'Prudencio',1002),
(3482,'Kilometro 25 Y 26',1002),
(3483,'Centro Del Pueblo',1002),
(3484,'El Liceo',1003),
(3485,'Catarey',1003),
(3486,'El Hospital',1003),
(3487,'San Carlos',1003),
(3488,'Pueblo Abajo',1003),
(3489,'Los Multifamiliares',1003),
(3490,'Pueblo Arriba',1003),
(3491,'Las Cinco Casitas',1003),
(3492,'Los Dragones',1003),
(3493,'La Ceja',1003),
(3494,'Caño Hondo',1003),
(3495,'Caño Salado',1003),
(3496,'Palmarito',1003),
(3497,'Yanigua',1003),
(3498,'El Centro',1003),
(3499,'Valle Real',1003),
(3500,'Guineo Perdido',1003),
(3501,'Arroyo Del Agua',1003),
(3502,'Trepada Alta',1003),
(3503,'Loma Clara',1003),
(3504,'Arroyon',1003),
(3505,'Los Cacaitos',1003),
(3506,'Llanada Grande',1003),
(3507,'Pueblo Viejo',1003),
(3508,'Arroyo Negro',1003),
(3509,'Arroyo Piedra',1003),
(3510,'Tio Pepe',1003),
(3511,'Cuba Libre',1003),
(3512,'La Cruz',1003),
(3513,'La Jaqueta',1003),
(3514,'Escobar',1003),
(3515,'Quintana',1003),
(3516,'Sabana Rincon',1003),
(3517,'Las Chamuscadas',1003),
(3518,'El Brujo',1003),
(3519,'El Caño',1003),
(3520,'Sabana De Caño Hondo',1003),
(3521,'Las Cañitas',1003),
(3522,'Caña Grande',1003),
(3523,'Capitan',1003),
(3524,'Rio Arriba',1003),
(3525,'Manaclitas',1003),
(3526,'Magua',1003),
(3527,'Cabeze',1003),
(3528,'La Lissa',1003),
(3529,'La Loma',1003),
(3530,'La Cucurucha',1003),
(3531,'La Vecina',1003),
(3532,'El Mogote',1003),
(3533,'Las Avispas',1003),
(3534,'Dajao',1003),
(3535,'Arroyo Hondo',1003),
(3536,'Arroyo Rico',1003),
(3537,'Loma Los Brazos',1003),
(3538,'La Novilla',1003),
(3539,'Madre Del Agua',1003),
(3540,'Centro Del Pueblo',1100),
(3541,'Viejo',1100),
(3542,'El Cedro',1100),
(3543,'Los Parceleros O Nuevo',1100),
(3544,'Batey 8',1100),
(3545,'Batey 7',1100),
(3546,'Bateicito',1100),
(3547,'Batey 9',1100),
(3548,'Batey 10',1100),
(3549,'Cuarenta',1103),
(3550,'Jimani Viejo',1103),
(3551,'Militar',1103),
(3552,'Jimani Nuevo O Centro Del Pueblo',1103),
(3553,'Villa Armonia O Nuevo',1103),
(3554,'El Cerro',1103),
(3555,'La Q',1103),
(3556,'La Cincuenta',1103),
(3557,'Villa Solidaridad',1103),
(3558,'Arroyo Blanco',1103),
(3559,'Mal Paso',1103),
(3560,'Las Peñas',1103),
(3561,'Jimani Viejo',1103),
(3562,'El  Limon',1103),
(3563,'La Playa',1103),
(3564,'El Palmar',1103),
(3565,'Casimiro',1103),
(3566,'Monte De Los Negros',1103),
(3567,'Las Lajitas',1103),
(3568,'El Otro Lado',1103),
(3569,'La Peronila',1103),
(3570,'La Guacima',1103),
(3571,'Los Limones',1103),
(3572,'Los Pinos',1103),
(3573,'Cruce Del Limon',1103),
(3574,'Vuelta Grande',1103),
(3575,'La  Florida',1103),
(3576,'Caneco',1103),
(3577,'Boca De Cachon',1103),
(3578,'Tierra Nueva',1103),
(3579,'Las Lajas',1103),
(3580,'Tierra Virgen',1103),
(3581,'Pedro Cuevas',1103),
(3582,'Martin Brunito',1103),
(3583,'Jose Joaquin Puello',1103),
(3584,'Maria Auxiliadora O La Meseta',1104),
(3585,'Rincon Collado',1104),
(3586,'Los Limoncitos',1104),
(3587,'Angel Felix',1104),
(3588,'Sabana Real',1104),
(3589,'Bonete',1104),
(3590,'Charco Largo',1104),
(3591,'Palo Alto',1104),
(3592,'Granada',1104),
(3593,'El Bejuco',1104),
(3594,'La Cañaata',1104),
(3595,'Los Pinos Del Eden',1104),
(3596,'Guasosa',1104),
(3597,'El Arroyo',1104),
(3598,'La Plena',1104),
(3599,'El Cao',1104),
(3600,'Acitron',1104),
(3601,'El Canton',1104),
(3602,'Cruce De Granada',1104),
(3603,'El Naranjo',1104),
(3604,'Los Borbollones',1104),
(3605,'Cerros Los Trates',1104),
(3606,'Bartolome',1104),
(3607,'Los Geños',1104),
(3608,'El Higuero',1104),
(3609,'Centro Del Pueblo',1104),
(3610,'El Palmito',1104),
(3611,'El Ganadero',1104),
(3612,'Pueblo Nuevo',1105),
(3613,'Sector Nuevo',1105),
(3614,'Q De Arriba',1105),
(3615,'Q De Abajo',1105),
(3616,'Berbesi',1105),
(3617,'Charabiscal',1105),
(3618,'Proyecto Agrario A-C 151',1105),
(3619,'Charco Largo',1105),
(3620,'Cachon',1105),
(3621,'Los Pasos  De Mella',1105),
(3622,'El Flaco',1105),
(3623,'Monte Palma',1105),
(3624,'Angostura',1105),
(3625,'Colonia Mixta',1105),
(3626,'El Japon',1105),
(3627,'Palmar Dulce',1105),
(3628,'El Abanico',1105),
(3629,'El Otro Lado Del Rio',1106),
(3630,'Caimani',1106),
(3631,'Mogote O El Cerro',1106),
(3632,'Centro Del Pueblo',1106),
(3633,'Tierra Seca',1106),
(3634,'Nuevo',1106),
(3635,'Los Bolos',1106),
(3636,'La Guamita',1106),
(3637,'La Peña',1106),
(3638,'Los Ranchitos',1106),
(3639,'La Filipina',1106),
(3640,'Los Almendros',1106),
(3641,'La Finca',1106),
(3642,'La Caña',1106),
(3643,'Las Chicharras',1106),
(3644,'Las Auyamas',1106),
(3645,'Rio Abajo',1106),
(3646,'El Otro Lado',1106),
(3647,'Los Limones',1106),
(3648,'El Cerro',1106),
(3649,'Guayabal',1106),
(3650,'Cabeza De Rio',1106),
(3651,'Bayona',1106),
(3652,'Los Conuquitos',1106),
(3653,'Las Telas',1106),
(3654,'El Maniel',1106),
(3655,'Paso De Los Novillos',1106),
(3656,'Barreras',1106),
(3657,'Los Pinalitos',1106),
(3658,'Gajo Del Rancho',1106),
(3659,'La Guamita',1106),
(3660,'Las Lechuzas O Los Morales',1106),
(3661,'Aguita  Prieta',1106),
(3662,'Tasajera Del Chivo',1106),
(3663,'Raiz Picada',1106),
(3664,'Los Carraos',1106),
(3665,'Gregorio',1106),
(3666,'Pie Cadencia',1106),
(3667,'San Jose',1107),
(3668,'Placer Bonito',1107),
(3669,'Las Mercedes',1107),
(3670,'Camboya',1107),
(3671,'Nuevo Amanecer',1107),
(3672,'San Isidro',1107),
(3673,'Las Damas',1107),
(3674,'Brisas Del Mo',1107),
(3675,'Buenos Aires',1107),
(3676,'Puerto Escondido',1107),
(3677,'Escondido',1107),
(3678,'Altamisar',1107),
(3679,'Palo De Leche',1107),
(3680,'El Aguacate',1107),
(3681,'Brisas Del Lago',1107),
(3682,'Los Yesos',1107),
(3683,'Las Piedras',1107),
(3684,'Centro Del Pueblo',1107),
(3685,'Duarte Arriba O Duarte Atras',1107),
(3686,'El Barrio',1107),
(3687,'Las Baitoas',1107),
(3688,'San Jose',1107),
(3689,'Vuelta Grande',1107),
(3690,'Los Guineos',1201),
(3691,'Los Botados',1201),
(3692,'Los Garcia',1201),
(3693,'La Vegana',1201),
(3694,'Bejucalito',1201),
(3695,'Chavoncito',1201),
(3696,'Cruce De Morales',1201),
(3697,'Enea',1201),
(3698,'Primer Sabana',1201),
(3699,'Sabana Gloria',1201),
(3700,'Cruce Jovina',1201),
(3701,'Arroyo Seco',1201),
(3702,'Camino Real',1201),
(3703,'Mani Blanco',1201),
(3704,'Guanito',1201),
(3705,'San Cristobal',1201),
(3706,'Calichal',1201),
(3707,'Los Montes',1201),
(3708,'Las Limas',1201),
(3709,'Jobitos',1201),
(3710,'Cuesta La Piña',1201),
(3711,'Don Francisco',1201),
(3712,'Guizara',1201),
(3713,'Guanabano Arriba (La Ceiba)',1201),
(3714,'El Junco',1201),
(3715,'Hoyo De Luis',1201),
(3716,'Charco Azul',1201),
(3717,'Potrero Central Romana',1201),
(3718,'Sanate',1201),
(3719,'Piedra Blanca',1201),
(3720,'Guanabano',1201),
(3721,'Chavon Abajo',1201),
(3722,'Chavon Arriba',1201),
(3723,'Bejucal',1201),
(3724,'Sanate Abajo',1201),
(3725,'Cañafistola',1201),
(3726,'El Rancho',1201),
(3727,'La Rejolla',1201),
(3728,'Centro Santana',1201),
(3729,'La Yayas',1201),
(3730,'Los Palitos - Los Naranjos',1201),
(3731,'Los Mangos',1201),
(3732,'El Mamey',1201),
(3733,'Cajero',1201),
(3734,'Rincon Frio',1201),
(3735,'La Media Luna',1201),
(3736,'La Cuchilla',1201),
(3737,'Santana',1201),
(3738,'Lopez',1201),
(3739,'Reselezuela',1201),
(3740,'La Paloma',1201),
(3741,'Azafran',1201),
(3742,'Martin',1201),
(3743,'33 De Santana Cerra',1201),
(3744,'Martinez',1201),
(3745,'Guarapito',1201),
(3746,'Puerto Escondido',1201),
(3747,'Arroyo Seco',1201),
(3748,'Los Cerritos',1201),
(3749,'Mani Abajo',1201),
(3750,'Sabana De Palmarejo',1201),
(3751,'El Puerto',1201),
(3752,'Naranjo De China',1201),
(3753,'Arroyo Rico',1201),
(3754,'Guaconejo',1201),
(3755,'Peñon',1201),
(3756,'Congo',1201),
(3757,'Sabana El Piñal',1201),
(3758,'Jobo Largo',1201),
(3759,'Ahoga Perro',1201),
(3760,'Hato De Mani',1201),
(3761,'La Boya',1201),
(3762,'La Zarza',1201),
(3763,'Los Cacaos',1201),
(3764,'La Plaza',1201),
(3765,'Los Tomates',1201),
(3766,'La Caya',1201),
(3767,'Los Husos O Jusos',1201),
(3768,'Las Estancias',1201),
(3769,'Sabana De Jina',1201),
(3770,'Toro Prieto',1201),
(3771,'Los Brazos',1201),
(3772,'Las Auyamas',1201),
(3773,'La Colorada',1201),
(3774,'Boca De Guanche',1201),
(3775,'El Caimito',1201),
(3776,'Los Carpinteros',1201),
(3777,'Batey Genaro Quino',1201),
(3778,'La Culebra',1201),
(3779,'Duyey',1201),
(3780,'La Cruz',1201),
(3781,'Peligro',1201),
(3782,'Monte Claro',1201),
(3783,'Jina Jaragua',1201),
(3784,'Caña Brava',1201),
(3785,'Limonal',1201),
(3786,'Ojo De Agua',1201),
(3787,'Batey Campo Nuevo',1201),
(3788,'El Aguacate',1201),
(3789,'Batey San German',1201),
(3790,'Bocama',1201),
(3791,'El Peñon',1201),
(3792,'Pileta Verde',1201),
(3793,'Batey El Block',1201),
(3794,'Los Indios',1201),
(3795,'Batey Los Lirios',1201),
(3796,'El Jobo',1201),
(3797,'La Ladrillada',1201),
(3798,'Palo Bonito',1201),
(3799,'Los Yayales',1201),
(3800,'Batey Guayabo',1201),
(3801,'El Quemado',1201),
(3802,'Batey La Ñapita',1201),
(3803,'Las Albahacas',1201),
(3804,'El Chacaro',1201),
(3805,'Valle De Los Algarrobos',1201),
(3806,'Colorado',1201),
(3807,'El Tapion',1201),
(3808,'Jose Leta',1201),
(3809,'El 25 (El Quemado)',1201),
(3810,'Hoyo Claro',1201),
(3811,'Los Corozos',1201),
(3812,'La Jarda De Los Lirios',1201),
(3813,'Batey Los Caños',1201),
(3814,'La Jardita',1201),
(3815,'Batey Mirada',1201),
(3816,'Chinchin',1201),
(3817,'Batey La Pangola (Prop. Ml. De Leon)',1201),
(3818,'Quisibani',1201),
(3819,'El Blanco',1201),
(3820,'Anamuyita',1201),
(3821,'Cabirma Clara',1201),
(3822,'Los Platanos',1201),
(3823,'La Majagua',1201),
(3824,'Blandino',1201),
(3825,'La Ceiba',1201),
(3826,'El Brazo',1201),
(3827,'Los Cacaos',1201),
(3828,'El Naranjo',1201),
(3829,'Los Rios',1201),
(3830,'Los Asientos',1201),
(3831,'El Cerro',1201),
(3832,'La Llanada',1201),
(3833,'El Barrero',1201),
(3834,'Sabaneta',1201),
(3835,'Los Corozos',1201),
(3836,'Las Abras',1201),
(3837,'Mata Aji',1201),
(3838,'Arroyo Grande',1201),
(3839,'Viejo Goyo',1201),
(3840,'Cambelen',1201),
(3841,'Serra O Cerrada',1201),
(3842,'Los Mancornados',1201),
(3843,'Santa Clara',1201),
(3844,'Las Limas',1201),
(3845,'La Cana',1201),
(3846,'La Piña',1201),
(3847,'Mata Chalupe',1201),
(3848,'Hoyo Bonito',1201),
(3849,'Peñoncito',1201),
(3850,'La Tranquera',1201),
(3851,'El Mameyito',1201),
(3852,'Batey Siete Puertas',1201),
(3853,'Batey Cuya',1201),
(3854,'Batey Pestaña',1201),
(3855,'Batey Estante Alto',1201),
(3856,'Capa',1201),
(3857,'Jagua Mocha',1201),
(3858,'Maria Ruiz',1201),
(3859,'Jobo Dulce',1201),
(3860,'La Malenita',1201),
(3861,'La Matilla',1201),
(3862,'La Malena',1201),
(3863,'La Cabirma',1201),
(3864,'La Mina',1201),
(3865,'Centro Del Pueblo',1201),
(3866,'El Peñon',1201),
(3867,'La Gallera',1201),
(3868,'Los Callejones',1201),
(3869,'Buenos Aires',1201),
(3870,'Suizo',1201),
(3871,'Cañada Honda',1201),
(3872,'Las Zanjas',1201),
(3873,'Las Vacamas',1201),
(3874,'La Culatica',1201),
(3875,'Los Sumideros',1201),
(3876,'Los Tocones',1201),
(3877,'El Maicillo',1201),
(3878,'Los Manguitos',1201),
(3879,'La Tranquera',1201),
(3880,'Entrada De La Zanja',1201),
(3881,'Arroyo Rancho',1201),
(3882,'Boca De Mamon',1201),
(3883,'La Laguna',1201),
(3884,'El Peñon',1201),
(3885,'Los Helechos',1201),
(3886,'Las Cañas',1201),
(3887,'El Barrero',1201),
(3888,'Los Yagrumos',1201),
(3889,'Guanchi',1201),
(3890,'Rio Llano',1201),
(3891,'La Lisita (La Luisita)',1201),
(3892,'El Guayabo',1201),
(3893,'Los Bajos De Maimon',1201),
(3894,'Chirino O Himiro',1201),
(3895,'Miraflores',1201),
(3896,'Punta De Coco',1201),
(3897,'Batey Papagayo',1201),
(3898,'La Ceibita',1201),
(3899,'Palo Amargo',1201),
(3900,'La Culata',1201),
(3901,'Cuerecito',1201),
(3902,'Palma Panda',1201),
(3903,'Bonilla',1201),
(3904,'El Algarrobo',1201),
(3905,'Los Mogotes',1201),
(3906,'El Hicoteo',1201),
(3907,'Batey Las Guamas',1201),
(3908,'Yone',1201),
(3909,'El Higuero',1201),
(3910,'La Jabilla',1201),
(3911,'El Jobo',1201),
(3912,'Las Cabirmas',1201),
(3913,'Las Lajas',1201),
(3914,'El Fuerte',1201),
(3915,'La Silverita',1201),
(3916,'Yone Arriba',1201),
(3917,'Yone Abajo',1201),
(3918,'Proyecto Yone',1201),
(3919,'Arroyo Rico',1201),
(3920,'Jobo Jaguey',1201),
(3921,'Linea Nueva',1201),
(3922,'Los Martinez O La Cancha',1201),
(3923,'Los Polos',1201),
(3924,'Los Castillos',1201),
(3925,'Villa Juana O Los Pilotos',1201),
(3926,'Laguna Verde',1201),
(3927,'La Palmilla',1201),
(3928,'Centro Del Pueblo',1201),
(3929,'El Bonao',1201),
(3930,'Villa Pion',1201),
(3931,'Anamuya',1201),
(3932,'Palo Amargo',1201),
(3933,'Hoyo Campo',1201),
(3934,'Puente Anamuya',1201),
(3935,'Duyey',1201),
(3936,'El Hilo',1201),
(3937,'El Placer',1201),
(3938,'Honduras',1201),
(3939,'La Curtiembre',1201),
(3940,'La Rinconada',1201),
(3941,'Mi Lola',1201),
(3942,'Paliza Buena',1201),
(3943,'Vista Alegre',1201),
(3944,'Pueblo Nuevo',1201),
(3945,'Cruce De Isleño (Antiguo Cruz De Isleño)',1201),
(3946,'Cruz De Isleño (Antiguo Los Dajaos)',1201),
(3947,'Pinta Pico',1201),
(3948,'Valle Jina',1201),
(3949,'Yabiqui',1201),
(3950,'Cerro Gordo',1201),
(3951,'Los Palos',1201),
(3952,'Las Cejas',1201),
(3953,'La Cuchilla',1201),
(3954,'Jobo Jaguey',1201),
(3955,'Batey San Francisco',1201),
(3956,'Batey Romanita',1201),
(3957,'Las Tres Casitas',1201),
(3958,'La Zafra',1201),
(3959,'El Cuya',1201),
(3960,'Los Vicini',1201),
(3961,'El Cinco',1201),
(3962,'Los Higos O El Higo',1201),
(3963,'Zafarraya',1201),
(3964,'Batey Los Caños',1201),
(3965,'Campo Nuevo',1201),
(3966,'Ojo De Agua',1201),
(3967,'El Peñon De Los Reyes',1201),
(3968,'Batey Mirador',1201),
(3969,'Veron',1201),
(3970,'Los Manantiales',1201),
(3971,'Las Dos Jardas',1201),
(3972,'Lotificacion Veron',1201),
(3973,'Lotificacion Veron Ii',1201),
(3974,'La Jarda De Hoyo Claro',1201),
(3975,'Villa Progreso',1201),
(3976,'Bavaro',1201),
(3977,'Bello Amanecer',1201),
(3978,'El Samaritano',1201),
(3979,'Cabo Engaño',1201),
(3980,'El Suero',1201),
(3981,'Arraijan',1201),
(3982,'Los Manantiales',1201),
(3983,'Borrachon',1201),
(3984,'Pantanal',1201),
(3985,'Punta Cana',1201),
(3986,'La Trocha',1201),
(3987,'La Salina',1201),
(3988,'Juanillo',1201),
(3989,'La Curva O La Culata',1201),
(3990,'Cabo San Rafael',1201),
(3991,'Los Ranchitos (Arena Gorda)',1201),
(3992,'Caracolito',1201),
(3993,'El Caño',1201),
(3994,'Jose Leon',1201),
(3995,'El Espino',1201),
(3996,'Cañada Honda',1201),
(3997,'La Jina',1201),
(3998,'Jagua Mocha',1201),
(3999,'El Peñon',1201),
(4000,'La Ceiba',1201),
(4001,'El Salado',1201),
(4002,'Los Hoyos',1201),
(4003,'Los Naranjos',1201),
(4004,'La Safra',1201),
(4005,'Maricao (El Jobovan)',1201),
(4006,'La Pileta',1201),
(4007,'Uvero Alto',1201),
(4008,'El Macao',1201),
(4009,'Guiri Guiri',1201),
(4010,'El Buren De Tres Piezas',1201),
(4011,'La Jarda U Hoyo Claro',1201),
(4012,'Caoba',1201),
(4013,'La Jarda',1201),
(4014,'Cabeza De Toro',1201),
(4015,'Islabon',1201),
(4016,'Tres Piezas (El Caracol)',1201),
(4017,'Sabana De Los Martinez',1201),
(4018,'El Aleman',1201),
(4019,'Zona Turistica De Bavaro',1201),
(4020,'Cortecito',1201),
(4021,'San Martin De Porres',1201),
(4022,'El Tamarindo',1201),
(4023,'Mama Tingo',1201),
(4024,'El Cementerio',1201),
(4025,'La Basilica',1201),
(4026,'Centro De La Ciudad',1201),
(4027,'La Antena O La Torre',1201),
(4028,'San Jose',1201),
(4029,'Pueblo Nuevo',1201),
(4030,'Nazaret',1201),
(4031,'Los Platanitos',1201),
(4032,'Los Coquitos',1201),
(4033,'Brisas Del Llano',1201),
(4034,'Savica',1201),
(4035,'Antonio Guzman Fernandez',1201),
(4036,'La Imagen',1201),
(4037,'Las Caobas',1201),
(4038,'Residencial Doña Rosa',1201),
(4039,'Chillo Poueriet',1201),
(4040,'21 De Enero',1201),
(4041,'Residencial Ana Melia',1201),
(4042,'San Pedro',1201),
(4043,'Zanjul',1201),
(4044,'Doña Fema',1201),
(4045,'Los Soto',1201),
(4046,'Haiti Chiquito',1201),
(4047,'Pepe Rosario',1201),
(4048,'Villa Cerro',1201),
(4049,'San Joul',1201),
(4050,'Residencial Luisa Perla',1201),
(4051,'Residencial Villa Progreso',1201),
(4052,'La Malena',1201),
(4053,'Juan Pablo Duarte O Nuevo',1201),
(4054,'La Cabrera',1201),
(4055,'Cambelen',1201),
(4056,'La Aviacion',1201),
(4057,'San Francisco',1201),
(4058,'El Obispado',1201),
(4059,'Urbanizacion Camelia Caraballo',1201),
(4060,'Villa Cristal',1201),
(4061,'La Matilla',1201),
(4062,'Los Limones',1201),
(4063,'Anamuya',1201),
(4064,'Lavador',1202),
(4065,'Alma Rosa O El Bronx',1202),
(4066,'La Lomita',1202),
(4067,'Centro Del Pueblo',1202),
(4068,'La Gallera O El Multiuso',1202),
(4069,'Las Flores',1202),
(4070,'Nuevo',1202),
(4071,'Los Profesores',1202),
(4072,'Oscar',1202),
(4073,'Inespre',1202),
(4074,'El Naranjo (Naranjal)',1202),
(4075,'Caño Prieto O La Jardita',1202),
(4076,'El Jobito',1202),
(4077,'Leonardo (El Bañadero)',1202),
(4078,'El Guano (Los Yagrumos)',1202),
(4079,'Yaguey',1202),
(4080,'Guano O Los Muertos',1202),
(4081,'La Guarapa',1202),
(4082,'Agapito',1202),
(4083,'Los Lopez',1202),
(4084,'La Malagueta',1202),
(4085,'El Carril',1202),
(4086,'El Cascajal',1202),
(4087,'El Dalmao',1202),
(4088,'La Estrelladora',1202),
(4089,'Los Negros',1202),
(4090,'Los Sanchez',1202),
(4091,'Central Romana',1202),
(4092,'Pileta Honda',1202),
(4093,'Cabo San Rafael',1202),
(4094,'La Cueva De Luis',1202),
(4095,'El Aguacate',1202),
(4096,'Batey Ramon Gordo',1202),
(4097,'Batey Cuesta Caribe',1202),
(4098,'El Junco',1202),
(4099,'Batey Montecarlo',1202),
(4100,'Nazario',1202),
(4101,'El Arraijan',1202),
(4102,'El Guayacan',1202),
(4103,'Los Valles',1202),
(4104,'Venezuela (El Valle)',1202),
(4105,'Marota',1202),
(4106,'Los Cinco Caminos',1202),
(4107,'El Pozo',1202),
(4108,'Batey Las Cejas',1202),
(4109,'Batey Cinco',1202),
(4110,'Santa Cruz De Gato',1202),
(4111,'Cañada De La Jina',1202),
(4112,'Ballestero',1202),
(4113,'El Limon',1202),
(4114,'Benerito',1202),
(4115,'Hato Bonito',1202),
(4116,'Batey Magdalena',1202),
(4117,'El Arroyo',1202),
(4118,'La Guazuma',1202),
(4119,'Batey Guazuma',1202),
(4120,'Batey 412',1202),
(4121,'La Piñita',1202),
(4122,'Los Valles',1202),
(4123,'Los Charcos',1202),
(4124,'Guaitabon',1202),
(4125,'Batey Palo Bonito',1202),
(4126,'Batey Los Higos',1202),
(4127,'Batey Los Tocones',1202),
(4128,'Batey Maragua',1202),
(4129,'Batey Verde',1202),
(4130,'La Cruz De Los Rondones',1202),
(4131,'Cruce De La Piñita',1202),
(4132,'Centro Del Pueblo',1202),
(4133,'Los Cocos',1202),
(4134,'Las Playitas',1202),
(4135,'Atajadizo',1202),
(4136,'La Gran Chorra',1202),
(4137,'El Mate (El Marte)',1202),
(4138,'Liborio',1202),
(4139,'La Bruja',1202),
(4140,'El Caracol',1202),
(4141,'Boca De Yuma (Rural)',1202),
(4142,'La Cueva',1202),
(4143,'Bartolo',1202),
(4144,'Valle De Los Algarrobos',1202),
(4145,'Parque Nacional Del Este',1202),
(4146,'Centro Del Pueblo Bayahibe',1202),
(4147,'Flor De Bayahibe',1202),
(4148,'La Bahia',1202),
(4149,'La Punta',1202),
(4150,'La Playa',1202),
(4151,'Valle De La Orquesta',1202),
(4152,'La Botijuela',1202),
(4153,'Boca De Chavon',1202),
(4154,'El Infinito',1202),
(4155,'Parque Nacional Del Este',1202),
(4156,'Padre Nuestro',1202),
(4157,'El Valle',1202),
(4158,'Dominicus',1202),
(4159,'El Valle Frances',1202),
(4160,'Centro Del Pueblo',1301),
(4161,'La Palma',1301),
(4162,'Hoyo De Higuero',1301),
(4163,'Los Cocos',1301),
(4164,'El Tanque',1301),
(4165,'Pueblo Nuevo',1301),
(4166,'La Construccion',1301),
(4167,'La Noria',1301),
(4168,'Placer Bonito',1301),
(4169,'Mata Hombre',1301),
(4170,'Punto Fijo',1301),
(4171,'Batey Campiña',1301),
(4172,'Batey Renguelito',1301),
(4173,'Batey Las Flores',1301),
(4174,'Batey El 20',1301),
(4175,'Batey Higueral',1301),
(4176,'Batey Almeyda',1301),
(4177,'Batey Escuadra',1301),
(4178,'Batey El Quemado',1301),
(4179,'Batey El 5',1301),
(4180,'Batey El 40',1301),
(4181,'Batey El 4',1301),
(4182,'Batey 62',1301),
(4183,'Batey Espinillo',1301),
(4184,'Batey Cruce De Guerrero',1301),
(4185,'Batey Caimoni',1301),
(4186,'Batey 82',1301),
(4187,'Batey Palo Blanco',1301),
(4188,'Batey El 17',1301),
(4189,'Batey El 18',1301),
(4190,'Batey El 15',1301),
(4191,'Batey Guerrero',1301),
(4192,'Batey El 22',1301),
(4193,'Batey Peligro',1301),
(4194,'Batey El 16',1301),
(4195,'Chucho De Chichi',1301),
(4196,'Mirapato',1301),
(4197,'Chavon Abajo',1301),
(4198,'Buenos Aires',1301),
(4199,'Batey Bobito',1301),
(4200,'Batey San Isidro',1301),
(4201,'Batey La Altagracia',1301),
(4202,'Batey Higo Claro',1301),
(4203,'Batey America - El Quemado',1301),
(4204,'Batey Las Parcelas',1301),
(4205,'Batey La Milagrosa',1301),
(4206,'Los Berroa',1301),
(4207,'Chavon Arriba',1301),
(4208,'Batey Pulguero',1301),
(4209,'Batey Nigua',1301),
(4210,'Batey Las Mercedes',1301),
(4211,'Batey Como Quiera',1301),
(4212,'Batey Santa Rosa',1301),
(4213,'La Cuchilla',1301),
(4214,'Batey El 80',1301),
(4215,'Batey El 24',1301),
(4216,'La Habana',1301),
(4217,'Batey Sabana De Chavon',1301),
(4218,'Batey Lecheria',1301),
(4219,'Cerros De Chavon',1301),
(4220,'Batey Hoyo De Puerco',1301),
(4221,'El Arca',1301),
(4222,'Batey Colon O Peligro',1301),
(4223,'Aleton',1301),
(4224,'Batey 205',1301),
(4225,'La Regola',1301),
(4226,'La Culebra',1301),
(4227,'Batey Nuevo',1301),
(4228,'Batey El 81',1301),
(4229,'Ensanche Quisqueya',1302),
(4230,'Los Camioneros',1302),
(4231,'Paseo De Los Caciques I',1302),
(4232,'Paseo De Los Caciques Ii',1302),
(4233,'Villa Verde',1302),
(4234,'Ensanche La Hoz',1302),
(4235,'Invi',1302),
(4236,'Chicago',1302),
(4237,'Don Juan I',1302),
(4238,'Ensansche Pereira',1302),
(4239,'Orquidea Primera Etapa',1302),
(4240,'La Aviacion',1302),
(4241,'San Carlos',1302),
(4242,'Los Colonos',1302),
(4243,'Santa Fe',1302),
(4244,'Central Romana',1302),
(4245,'Centro De La Ciudad',1302),
(4246,'Don Juan V',1302),
(4247,'Katanga',1302),
(4248,'Urbanizacion Maria Rubio',1302),
(4249,'Urbanizacion Las Piedras',1302),
(4250,'Papagayo',1302),
(4251,'Urbanizacion Buena Vista Norte',1302),
(4252,'Alto De Rio Dulce',1302),
(4253,'Savica',1302),
(4254,'Villa Alacran',1302),
(4255,'Don Juan Ii',1302),
(4256,'Obrero',1302),
(4257,'Caleton O Urbanizacion Buena Vista Sur',1302),
(4258,'Residencial Las Palmas',1302),
(4259,'Preconca',1302),
(4260,'Bancola',1302),
(4261,'Villa Nazareth',1302),
(4262,'Los Multi',1302),
(4263,'Ensanche La Paz',1302),
(4264,'Residencial Romana Del Oeste',1302),
(4265,'Residencial Orquidea Ii Etapa',1302),
(4266,'Villa San Carlos',1302),
(4267,'George',1302),
(4268,'Villa España',1302),
(4269,'Mina Central Romana',1302),
(4270,'Mirapato',1302),
(4271,'Batey Corcica',1302),
(4272,'Batey Santoni',1302),
(4273,'Batey 205',1302),
(4274,'Batey Mucarabon',1302),
(4275,'La Cachaza',1302),
(4276,'Batey Cacata',1302),
(4277,'Batey Lithgow',1302),
(4278,'Batey Gran Calle',1302),
(4279,'Rancho Viejo',1302),
(4280,'Maria Bonita',1302),
(4281,'Batey 203',1302),
(4282,'Batey Esperanza',1302),
(4283,'La Luisa',1302),
(4284,'Altos De Chavon',1302),
(4285,'Batey Anon',1302),
(4286,'Batey Culebra',1302),
(4287,'Batey Mosquito 204',1302),
(4288,'Caleton',1302),
(4289,'Los Cajuiles',1302),
(4290,'Isla Catalina',1302),
(4291,'Mano Juan - Adamanay',1302),
(4292,'Catuano',1302),
(4293,'Caleta',1302),
(4294,'Residencial Romana',1302),
(4295,'Residencial Vista Catalina',1302),
(4296,'Reparto Torres',1303),
(4297,'El Picapiedra',1303),
(4298,'Cumajon',1303),
(4299,'Piedra Linda',1303),
(4300,'Villa Zorrilla',1303),
(4301,'La Sabanita',1303),
(4302,'Villa Progreso',1303),
(4303,'La Lechosa',1303),
(4304,'La Caoba',1303),
(4305,'Villa Caoba',1303),
(4306,'Los Coquitos',1303),
(4307,'Residencial Don Juan',1303),
(4308,'Juan Pablo Duarte O Kilometro 6',1303),
(4309,'La Paz',1303),
(4310,'Sinai',1303),
(4311,'El Parquecito',1303),
(4312,'El Jobo O Villa Paraiso',1303),
(4313,'Villa Hermosa',1303),
(4314,'Los Maestros',1303),
(4315,'Los Mulos',1303),
(4316,'Kilometro 10 De Cumayasa',1303),
(4317,'Villa Real',1303),
(4318,'Cucama',1303),
(4319,'Juan Pablo Duarte O Kilometro Seis',1303),
(4320,'Residencial Doña Olga Iii',1303),
(4321,'Batey El Gato',1303),
(4322,'Batey Las Tumbas',1303),
(4323,'El 14',1303),
(4324,'El Papayo',1303),
(4325,'El 10',1303),
(4326,'Las Uvitas',1303),
(4327,'Cucama',1303),
(4328,'Campo Alegre',1303),
(4329,'El Batey',1303),
(4330,'El Gato',1303),
(4331,'El Peñon',1303),
(4332,'El Manguito',1303),
(4333,'America',1303),
(4334,'Espinilla',1303),
(4335,'Respaldo 27 De Febrero',1401),
(4336,'Buenos Aires',1401),
(4337,'Los Laureles',1401),
(4338,'El Centro Del Pueblo',1401),
(4339,'El Progreso',1401),
(4340,'Boca De Pato',1401),
(4341,'Popular',1401),
(4342,'El Tornado',1401),
(4343,'Los Pinos',1401),
(4344,'El Millon',1401),
(4345,'La Colina De Los Pomos',1401),
(4346,'El Cercado',1401),
(4347,'Las Praderas Del Rio',1401),
(4348,'Arroyo Arriba',1401),
(4349,'Lindo',1401),
(4350,'El Gajo O Mirador Norte',1401),
(4351,'La Altagracia',1401),
(4352,'Los Peynado',1401),
(4353,'Santiago Apostol O San Pedro',1401),
(4354,'Colonia Española',1401),
(4355,'La Cienaguita',1401),
(4356,'El Puente',1401),
(4357,'La Culata',1401),
(4358,'Don Miguel',1401),
(4359,'El Arenaso',1401),
(4360,'Arroyo Hondo',1401),
(4361,'La Sabana Del Sur',1401),
(4362,'Los Almendrales',1401),
(4363,'Los Cayetanos',1401),
(4364,'El Pino De Las Siete Hojas',1401),
(4365,'Arroyo Naranjo',1401),
(4366,'Los Corralitos',1401),
(4367,'El Chorro',1401),
(4368,'Fundo Viejo',1401),
(4369,'La Cienaga',1401),
(4370,'El Limon',1401),
(4371,'Los Caños',1401),
(4372,'Las Auyamas',1401),
(4373,'Los Limoncitos',1401),
(4374,'Pinar Parejo',1401),
(4375,'Las Auyamas',1401),
(4376,'La Colonia Japonesa',1401),
(4377,'Pinar Bonito',1401),
(4378,'El Valle',1401),
(4379,'Colonia Kennedy',1401),
(4380,'La Secadora',1401),
(4381,'La Mina',1401),
(4382,'Tireo Al Medio O La Secadora',1401),
(4383,'Tireo Arriba',1401),
(4384,'Tireo Abajo',1401),
(4385,'Paragua',1401),
(4386,'Monte Llano',1401),
(4387,'Cruz De Cuaba',1401),
(4388,'Suriel',1401),
(4389,'El Chicharron',1401),
(4390,'La Escuchadera',1401),
(4391,'La Canelilla',1401),
(4392,'El Cafe',1401),
(4393,'Arroyo Frio',1401),
(4394,'La Cienaga',1401),
(4395,'Rio Abajo',1401),
(4396,'Jima (Cristo Rey)',1401),
(4397,'La Descubierta',1401),
(4398,'Arroyo Bonito',1401),
(4399,'La Yegua',1401),
(4400,'Las Nueces',1401),
(4401,'Jima',1401),
(4402,'La Castilla',1401),
(4403,'Arenoso',1401),
(4404,'Las Palmas O Las Palomas',1401),
(4405,'Villa Cafetalera',1401),
(4406,'El Arroyazo (Arroyo Del Toro)',1401),
(4407,'Arroyo Prieto',1401),
(4408,'La Angostura',1401),
(4409,'La Novilla O Villa Esperanza',1401),
(4410,'Las  Palmas  Arriba',1401),
(4411,'El Rio',1401),
(4412,'El Majagual',1401),
(4413,'La Cotorra',1401),
(4414,'Los Sanchez',1401),
(4415,'La Cumbre',1401),
(4416,'La Pelada',1401),
(4417,'La Joya De Paulino',1401),
(4418,'Las Auyamas',1401),
(4419,'El Pomito',1401),
(4420,'La Novilla',1401),
(4421,'Arenosito O Arenoso Arriba',1401),
(4422,'El Cercado',1401),
(4423,'La Guamita',1401),
(4424,'Palerito',1401),
(4425,'Tireo Abajo',1401),
(4426,'Los Frios',1401),
(4427,'La Novilla',1401),
(4428,'Pinalito',1401),
(4429,'El Naranjo',1401),
(4430,'Los Amaceyes',1401),
(4431,'La Playa',1401),
(4432,'El Botao',1401),
(4433,'Montellano',1401),
(4434,'Arroyo Yaya',1401),
(4435,'Portezuelo',1401),
(4436,'Villa Sabina',1401),
(4437,'Cachaza',1401),
(4438,'El Tapion',1401),
(4439,'Los Guineos',1401),
(4440,'El Gramaso',1401),
(4441,'El Cajon',1401),
(4442,'Los Cerros',1401),
(4443,'Cerro Del Monte',1401),
(4444,'Palero Almonte',1401),
(4445,'Palero O Los Higos',1401),
(4446,'El Memiso O El Mimero',1401),
(4447,'El Valle',1401),
(4448,'Cañada Seca',1401),
(4449,'Gajo Del Mulo O Villa De La Montaña',1401),
(4450,'Santa Ana O Barrio Santa Ana',1401),
(4451,'Barrio Duarte',1401),
(4452,'Guaricano O Jarro Sucio',1401),
(4453,'Gajo Del Mulo',1401),
(4454,'El Convento',1401),
(4455,'Rio Grande',1401),
(4456,'Los Castillos',1401),
(4457,'Monte Llano',1401),
(4458,'La Silverio',1401),
(4459,'Sonador',1401),
(4460,'Pinar Parejo',1401),
(4461,'Villa Los Pajones',1401),
(4462,'Vallecito O Valle Nuevo',1401),
(4463,'Sabana Sin Provecho-Alto Bandera',1401),
(4464,'Sabana Queliz',1401),
(4465,'El Convento Nizao-La Nevera',1401),
(4466,'Yerba Buena',1402),
(4467,'La Jabilla',1402),
(4468,'Cristo Rey O La Cachaza',1402),
(4469,'Urbanizacion Cerro Alto',1402),
(4470,'Los Candelarios',1402),
(4471,'Rincon',1402),
(4472,'Colonia De Los Pomos O Toñito Batista',1402),
(4473,'La Joya Ii',1402),
(4474,'Urbanizacion Pinar Dorado',1402),
(4475,'La Joya I',1402),
(4476,'La Trinchera',1402),
(4477,'Domingo Savio',1402),
(4478,'La Colonia Agraria',1402),
(4479,'Tavito',1402),
(4480,'Don Bosco',1402),
(4481,'Pueblo Nuevo',1402),
(4482,'Doctor Elias Santana',1402),
(4483,'Blanco O Belarminio Ramirez',1402),
(4484,'Negro',1402),
(4485,'Venecia',1402),
(4486,'La Plaza',1402),
(4487,'Altos Del Yaque',1402),
(4488,'Rosa Mistica',1402),
(4489,'Urbanizacion Rincon',1402),
(4490,'Los Corralitos',1402),
(4491,'El 2',1402),
(4492,'Mirador Del Jimenoa',1402),
(4493,'La Quebrada',1402),
(4494,'Los Pomos',1402),
(4495,'El Floron',1402),
(4496,'Villa Balaguer O Proyecto Yerbabuena',1402),
(4497,'Urbanizacion Proyecto Dilone',1402),
(4498,'Rescate 94',1402),
(4499,'Medina',1402),
(4500,'Residencial Don Luis',1402),
(4501,'La Travesia Del Mulo',1402),
(4502,'La Yautia',1402),
(4503,'Pinar Quemado',1402),
(4504,'La Lomita',1402),
(4505,'Palo Blanco',1402),
(4506,'La Guazara',1402),
(4507,'La Pelada',1402),
(4508,'Arroyo Cercado',1402),
(4509,'Los Cafeses',1402),
(4510,'Cerro Redondo',1402),
(4511,'Angosto',1402),
(4512,'La Cana',1402),
(4513,'Cañada Prieta',1402),
(4514,'Mata Cadillo',1402),
(4515,'Corocito',1402),
(4516,'Los Auquelles',1402),
(4517,'Boma',1402),
(4518,'Arroyo Verraco',1402),
(4519,'La Peña',1402),
(4520,'Juana Alvarez',1402),
(4521,'Balcon De Estancita',1402),
(4522,'Los Pomos',1402),
(4523,'Estancita',1402),
(4524,'Los Hoyitos',1402),
(4525,'Las Taranas',1402),
(4526,'El Salto De Jimenoa',1402),
(4527,'Ojo De Agua',1402),
(4528,'Los Arroyos',1402),
(4529,'Pedregal',1402),
(4530,'Jumunuco',1402),
(4531,'Arroyo Bonito',1402),
(4532,'Loma Negra',1402),
(4533,'Arenoso',1402),
(4534,'Yabacao',1402),
(4535,'Guanajuma',1402),
(4536,'Montazos De Arroyo Bonito',1402),
(4537,'Amaceyal',1402),
(4538,'Los Pasos',1402),
(4539,'Las Animas',1402),
(4540,'Los Josaderos',1402),
(4541,'Las Cabirmas',1402),
(4542,'Rancho Del Rio Guanajuma',1402),
(4543,'Llano Del Higo',1402),
(4544,'Llano De Jumunuco',1402),
(4545,'Los Montazos',1402),
(4546,'Compadre Pascual',1402),
(4547,'Arroyo Claro',1402),
(4548,'Las Calabazas',1402),
(4549,'El Paso De La Majaguita',1402),
(4550,'Potro Rabon',1402),
(4551,'Los Ranchitos',1402),
(4552,'Los Corozos',1402),
(4553,'La Cienaguita',1402),
(4554,'Pinar Del Yaque (La Piña)',1402),
(4555,'Vera Del Yaque',1402),
(4556,'La Pista',1402),
(4557,'Redondo',1402),
(4558,'Masipedro',1402),
(4559,'La Manacla',1402),
(4560,'Los Saltaderos',1402),
(4561,'El Guayabo',1402),
(4562,'La Golondrina',1402),
(4563,'La Sal',1402),
(4564,'La Peña',1402),
(4565,'La Frisa',1402),
(4566,'Arroyo Ancho',1402),
(4567,'La Jagua',1402),
(4568,'La Pocilga',1402),
(4569,'Arroyo La Vaca',1402),
(4570,'Arroyo La Pista',1402),
(4571,'Paso Bajito',1402),
(4572,'Loma De La Sal',1402),
(4573,'Palma Sola',1402),
(4574,'Buena Vista',1402),
(4575,'Limonal',1402),
(4576,'Mata Gorda',1402),
(4577,'El Salto',1402),
(4578,'Los Capacitos',1402),
(4579,'El Anon',1402),
(4580,'Hotel Montaña (El Puerto)',1402),
(4581,'La Atolladera',1402),
(4582,'Mata De Platano',1402),
(4583,'El Cacao',1402),
(4584,'Honduras',1402),
(4585,'La Cigua',1402),
(4586,'La Tarana',1402),
(4587,'Hato Viejo Arriba',1402),
(4588,'Hato Viejo',1402),
(4589,'Los Azules',1402),
(4590,'La Ceniza',1402),
(4591,'La Sabana',1402),
(4592,'Hatillo',1402),
(4593,'La Guama Abajo',1402),
(4594,'La Caoba',1402),
(4595,'Guachupita',1402),
(4596,'La Guama Arriba',1402),
(4597,'Crucero',1402),
(4598,'La Ceiba',1402),
(4599,'Los Cateyes O Los Catorce',1402),
(4600,'Piedra Blanca',1402),
(4601,'Sabaneta',1402),
(4602,'Manaclas',1402),
(4603,'Piedra Blanca',1402),
(4604,'Los Higos',1402),
(4605,'La Joya',1402),
(4606,'Las Auyamas',1402),
(4607,'Ovendo',1402),
(4608,'Boca De Los Rios',1402),
(4609,'La Guamita Presa De Yegua',1402),
(4610,'Manabao',1402),
(4611,'Rancho Del Rio',1402),
(4612,'Los Calabazos',1402),
(4613,'La Cortina',1402),
(4614,'El Dulce O Arroyo Dulce',1402),
(4615,'El Bolo O La Pelea',1402),
(4616,'Josafa',1402),
(4617,'El Manguito O Zumbador',1402),
(4618,'Tiesto De Plato O La Cotorra',1402),
(4619,'La Paloma',1402),
(4620,'Los Dajaos',1402),
(4621,'Cañada Amarga',1402),
(4622,'Paso De La Majaguita O La Margarita',1402),
(4623,'La Majaguita',1402),
(4624,'Los Marranitos',1402),
(4625,'Piedra Llana',1402),
(4626,'Cienaga',1402),
(4627,'Mata De Limon',1402),
(4628,'Paso De La Perra',1402),
(4629,'La Peñita',1402),
(4630,'Joya De Ramon',1402),
(4631,'El Tetero',1402),
(4632,'El Higo',1402),
(4633,'Arroyo Frio',1402),
(4634,'El Arraigan',1402),
(4635,'Los Tablones',1402),
(4636,'Boca De Los Rios',1402),
(4637,'Arroyo De Los Muertos',1402),
(4638,'Pino Del Rayo',1402),
(4639,'Arroyo Del Rancho',1402),
(4640,'La Joya O La Joya Del Tetero',1402),
(4641,'La Redonda (Tierra Colarada, El Abanico)',1402),
(4642,'La Angostura',1402),
(4643,'Pajarito',1402),
(4644,'Mata De Cafe',1402),
(4645,'Centro Del Pueblo',1403),
(4646,'Villa Consuelo',1403),
(4647,'La Colonia',1403),
(4648,'Rafael Cruceta',1403),
(4649,'Villa Margarita',1403),
(4650,'Maria Auxiliadora',1403),
(4651,'La Frontera',1403),
(4652,'Los Cerros',1403),
(4653,'Pico Alto',1403),
(4654,'Los Quemaitos',1403),
(4655,'Los Samanes',1403),
(4656,'El Canal De La Miseria',1403),
(4657,'La Factoria',1403),
(4658,'La Romana',1403),
(4659,'Presa De Rincon',1403),
(4660,'El Higo',1403),
(4661,'Jima Arriba',1403),
(4662,'Las Escobas',1403),
(4663,'La Lometa',1403),
(4664,'Los Corozos',1403),
(4665,'Rio Chiquito',1403),
(4666,'Los Rincones',1403),
(4667,'La Cuarenta',1403),
(4668,'Los Patos',1403),
(4669,'La Guanabana',1403),
(4670,'La Factoria',1403),
(4671,'Batey Badia',1403),
(4672,'La Joya',1403),
(4673,'El Alto Del Polvo',1403),
(4674,'La Boca De Jima',1403),
(4675,'San Bartolo (Bartolome)',1403),
(4676,'Rincon',1403),
(4677,'La Ceibita',1403),
(4678,'La Jaguita',1403),
(4679,'El Tamarindo',1403),
(4680,'Calabacito',1403),
(4681,'La Soledad',1403),
(4682,'Villa Canal',1403),
(4683,'El Caliche',1403),
(4684,'La Guama De Junumuce',1403),
(4685,'Junumuce',1403),
(4686,'Puerto Arturo',1403),
(4687,'La Bruja',1403),
(4688,'Haiti',1403),
(4689,'El Algarrobo O Acapulco',1403),
(4690,'El Cercado',1403),
(4691,'Controba O Borinquen',1403),
(4692,'San Martin Ii',1404),
(4693,'Napoles',1404),
(4694,'X',1404),
(4695,'Quinto Patio',1404),
(4696,'Villa Real',1404),
(4697,'Induveca',1404),
(4698,'San Martin I',1404),
(4699,'El Campito',1404),
(4700,'El Tanque',1404),
(4701,'Maria Auxiliadora',1404),
(4702,'Las Carmelitas',1404),
(4703,'Nibaje',1404),
(4704,'El Hatico',1404),
(4705,'Altos Del Hatico',1404),
(4706,'La Primavera',1404),
(4707,'Villa Holywood',1404),
(4708,'Los Multifamiliares',1404),
(4709,'Villa Francisca',1404),
(4710,'La Laguna',1404),
(4711,'Arenoso',1404),
(4712,'Soto',1404),
(4713,'Santo Domingo',1404),
(4714,'Ciudad Universitaria',1404),
(4715,'Villa Margarita',1404),
(4716,'Gamundi',1404),
(4717,'Santo Domingo Savio',1404),
(4718,'Don Bosco',1404),
(4719,'Guarionex',1404),
(4720,'Villa Rosa',1404),
(4721,'Juan Pablo Duarte',1404),
(4722,'Puerto Rico',1404),
(4723,'Los Barrancones O Conani',1404),
(4724,'Nuevo',1404),
(4725,'Residencial Don Zoilo',1404),
(4726,'La Sabana',1404),
(4727,'Ponton Abajo',1404),
(4728,'Las Maras',1404),
(4729,'Los Pomos',1404),
(4730,'El Higuero',1404),
(4731,'Villa Espinal',1404),
(4732,'Villas Carolina',1404),
(4733,'Carolina',1404),
(4734,'Residencial Armida',1404),
(4735,'Ponton',1404),
(4736,'Villa Lora',1404),
(4737,'Palmarito',1404),
(4738,'Enriquillo O Residencial Santana',1404),
(4739,'El Pinito',1404),
(4740,'Hatico De Jeremias',1404),
(4741,'Jeremias',1404),
(4742,'Maguey',1404),
(4743,'Bacui Al Medio',1404),
(4744,'Las Uvas',1404),
(4745,'Las Cinco Esquinas',1404),
(4746,'El Rodeo',1404),
(4747,'La Palmita',1404),
(4748,'El Mamoncito',1404),
(4749,'Sabana De Los Jimenez',1404),
(4750,'El Capacito',1404),
(4751,'Bacui Arriba',1404),
(4752,'Bacui Adentro',1404),
(4753,'Bacui Abajo',1404),
(4754,'Barranca',1404),
(4755,'Monte Plata',1404),
(4756,'Las Yerbas',1404),
(4757,'Verruguete',1404),
(4758,'Los Hoyos',1404),
(4759,'Jagua Dulce',1404),
(4760,'Toro Cenizo',1404),
(4761,'Monte Grande',1404),
(4762,'Las Cruces',1404),
(4763,'Las Guaranitas',1404),
(4764,'El Higuero',1404),
(4765,'Joa',1404),
(4766,'Cercado Alto',1404),
(4767,'Yami',1404),
(4768,'El Higo',1404),
(4769,'Monte Llano',1404),
(4770,'Arenoso',1404),
(4771,'Las Martinez',1404),
(4772,'Los Callejones',1404),
(4773,'Los Mota',1404),
(4774,'Guaco(La Piñita)',1404),
(4775,'Guaco La Pista',1404),
(4776,'La Lomita De Guaco',1404),
(4777,'Loma De Los Angeles',1404),
(4778,'Rio Seco',1404),
(4779,'Soto',1404),
(4780,'Las Pocilgas',1404),
(4781,'Los Hornos',1404),
(4782,'Carrera De Palmas',1404),
(4783,'Santo Cerro',1404),
(4784,'San Francisco',1404),
(4785,'Pozo Del Bejuco',1404),
(4786,'Guaco Los Frias',1404),
(4787,'Burende',1404),
(4788,'Los Valerio',1404),
(4789,'Los Corozos',1404),
(4790,'Los Suarez',1404),
(4791,'Cabirmota',1404),
(4792,'Pozo Colorado',1404),
(4793,'La Cidra',1404),
(4794,'Arenoso',1404),
(4795,'Botija De Jimayaco',1404),
(4796,'Botija De Cabirmota',1404),
(4797,'Jimayaco Arriba',1404),
(4798,'Jimayaco Abajo',1404),
(4799,'Jimayaco',1404),
(4800,'Guarey Arriba',1404),
(4801,'El Faro',1404),
(4802,'Arroyo Ancho',1404),
(4803,'Los Guanabanos',1404),
(4804,'Arroyo Amarillo',1404),
(4805,'Guaigui',1404),
(4806,'Guarey',1404),
(4807,'Los Rieles',1404),
(4808,'Las Yayas Adentro',1404),
(4809,'Jamo Arriba O Jamo Afuera',1404),
(4810,'Jamo La Barranquita',1404),
(4811,'Jamo Jardeta',1404),
(4812,'Las Yayas Afuera',1404),
(4813,'Las Hoyitas',1404),
(4814,'La Carmona',1404),
(4815,'El Quemado',1404),
(4816,'La Penda',1404),
(4817,'Rancho Viejo',1404),
(4818,'La Torre',1404),
(4819,'El Caimito Afuera',1404),
(4820,'El Caimito Adentro',1404),
(4821,'El Caimito Abajo',1404),
(4822,'La Cidra',1404),
(4823,'Las Cabuyas',1404),
(4824,'Los Guayos',1404),
(4825,'La Catalina',1404),
(4826,'La Cuarenta',1404),
(4827,'La Privada',1404),
(4828,'Los Ornes O Reforma',1404),
(4829,'Sabana Rey Abajo Las Cabuyas',1404),
(4830,'Hoya Grande O Las Tablitas',1404),
(4831,'La Rafaela',1404),
(4832,'Licey',1404),
(4833,'Las Totumas O Los Tocones',1404),
(4834,'Rancho Abajo',1404),
(4835,'Colon',1404),
(4836,'Monte Adentro',1404),
(4837,'Ponton',1404),
(4838,'Hoya  Cautiva',1404),
(4839,'Terrero',1404),
(4840,'Aguas Altas',1404),
(4841,'El Siete',1404),
(4842,'Sabana De Ponton',1404),
(4843,'Ramada',1404),
(4844,'Guanabano',1404),
(4845,'Miranda',1404),
(4846,'Las Manaclitas',1404),
(4847,'El Algarrobo',1404),
(4848,'El Pino',1404),
(4849,'Sabaneta O El Puente',1404),
(4850,'El Pinito De Los Jimenez',1404),
(4851,'Matanzas',1404),
(4852,'Rancho Viejo',1404),
(4853,'Palmarejo',1404),
(4854,'Maguey',1404),
(4855,'Las Canas',1404),
(4856,'La Estancia',1404),
(4857,'Las Canas Arriba',1404),
(4858,'La Brusca',1404),
(4859,'La Loma',1404),
(4860,'El Higo',1404),
(4861,'La Mina',1404),
(4862,'Las Canas Abajo',1404),
(4863,'Cutupe',1404),
(4864,'Vista Bella',1404),
(4865,'Sabana Larga O Villas Tilin',1404),
(4866,'El 11 De Cutupe',1404),
(4867,'Los Profesores',1404),
(4868,'Arroyo Hondo Arriba',1404),
(4869,'Arroyo Hondo Abajo',1404),
(4870,'Los Quezada',1404),
(4871,'La Jabilla',1404),
(4872,'Bonagua Los Sirices',1404),
(4873,'Bonagua',1404),
(4874,'El Llano',1404),
(4875,'El Caimito',1404),
(4876,'Romero',1404),
(4877,'La Palmita',1404),
(4878,'El Mirador',1404),
(4879,'Monte Adentro',1404),
(4880,'El Azucey',1404),
(4881,'Los Hoyos',1404),
(4882,'Jababa',1404),
(4883,'Sabaneta',1404),
(4884,'El Naranjal',1404),
(4885,'Las Arenas',1404),
(4886,'La Cruz Del Naranjal',1404),
(4887,'El Tranche',1404),
(4888,'El Naranjal Adentro',1404),
(4889,'Pueblo Viejo',1404),
(4890,'El Aljibe',1404),
(4891,'Colorao',1404),
(4892,'Los Suarez',1404),
(4893,'La Vereda',1404),
(4894,'El Ranchito',1404),
(4895,'Rio Verde Abajo O Los Muñoces',1404),
(4896,'La Lima',1404),
(4897,'Las Cañas',1404),
(4898,'Las Escobas',1404),
(4899,'Los Placeres',1404),
(4900,'El Alto Del Gallo',1404),
(4901,'El Zumbio',1404),
(4902,'Cazabito',1404),
(4903,'Rio Verde Arriba',1404),
(4904,'Caguey',1404),
(4905,'Manga Larga Arriba',1404),
(4906,'Manga Larga Abajo',1404),
(4907,'La Destiladera',1404),
(4908,'El Caliche',1404),
(4909,'La Sabana De Rio Verde',1404),
(4910,'Los Basora',1404),
(4911,'Maria Trinidad Sinchez O El Semillero',1404),
(4912,'Centro Del Pueblo',1404),
(4913,'Ranchito Abajo O El Baden',1404),
(4914,'Zafarraya',1404),
(4915,'Urbanizacion  Doña Miledys',1404),
(4916,'La Esquina',1404),
(4917,'Hato Viejo',1404),
(4918,'La Tina',1404),
(4919,'Sabana Rey Arriba',1404),
(4920,'La Romera',1404),
(4921,'El Reco',1404),
(4922,'Los Ranchos',1404),
(4923,'Paso Astacio',1404),
(4924,'La Otra Vera O Los Cruces',1404),
(4925,'La Meseta',1404),
(4926,'Los Gallardos',1404),
(4927,'Los Rincones',1404),
(4928,'Ranchito Abajo',1404),
(4929,'La Reforma',1404),
(4930,'Los Solares U Orlando Martinez',1404),
(4931,'El Baden',1404),
(4932,'La Rosa',1404),
(4933,'Los Samanes',1404),
(4934,'La Jina Hueca',1404),
(4935,'Loma Del Coco',1404),
(4936,'El Jobo',1404),
(4937,'Conuco Viejo',1404),
(4938,'El Morro',1404),
(4939,'La Jaguita',1404),
(4940,'Tavera',1404),
(4941,'La Cabra',1404),
(4942,'Poblado De Taveras',1404),
(4943,'Los Ranchos De Taveras',1404),
(4944,'La Cigua',1404),
(4945,'Llanada Al Medio',1404),
(4946,'La Sabana',1404),
(4947,'La Tala',1404),
(4948,'Alto Del Jobo',1404),
(4949,'El Fundo',1404),
(4950,'El Pino',1404),
(4951,'La Cuaba',1404),
(4952,'Los Jengibres',1404),
(4953,'Los Indios',1404),
(4954,'La Cotorra',1404),
(4955,'El Aguacate',1404),
(4956,'El Colorado',1404),
(4957,'El Capa',1404),
(4958,'Lomita Larga',1404),
(4959,'Jagua Gorda',1404),
(4960,'Loma Firme',1404),
(4961,'Rancho La Vaca',1404),
(4962,'La Monja',1404),
(4963,'Velazquito',1404),
(4964,'Los Limones',1404),
(4965,'Loma Sucia',1404),
(4966,'Palero',1404),
(4967,'La Piña',1404),
(4968,'Loma De La Palma',1404),
(4969,'El Añil',1404),
(4970,'Las Cruces',1404),
(4971,'Los Camarones',1404),
(4972,'La Ahumada',1404),
(4973,'El Cafe',1404),
(4974,'El Bejucal',1404),
(4975,'El Mameyito',1404),
(4976,'Los Guineos',1404),
(4977,'El Mamey',1404),
(4978,'La Guardarraya',1404),
(4979,'Mocan Campana',1404),
(4980,'Mocan',1404),
(4981,'Jaguey',1404),
(4982,'Los Peladeros',1404),
(4983,'Yabanal',1404),
(4984,'Los Rincones',1404),
(4985,'Pozo Hondo',1404),
(4986,'Ceiba Gorda',1404),
(4987,'El Mameyito',1404),
(4988,'El Desecho',1404),
(4989,'El Laurel',1404),
(4990,'Centro Del Pueblo',1501),
(4991,'Residencial  Maria',1501),
(4992,'Doña Luisa',1501),
(4993,'Residencial Brismar O Brisas Del Mar',1501),
(4994,'La Aviacion',1501),
(4995,'Residencial Federico Linares',1501),
(4996,'Residencial Brisas Del Atlantico',1501),
(4997,'Residencial Roque Neñez',1501),
(4998,'El Naranjito',1501),
(4999,'El Jamo',1501),
(5000,'Preciosa De Mora',1501),
(5001,'Playa Navio',1501),
(5002,'Los Romedillos',1501),
(5003,'Loma Blanca',1501),
(5004,'Abreu',1501),
(5005,'El Breton',1501),
(5006,'Catalina Abajo',1501),
(5007,'El Puerto',1501),
(5008,'Caya Clara',1501),
(5009,'El Naranjito',1501),
(5010,'Media Gorra',1501),
(5011,'Los Novillos O Las Abejas',1501),
(5012,'Laguna Honda',1501),
(5013,'Las Escobas',1501),
(5014,'Loma De La Jagua',1501),
(5015,'El Zapote',1501),
(5016,'El Cruce De La Palma',1501),
(5017,'Jina Clara',1501),
(5018,'Los Hoyos',1501),
(5019,'Los Cavori',1501),
(5020,'Las Cabirmas',1501),
(5021,'Cañada Mala',1501),
(5022,'Buena Agua',1501),
(5023,'Jobo Dulce',1501),
(5024,'Recodo',1501),
(5025,'El Catuan',1501),
(5026,'Los Guaos',1501),
(5027,'Loma Del Burro',1501),
(5028,'Las Cuatro Esquinas',1501),
(5029,'Catalina Arriba',1501),
(5030,'La Peonia',1501),
(5031,'Pozo Del Higo',1501),
(5032,'Loma Del Caballo',1501),
(5033,'El Saltadero',1501),
(5034,'Guao Abajo',1501),
(5035,'Picado Cidor',1501),
(5036,'Jobo Dulce O La Pionia',1501),
(5037,'Loma Blanca O La Peonia',1501),
(5038,'El Pujador O Jaguita',1501),
(5039,'Caño Azul De Salomon',1501),
(5040,'La Jagua',1501),
(5041,'El Palito',1501),
(5042,'Santa Maria',1501),
(5043,'Jobo Claro',1501),
(5044,'Sector Mella',1501),
(5045,'San Jose Pastrana',1501),
(5046,'Bejuco Alambre',1501),
(5047,'Laguna Del Remblazo',1501),
(5048,'La Bejucura',1501),
(5049,'La Flaca',1501),
(5050,'El Diamante',1501),
(5051,'La Cruz',1501),
(5052,'La Llanada',1501),
(5053,'Juan Gomez',1501),
(5054,'Loma Alta',1501),
(5055,'Los Valles',1501),
(5056,'Los Canjilones',1501),
(5057,'Pozo Prieto',1501),
(5058,'El Jamo',1501),
(5059,'Payita O Centro Del Pueblo',1501),
(5060,'Los Solares',1501),
(5061,'Santa Ana',1501),
(5062,'Los Placeres',1501),
(5063,'Baoba Del Piñal',1501),
(5064,'Linea 15',1501),
(5065,'Vista Linda',1501),
(5066,'Pueblo Nuevo',1501),
(5067,'La Central (Arroyo Salado)',1501),
(5068,'Los Pajuiles',1501),
(5069,'Ochoa',1501),
(5070,'Los Higos',1501),
(5071,'San Isidro',1501),
(5072,'Caño Bejuco',1501),
(5073,'Cañada Arenosa',1501),
(5074,'Barrio El Carmen (Tierra De Pulguita)',1501),
(5075,'La Legamosa',1501),
(5076,'Payita',1501),
(5077,'Los Placeres',1501),
(5078,'La Ceiba',1501),
(5079,'Los Pajones',1501),
(5080,'Puerto Rico A Pie',1501),
(5081,'San Rafael',1501),
(5082,'Barrio El Puente (Caño Claro)',1501),
(5083,'Ojo De Agua',1501),
(5084,'La Milagrosa O Proyecto San Miguel',1501),
(5085,'La Cueva',1501),
(5086,'La Entrada',1501),
(5087,'Caño Azul De Colorado',1501),
(5088,'Las Abejas',1501),
(5089,'La Vereda',1501),
(5090,'Pozo Amarillo',1501),
(5091,'Pozo Arenoso',1501),
(5092,'El Brocal',1501),
(5093,'El Bajao (Los Puentes)',1501),
(5094,'Loma Del Toro',1501),
(5095,'La Virgen De La Piedra',1501),
(5096,'Higo De Las Tres Piernas',1501),
(5097,'La Entrada',1501),
(5098,'La Capilla',1501),
(5099,'El Cigual',1501),
(5100,'Pozo Hondo',1501),
(5101,'Los Pinitos',1501),
(5102,'La Botija',1501),
(5103,'Los Cacaos',1501),
(5104,'El Callejon',1501),
(5105,'Loma De Los Selectos',1501),
(5106,'El Picao De Los Toritos',1501),
(5107,'Factor Viejo',1502),
(5108,'Pueblo Nuevo',1502),
(5109,'El Hospital O Las Mercedes',1502),
(5110,'El Barro',1502),
(5111,'La Iglesia',1502),
(5112,'El Abita',1502),
(5113,'El Play O San Jose',1502),
(5114,'Los Pomos',1502),
(5115,'Vuelta Larga',1502),
(5116,'Cinta Negra',1502),
(5117,'El Papayo',1502),
(5118,'El Higuero',1502),
(5119,'El Jobito',1502),
(5120,'Cuesta Colorada',1502),
(5121,'La Peonia',1502),
(5122,'Esquina Caliente',1502),
(5123,'Altos Del Rancho',1502),
(5124,'Los Pajones',1502),
(5125,'Quebrada Fria',1502),
(5126,'Caño De La Vaca',1502),
(5127,'Piedra Blanca',1502),
(5128,'El Barro',1502),
(5129,'Palma Sola',1502),
(5130,'El Telanza',1502),
(5131,'Blanco',1502),
(5132,'Los Indios',1502),
(5133,'Higuerito',1502),
(5134,'Higuerito Abajo',1502),
(5135,'Higuerito Arriba',1502),
(5136,'La Jibara',1502),
(5137,'El Pozo',1502),
(5138,'Los Limones',1502),
(5139,'El Chucho',1502),
(5140,'El Alto (Villa Flores)',1502),
(5141,'La Trocha',1502),
(5142,'El Helechal (El Alto)',1502),
(5143,'Rabo De Chivo',1502),
(5144,'La Cidra',1502),
(5145,'Barrio La Yagua De La Trocha',1502),
(5146,'La Grimosa',1502),
(5147,'La Cimarra',1502),
(5148,'La Pichinga',1502),
(5149,'Madre Vieja',1502),
(5150,'La Punta',1502),
(5151,'Alto De Jalisco',1502),
(5152,'Callejon De Los Mota',1502),
(5153,'El Toro',1502),
(5154,'La Factoria',1502),
(5155,'La Guazara',1502),
(5156,'La Candela',1502),
(5157,'El Tanque',1503),
(5158,'Libertad (El Guayo)',1503),
(5159,'La Capitalista',1503),
(5160,'El Eden',1503),
(5161,'San Marcos (Soldado Arriba)',1503),
(5162,'San Jose De Villa (Cumajon)',1503),
(5163,'Soldado Abajo',1503),
(5164,'Pueblo Nuevo',1503),
(5165,'Villa Iris',1503),
(5166,'Centro Del Pueblo',1503),
(5167,'Toro Cenizo',1503),
(5168,'Rio Mar',1503),
(5169,'Universitario',1503),
(5170,'Residencial Miguel Abud',1503),
(5171,'P.R.D.',1503),
(5172,'Los Cacaitos',1503),
(5173,'Quisqueyano',1503),
(5174,'Roberto Fermin',1503),
(5175,'Santisima Trinidad',1503),
(5176,'Ensanche Jose Ramirez',1503),
(5177,'Los Maestros',1503),
(5178,'Luis Martin Hilario',1503),
(5179,'Cementerio',1503),
(5180,'Proyecto Nueva Nagua',1503),
(5181,'Jose Lucas',1503),
(5182,'La Pocilga O Duraliza Ulloa',1503),
(5183,'Bella Vista',1503),
(5184,'La Cruz',1503),
(5185,'Buenos Aires',1503),
(5186,'Proyecto Jose Francisco Peña Gomez',1503),
(5187,'Residencial Doña Emma Balaguer',1503),
(5188,'Residencial Vista Del Atlantico',1503),
(5189,'Kilometro 3',1503),
(5190,'Residencial Costa Verde',1503),
(5191,'El Frenito',1503),
(5192,'Urbanizacion Toni Lucas',1503),
(5193,'Proyecto Sin Nombre',1503),
(5194,'Urbanizacion Lora',1503),
(5195,'Las Quinientas',1503),
(5196,'La Laguna O Peña Bello',1503),
(5197,'El Ferrocarril',1503),
(5198,'Proyecto Mingoye',1503),
(5199,'Cerros De La Bahia',1503),
(5200,'Residencial Las Praderas',1503),
(5201,'Callejon A.',1503),
(5202,'Residencial Peña Bello',1503),
(5203,'El Estero',1503),
(5204,'Caño Blanco',1503),
(5205,'La Senda',1503),
(5206,'La Loma',1503),
(5207,'Cruce Del Caño',1503),
(5208,'La Represa',1503),
(5209,'El Juncal',1503),
(5210,'Los Cacaitos',1503),
(5211,'Sabaneta',1503),
(5212,'La Playa',1503),
(5213,'Fogon Apagado',1503),
(5214,'Los Suburbios',1503),
(5215,'Nuevo',1503),
(5216,'Centro Del Pueblo',1503),
(5217,'Vietnam',1503),
(5218,'El Aguacate De Vietnam',1503),
(5219,'La Cejita',1503),
(5220,'Ceja Del Jobo',1503),
(5221,'La Ceja',1503),
(5222,'Ceja De Los Castaños',1503),
(5223,'El Tablon',1503),
(5224,'Ceja De La Guamita',1503),
(5225,'Cruce De Pescadero',1503),
(5226,'Pescadero',1503),
(5227,'Cruce De Rincon',1503),
(5228,'Los Berrendos',1503),
(5229,'La Lometa',1503),
(5230,'Ponton',1503),
(5231,'Las Garzas',1503),
(5232,'Los Rieles De Molinillo',1503),
(5233,'La Guama',1503),
(5234,'La Lometica',1503),
(5235,'Maltomacina',1503),
(5236,'San Rafael',1503),
(5237,'El Saldo',1503),
(5238,'Poza De Bojolo',1503),
(5239,'Los Yayales',1503),
(5240,'Colorado',1503),
(5241,'El Tope',1503),
(5242,'El Anon',1503),
(5243,'El Guayabo',1503),
(5244,'El Naranjo',1503),
(5245,'Cuba Libre',1503),
(5246,'Arenoso',1503),
(5247,'Matancita',1503),
(5248,'Centro Del Pueblo O Alto De La Felicidad',1503),
(5249,'El Caserio',1503),
(5250,'La Changuela',1503),
(5251,'Quebrada Amarilla',1503),
(5252,'Canta Rana',1503),
(5253,'La Lometa',1503),
(5254,'La Senda',1503),
(5255,'Bella Vista',1503),
(5256,'Los Rincones De Boba',1503),
(5257,'La Mata (Boba)',1503),
(5258,'Los Jengibres',1503),
(5259,'Guayabito',1503),
(5260,'Alemania',1503),
(5261,'La Catalina',1503),
(5262,'Los Cuervos',1503),
(5263,'La Totuma',1503),
(5264,'Laguna Del Caiman',1503),
(5265,'Los Memizos',1503),
(5266,'Las Totumas Abajo',1503),
(5267,'El Higuero',1503),
(5268,'Arroyo Sordo',1503),
(5269,'Mata Bonita',1503),
(5270,'Piragua',1503),
(5271,'Mata Del Agua',1503),
(5272,'El Tizon',1503),
(5273,'Guarapo',1503),
(5274,'Quebrada Amarilla',1503),
(5275,'Caño De Los Naranjos',1503),
(5276,'La Cienaga',1503),
(5277,'Cruce De Arroyo Al Medio',1503),
(5278,'Samana O Samana Tres Cuerdas',1503),
(5279,'La Joya',1503),
(5280,'El Cruce De Guayabo (El Cruce)',1503),
(5281,'El Guayabo',1503),
(5282,'Los Cachimbos',1503),
(5283,'Caño Teloso Abajo',1503),
(5284,'Monte Llano',1503),
(5285,'La Colmenas',1503),
(5286,'Los Saecos',1503),
(5287,'Sonador',1503),
(5288,'Los Rincones',1503),
(5289,'Caño Teloso Arriba',1503),
(5290,'Rio Jagua O Placer Bonito',1503),
(5291,'El Coil O Col',1503),
(5292,'Los Chivos',1503),
(5293,'La Mina',1503),
(5294,'El Balata O Los Balataces',1503),
(5295,'Los Anones',1503),
(5296,'La Placeta',1503),
(5297,'El Ramonal',1503),
(5298,'Los Pajones',1503),
(5299,'Rio Jagua Arriba',1503),
(5300,'Peñoso',1503),
(5301,'Los Oreganos',1503),
(5302,'La Guasuma',1503),
(5303,'El Calabazo',1503),
(5304,'El Yayal',1503),
(5305,'Sabana Del Yayal (Los Ranchos)',1503),
(5306,'Las Quince Mil',1503),
(5307,'Los Pontones',1503),
(5308,'Caño De Los Negros',1503),
(5309,'Sabana Del Mono (La Sabana)',1503),
(5310,'Villa Altagracia (El Hoyito)',1503),
(5311,'La Palmita Arriba',1503),
(5312,'El Drago',1503),
(5313,'Villa Alegre',1503),
(5314,'La Palmita Abajo',1503),
(5315,'Los Cerros',1503),
(5316,'Arroyo Al Medio Arriba',1503),
(5317,'El Alto Del Cementerio',1503),
(5318,'Los Fogones',1503),
(5319,'La Curva (El Aguacate)',1503),
(5320,'Caya Clara',1503),
(5321,'Las Corcobas',1503),
(5322,'La Jagua',1503),
(5323,'El Picao De Luis O Picado De Luis',1503),
(5324,'Quebrada Honda',1503),
(5325,'Los Toros',1503),
(5326,'Majagual Abajo',1503),
(5327,'El Palmar De Los Sanchez',1503),
(5328,'La Pieza',1503),
(5329,'Majagual',1503),
(5330,'La Travesia',1503),
(5331,'La Ciruela',1503),
(5332,'Urbanizacion Aurora',1504),
(5333,'Acapulco',1504),
(5334,'Nueva York Chiquito',1504),
(5335,'Las Flores',1504),
(5336,'El Hospital',1504),
(5337,'Buenos Aires',1504),
(5338,'Centro Del Pueblo',1504),
(5339,'Caña Amarga',1504),
(5340,'El Eden',1504),
(5341,'La Gallera Vieja',1504),
(5342,'La Coquera',1504),
(5343,'Urbanizacion Rosa Delia',1504),
(5344,'Residencial Bella Colina',1504),
(5345,'Santa Lucia',1504),
(5346,'La Mozadera O La Hozadera',1504),
(5347,'Los Cajuiles',1504),
(5348,'La Puerta',1504),
(5349,'El Caraqueño',1504),
(5350,'Bobita Abajo',1504),
(5351,'Bobita Al Centro',1504),
(5352,'El Guano',1504),
(5353,'Los Remolinos',1504),
(5354,'Puerca Gorda',1504),
(5355,'El Morrito',1504),
(5356,'Jobo Claro',1504),
(5357,'Arroyo Sabana',1504),
(5358,'Los Pomos',1504),
(5359,'El Copeyito',1504),
(5360,'Carrasco',1504),
(5361,'La Manigua',1504),
(5362,'La Descubierta',1504),
(5363,'Loma El Cafe',1504),
(5364,'La Manteca',1504),
(5365,'El Coquital',1504),
(5366,'Puerca Gorda Del Firme',1504),
(5367,'La Vigia',1504),
(5368,'El Caracol',1504),
(5369,'Los Palmaritos',1504),
(5370,'Sabana La Puerta',1504),
(5371,'Manigua Arriba',1504),
(5372,'Batey Brugal',1504),
(5373,'La Coyera',1504),
(5374,'Las Ceibas',1504),
(5375,'El Ranchito',1504),
(5376,'Los Chirivicos',1504),
(5377,'Laguna De Yerba O Josadera',1504),
(5378,'Alto Del Macao',1504),
(5379,'La Cubana',1504),
(5380,'Pozo Prieto O Pozo Largo',1504),
(5381,'Mata Puerco Arriba',1504),
(5382,'Mata Puerco Abajo',1504),
(5383,'Bejuco Alambre',1504),
(5384,'La Caribe',1504),
(5385,'La Novilla',1504),
(5386,'Cuerno De Buey',1504),
(5387,'Arroyo Grande',1504),
(5388,'El Tablon',1504),
(5389,'La Tierra',1504),
(5390,'Centro Del Pueblo',1601),
(5391,'Ensanche La Fe',1601),
(5392,'El Fundo O San Pedro',1601),
(5393,'Residencial Don Mario',1601),
(5394,'San Jose',1601),
(5395,'La Villa',1601),
(5396,'La Salvia',1601),
(5397,'Las Flores',1601),
(5398,'Los Platanitos',1601),
(5399,'Villa Linda I',1601),
(5400,'Mejoramiento Social',1601),
(5401,'Los Tupamaros',1601),
(5402,'Puerto Rico',1601),
(5403,'Villa Liberacion',1601),
(5404,'Agricola',1601),
(5405,'Los Jardines',1601),
(5406,'Maximo Gomez',1601),
(5407,'Quisqueya',1601),
(5408,'El Ocho',1601),
(5409,'Los Heroes',1601),
(5410,'Los Amapololos O Las Amapolas',1601),
(5411,'Las Delicias',1601),
(5412,'Las Mercedes',1601),
(5413,'Residencial Granado',1601),
(5414,'El Cercadillo',1601),
(5415,'Los Jengibres',1601),
(5416,'Yujo Abajo',1601),
(5417,'Yujo',1601),
(5418,'Caribe',1601),
(5419,'Los Horcones',1601),
(5420,'La Cuchilla',1601),
(5421,'La Yautia',1601),
(5422,'La Cienaga',1601),
(5423,'Viejo Alejo',1601),
(5424,'El Verde',1601),
(5425,'Las Avispas',1601),
(5426,'El Playon',1601),
(5427,'Caño Claro',1601),
(5428,'Hato Viejo',1601),
(5429,'Los Arroyos',1601),
(5430,'Barrancon (La Mina)',1601),
(5431,'Los Arroces Afuera',1601),
(5432,'Los Arroces Adentro',1601),
(5433,'Charco Prieto',1601),
(5434,'Los Humanices O Los Anegadizos',1601),
(5435,'Borojol Humanices',1601),
(5436,'Cabirma Clara',1601),
(5437,'Punta De Pino',1601),
(5438,'Jima',1601),
(5439,'Los Azufres',1601),
(5440,'Loma Del Llano',1601),
(5441,'El Jobo',1601),
(5442,'Sabana Del Puerto',1601),
(5443,'Palero Arriba',1601),
(5444,'Palero Abajo',1601),
(5445,'Los Quemados',1601),
(5446,'Mata Puercos',1601),
(5447,'Hoyo Del Toro',1601),
(5448,'La Manaclita',1601),
(5449,'Hoya Redonda',1601),
(5450,'Arroyo El Pino',1601),
(5451,'Los Aguacates',1601),
(5452,'La Cotorra',1601),
(5453,'Los Platanitos',1601),
(5454,'Pedregal',1601),
(5455,'La Sabana',1601),
(5456,'La Cidra',1601),
(5457,'La Atravesada',1601),
(5458,'El Cruce',1601),
(5459,'Miranda',1601),
(5460,'Jayaquito',1601),
(5461,'Fula',1601),
(5462,'Caño Hondo',1601),
(5463,'Cañabon',1601),
(5464,'La Presa',1601),
(5465,'La Zapa',1601),
(5466,'La Zapa Arriba',1601),
(5467,'Casabito',1601),
(5468,'Jatubey',1601),
(5469,'Blanco',1601),
(5470,'El Abanico',1601),
(5471,'La Vaca',1601),
(5472,'Pringamosa',1601),
(5473,'El Baden',1601),
(5474,'Loma Prieta',1601),
(5475,'Calle La Piedra',1601),
(5476,'La Jaiba (Jima)',1601),
(5477,'Los Cacaos',1601),
(5478,'Juma Adentro',1601),
(5479,'San Isidro',1601),
(5480,'Entrada De La Falconbridge',1601),
(5481,'Bonaito',1601),
(5482,'Salsal',1601),
(5483,'Guamar',1601),
(5484,'Cerro Montoso',1601),
(5485,'Callejon Chino',1601),
(5486,'Poblado De Juma',1601),
(5487,'La Berengena (Berenjena)',1601),
(5488,'Bejucal',1601),
(5489,'La Redonda',1601),
(5490,'Plan Grande',1601),
(5491,'Trabajo',1601),
(5492,'Mirador',1601),
(5493,'Boca De Juma',1601),
(5494,'Los Barros',1601),
(5495,'Caño Grande',1601),
(5496,'Caracol',1601),
(5497,'Boca De Yuboa',1601),
(5498,'Rancho  Viejo (Rancho Nuevo)',1601),
(5499,'Palmarito',1601),
(5500,'El Ocho',1601),
(5501,'La Trocha',1601),
(5502,'Hatico',1601),
(5503,'Cruce De Arroyo Toro',1601),
(5504,'Arroyo Dulce',1601),
(5505,'El Callejon',1601),
(5506,'La Cienaga',1601),
(5507,'El Rincon',1601),
(5508,'Las Nueces',1601),
(5509,'Los Valerios',1601),
(5510,'Rio Piedra',1601),
(5511,'Colorado',1601),
(5512,'El Humen',1601),
(5513,'La Rinconada',1601),
(5514,'Los Anones',1601),
(5515,'Josesito',1601),
(5516,'Jugadero',1601),
(5517,'Arroyo Bonito',1601),
(5518,'Arroyo Toro Al Medio',1601),
(5519,'Arroyo Toro Abajo',1601),
(5520,'La Yerba',1601),
(5521,'Los Platanos',1601),
(5522,'La Cieneguita',1601),
(5523,'Piedra Gorda',1601),
(5524,'Cañada De Agua',1601),
(5525,'Arroyo Toro Arriba',1601),
(5526,'Los Bleos',1601),
(5527,'El Chorro',1601),
(5528,'Higuerito',1601),
(5529,'Mata Puercos',1601),
(5530,'La Joya',1601),
(5531,'Palma Clara',1601),
(5532,'La Cabirma',1601),
(5533,'Arroyo Corbinato',1601),
(5534,'Alto Del Zamo',1601),
(5535,'Arroyo Piyoyo',1601),
(5536,'Masipedro',1601),
(5537,'Yaso',1601),
(5538,'Piyoyo',1601),
(5539,'El Coco',1601),
(5540,'Yaso Abajo (Arroyo Yabo)',1601),
(5541,'Yaso Arriba',1601),
(5542,'Corbinato',1601),
(5543,'Arroyo Frontino',1601),
(5544,'Lengua Azul',1601),
(5545,'Jayaco',1601),
(5546,'Los Brazos',1601),
(5547,'Cruce De La Ceiba',1601),
(5548,'La Copla',1601),
(5549,'Arroyo Majagual',1601),
(5550,'Jayaco Arriba',1601),
(5551,'El Abanico De La Ceiba',1601),
(5552,'Caño Piedra I',1601),
(5553,'Los Cauchos',1601),
(5554,'Loma Prieta',1601),
(5555,'La Base',1601),
(5556,'Rabo De Chivo',1601),
(5557,'Jayaco Abajo',1601),
(5558,'Kilometro 100',1601),
(5559,'Kilometro 101',1601),
(5560,'El Yujo',1601),
(5561,'El Cercado',1601),
(5562,'Peñalo',1601),
(5563,'Canabon (Kilometro 103)',1601),
(5564,'Puerto Rico',1601),
(5565,'Los Quemados',1601),
(5566,'Los Pedregones',1601),
(5567,'Pino Del Yuna',1601),
(5568,'Piedra De Los Veganos',1601),
(5569,'El Torito',1601),
(5570,'El Novillo',1601),
(5571,'El Capaz',1601),
(5572,'El Tanque',1601),
(5573,'Joboban',1601),
(5574,'Boca De Blanco',1601),
(5575,'Arroyo Avispa',1601),
(5576,'Loma Del Medio',1601),
(5577,'Jurungo',1601),
(5578,'Los Quemados',1601),
(5579,'El Frio',1601),
(5580,'Boca De Tireo',1601),
(5581,'El Maco',1601),
(5582,'El Colorado',1601),
(5583,'Cienaguita Arriba',1601),
(5584,'Rodeo',1601),
(5585,'La Ceiba',1601),
(5586,'El Higo',1601),
(5587,'La Cuaba',1601),
(5588,'El Candongo',1601),
(5589,'El Pichon',1601),
(5590,'Arroyo Atravesado Al Medio',1601),
(5591,'La Vaca',1601),
(5592,'Cienaguita Abajo',1601),
(5593,'Los Guazaros',1601),
(5594,'El Meche',1601),
(5595,'El Mecherito',1601),
(5596,'Los Pinitos',1601),
(5597,'El Libro',1601),
(5598,'Monteada Nueva',1601),
(5599,'Los Cascarones',1601),
(5600,'Blanco',1601),
(5601,'Arroyo Caña',1601),
(5602,'La Gritona',1601),
(5603,'Los Jagueros',1601),
(5604,'Los Capaces',1601),
(5605,'La Goma',1601),
(5606,'La Cueva',1601),
(5607,'Los Pozos Blancos',1601),
(5608,'Bejuco Aplastado',1601),
(5609,'Los Palmaritos',1601),
(5610,'San Pablo',1601),
(5611,'Brisas Del Yuna',1601),
(5612,'Santa Rosa',1601),
(5613,'Simon Bolivar',1601),
(5614,'Prosperidad',1601),
(5615,'La Embajada',1601),
(5616,'Los Transformadores',1601),
(5617,'Proyecto Yuna',1601),
(5618,'Ensanche Libertad',1601),
(5619,'Cristo Rey',1601),
(5620,'Puerto Rico',1602),
(5621,'Centro Del Pueblo',1602),
(5622,'Juan Pablo Duarte',1602),
(5623,'Venezuela',1602),
(5624,'Buenos Aires',1602),
(5625,'Los Pinitos',1602),
(5626,'Los Transformadores',1602),
(5627,'La Sabana',1602),
(5628,'Vista Hermosa',1602),
(5629,'Bella Vista',1602),
(5630,'Parceleros',1602),
(5631,'Hato Viejo',1602),
(5632,'Batey Guano',1602),
(5633,'Batey Maimon',1602),
(5634,'La Mina',1602),
(5635,'El Zinc',1602),
(5636,'El Zinc  Abajo',1602),
(5637,'El Corbano',1602),
(5638,'El Cajuil',1602),
(5639,'Los Martinez',1602),
(5640,'Los Pinitos',1602),
(5641,'Leonorita',1602),
(5642,'La Sabana',1602),
(5643,'El Pino (Los Mellizos)',1602),
(5644,'La Leonora',1602),
(5645,'La Raiz',1602),
(5646,'Copey',1602),
(5647,'El Corozal',1602),
(5648,'Sabana Enrique De Copey',1602),
(5649,'Centro Del Pueblo',1603),
(5650,'Nuevo',1603),
(5651,'V Centenario',1603),
(5652,'La Caridad',1603),
(5653,'San Rafael',1603),
(5654,'Buenos Aires',1603),
(5655,'Las Flores',1603),
(5656,'Los Multis',1603),
(5657,'Arroyo Vuelta Arriba',1603),
(5658,'La Cumbre Abajo',1603),
(5659,'La Leonora',1603),
(5660,'La Antena',1603),
(5661,'La Facilidad',1603),
(5662,'La Ceiba',1603),
(5663,'El Algarrobito',1603),
(5664,'Arroyo Majagua',1603),
(5665,'Piedroso (Pedroso)',1603),
(5666,'Hoja Ancha',1603),
(5667,'La Yabacoa O Batey Yabacoa',1603),
(5668,'El Gaucho',1603),
(5669,'Arroyo Palma',1603),
(5670,'El Cinco (El 5)',1603),
(5671,'El Dos (El 2)',1603),
(5672,'La Lechuza',1603),
(5673,'Madre Vieja',1603),
(5674,'Arroyo Pomo-Paso De La Auyama',1603),
(5675,'Loma Prieta',1603),
(5676,'Yabacoa (El Atajadizo)',1603),
(5677,'El 77',1603),
(5678,'El Corbano',1603),
(5679,'La Jardeta',1603),
(5680,'Rincon De Yuboa',1603),
(5681,'Cerro Montoso',1603),
(5682,'Blanco',1603),
(5683,'La Ensenada Abajo -  Alto Del Naranjo',1603),
(5684,'El Campamento',1603),
(5685,'Munene',1603),
(5686,'Quimbamba',1603),
(5687,'La Ceibita',1603),
(5688,'La Cuesta De La Vaca',1603),
(5689,'Vigia',1603),
(5690,'Sector A',1603),
(5691,'Sector B',1603),
(5692,'La Colonia',1603),
(5693,'Mirador Arriba',1603),
(5694,'Sonadorcito',1603),
(5695,'Plan Grande',1603),
(5696,'Julian Suardi',1603),
(5697,'Lechoso',1603),
(5698,'Finca Tony Rivera (Arroyo Sonador)',1603),
(5699,'Sonador',1603),
(5700,'Los Almendros',1603),
(5701,'Paso Del Capa',1603),
(5702,'La Minita',1603),
(5703,'Ingenio',1603),
(5704,'Las Jardetas',1603),
(5705,'El Palmar',1603),
(5706,'Juan Adriin',1603),
(5707,'El Zumbador',1603),
(5708,'El Salto',1603),
(5709,'Gajo De Las Flores',1603),
(5710,'Vista Alegre',1603),
(5711,'Puerto Rico',1603),
(5712,'Los Pedregones',1603),
(5713,'Zumbadorcito',1603),
(5714,'Los Platanos',1603),
(5715,'Zumbador Abajo',1603),
(5716,'La Privada',1603),
(5717,'Sector David',1603),
(5718,'Arroyo Del Rancho',1603),
(5719,'El Desvio',1603),
(5720,'Arroyo Pomo',1603),
(5721,'La Yautia',1603),
(5722,'El Cacao',1603),
(5723,'Kilometro 16',1603),
(5724,'La Ensenada',1603),
(5725,'Los Zanjones',1603),
(5726,'El Llano',1603),
(5727,'Castañuelas',1701),
(5728,'El Ahogado',1701),
(5729,'Finca Maule',1701),
(5730,'Los Chichiguaos',1701),
(5731,'Loma De Castañuelas',1701),
(5732,'Jobo Corcovado',1701),
(5733,'La Capitalita',1701),
(5734,'Lozano',1701),
(5735,'Punta De Garza',1701),
(5736,'Palo Verde',1701),
(5737,'El Vigiador',1701),
(5738,'Molino Socias',1701),
(5739,'La Magdalena',1701),
(5740,'El Yaguarizo',1701),
(5741,'Los Cajuiles',1701),
(5742,'Hato Viejo',1701),
(5743,'Guayubincito',1702),
(5744,'El Charcon',1702),
(5745,'El Mangal',1702),
(5746,'Sal Si Puedes',1702),
(5747,'Manzana De Oro',1702),
(5748,'Canela',1702),
(5749,'Gazcue',1702),
(5750,'Santa Teresita',1702),
(5751,'Monte Carmelo',1702),
(5752,'Venecia',1702),
(5753,'La Salada',1702),
(5754,'Juan Gomez',1702),
(5755,'Sabana',1702),
(5756,'Villa Sinda',1702),
(5757,'El Campamento',1702),
(5758,'La Gata',1702),
(5759,'Monte Abajo',1702),
(5760,'Martin Garcia',1702),
(5761,'El Guanito',1702),
(5762,'Los Guamachos',1702),
(5763,'La Vuelta',1702),
(5764,'Machete',1702),
(5765,'Cabeza De Toro',1702),
(5766,'Vaca Vieja',1702),
(5767,'Cayucal Abajo',1702),
(5768,'Cayucal',1702),
(5769,'La Antona',1702),
(5770,'El Pocito',1702),
(5771,'Villa Nueva',1702),
(5772,'Bohio Viejo',1702),
(5773,'Puerto Rico',1702),
(5774,'Sabana Cruz',1702),
(5775,'El Cayal',1702),
(5776,'Haiti',1702),
(5777,'Villa Elisa',1702),
(5778,'El Copey',1702),
(5779,'El Guayo',1702),
(5780,'Los Limones',1702),
(5781,'La Guajaca',1702),
(5782,'La Breña',1702),
(5783,'Sabana Bonita',1702),
(5784,'Hato Del Medio Arriba',1702),
(5785,'Hato Del Medio Adentro',1702),
(5786,'Hato Del Medio Abajo',1702),
(5787,'Villa Lobos Afuera',1702),
(5788,'Villa Lobos Adentro',1702),
(5789,'Rodeo O Rodero',1702),
(5790,'Barranca Blanca',1702),
(5791,'El Papayo',1702),
(5792,'Agua De Las Palmas',1702),
(5793,'Cuesta Corvada',1702),
(5794,'Estero Balsa',1702),
(5795,'Puerto Juanita',1702),
(5796,'Hatillo Palma',1702),
(5797,'Los Capellan',1702),
(5798,'El Cayito',1702),
(5799,'Arroyo Seco',1702),
(5800,'Hatillo Palma Adentro',1702),
(5801,'La Divisoria',1702),
(5802,'Los Gorilas',1702),
(5803,'El Camino La Jobera',1702),
(5804,'Cruce De Lora',1702),
(5805,'El Cayito',1702),
(5806,'Los Derramaderos',1702),
(5807,'Soliman',1702),
(5808,'Los Palmaritos',1702),
(5809,'Arroyo Caña',1702),
(5810,'Agua De Luis',1702),
(5811,'Zepiten',1702),
(5812,'Loma De Soliman',1702),
(5813,'Cerro Anton',1702),
(5814,'Loma La Paloma',1702),
(5815,'Doña Antonia',1702),
(5816,'Sabana Del Rancho',1702),
(5817,'La Bananera',1702),
(5818,'Cana Arriba',1702),
(5819,'Cana Al Medio',1702),
(5820,'Cana Abajo O San Pedro',1702),
(5821,'Vanessa',1702),
(5822,'Sabanetica',1702),
(5823,'Buenos Aires',1702),
(5824,'Paso Real',1702),
(5825,'Cerro Gordo Abajo',1702),
(5826,'La Peña Arriba',1702),
(5827,'Cerro Gordo Arriba',1702),
(5828,'La Reforma',1702),
(5829,'Rio Viejo',1702),
(5830,'La Yaguita',1702),
(5831,'Laguna Colorada',1702),
(5832,'La Peña Abajo',1702),
(5833,'Ranchaderos',1702),
(5834,'Fundo Viejo',1702),
(5835,'El Hospital',1702),
(5836,'Sabana De Yajarima',1702),
(5837,'Piloto',1702),
(5838,'Sabana Larga',1702),
(5839,'Los Cercadillos',1702),
(5840,'La Caida',1702),
(5841,'Barrio Nuevo',1702),
(5842,'Gurabo Adentro',1702),
(5843,'El Llano',1703),
(5844,'Las Matas Abajo O Pedro Tomas',1703),
(5845,'El Cayuco',1703),
(5846,'Buen Pastor',1703),
(5847,'El Bolsillo',1703),
(5848,'La Mina',1703),
(5849,'Vivienda O Centro Del Pueblo',1703),
(5850,'El Campamento',1703),
(5851,'Santa Lucia',1703),
(5852,'La Cana',1703),
(5853,'Lindo',1703),
(5854,'El Cacique (Yagurizo)',1703),
(5855,'Manga Mocha O Yaguarizo',1703),
(5856,'Los Reyes',1703),
(5857,'Los Amaceyes',1703),
(5858,'La Horca',1703),
(5859,'La Mayita',1703),
(5860,'Santa Cruz',1703),
(5861,'Pueblo Nuevo',1703),
(5862,'Mejoramiento Social',1704),
(5863,'Antena Militar',1704),
(5864,'El Fogonazo',1704),
(5865,'Salomon Jorge',1704),
(5866,'Cristo Rey',1704),
(5867,'Centro Del Pueblo',1704),
(5868,'La Albina',1704),
(5869,'Las Flores',1704),
(5870,'San Fernando',1704),
(5871,'San Pedro',1704),
(5872,'Bella Vista',1704),
(5873,'Guatapanal',1704),
(5874,'Buenos Aires',1704),
(5875,'Los Maestros',1704),
(5876,'Proyecto Javier',1704),
(5877,'El Gomez',1704),
(5878,'Jaiqui',1704),
(5879,'El Rincon',1704),
(5880,'Laguna Verde',1704),
(5881,'Batey Bisono',1704),
(5882,'Isabel De Torres',1704),
(5883,'Vereda De Sinencio',1704),
(5884,'Las Aguas',1704),
(5885,'El Molino',1704),
(5886,'Carnero',1704),
(5887,'Higuero',1704),
(5888,'Peladeros',1704),
(5889,'Las Clavellinas',1704),
(5890,'La Pinta',1704),
(5891,'Batey Walterio',1704),
(5892,'Batey Maguaca',1704),
(5893,'Batey Higuero',1704),
(5894,'Las Isletas',1704),
(5895,'Batey Isabel',1704),
(5896,'La Cruz De Palo Verde',1704),
(5897,'Batey Madre',1704),
(5898,'La Judea',1704),
(5899,'La Recta De Sanita',1704),
(5900,'Mangruno',1704),
(5901,'Las Peñas',1704),
(5902,'La Sequia',1704),
(5903,'Jaramillo',1704),
(5904,'Batey Juliana',1704),
(5905,'Nueva Judea',1704),
(5906,'Los Conucos',1704),
(5907,'El Morro',1704),
(5908,'El Duro',1704),
(5909,'Baitoal',1704),
(5910,'Pepillo Salcedo',1705),
(5911,'Carbonera',1705),
(5912,'Guanito',1705),
(5913,'Las Fuentes De Guajabo',1705),
(5914,'Masacre',1705),
(5915,'Laguna Saladillo',1705),
(5916,'Copey',1705),
(5917,'Gozuela',1705),
(5918,'Manzanillo Rural',1705),
(5919,'Baitoa',1705),
(5920,'Santa Maria',1705),
(5921,'Sanita',1705),
(5922,'Marmolejos',1705),
(5923,'La Cabuya',1705),
(5924,'El Arrozal',1706),
(5925,'Los Cambrones O San Jose',1706),
(5926,'Centro Del Pueblo',1706),
(5927,'La Capilla',1706),
(5928,'Las Flores',1706),
(5929,'La Gallera',1706),
(5930,'La Colina',1706),
(5931,'La Colina Arriba',1706),
(5932,'Botoncillo',1706),
(5933,'La Trinchera',1706),
(5934,'La Baitoa',1706),
(5935,'Los Uveros',1706),
(5936,'Los Algodones',1706),
(5937,'Los Conucos',1706),
(5938,'Buen Hombre',1706),
(5939,'Las Cañas De Los Uveros',1706),
(5940,'La Brigida',1706),
(5941,'Loma Atravesada',1706),
(5942,'La Finca',1706),
(5943,'El Manantial',1706),
(5944,'El Charcazo',1706),
(5945,'La Aguitas',1706),
(5946,'Villa Garcia',1706),
(5947,'Villa Copa',1706),
(5948,'Los Alpargatales',1706),
(5949,'La Vereda',1706),
(5950,'Sinencio',1706),
(5951,'La Represa',1706),
(5952,'Sabana Chiquita',1706),
(5953,'Ceiba De La Pocilga',1801),
(5954,'Cachiman',1801),
(5955,'El Placer',1801),
(5956,'Agua Buena',1801),
(5957,'Malta Morena',1801),
(5958,'La Soledad',1801),
(5959,'El Bombon',1801),
(5960,'La Ceja (Mata Santiago De Mena)',1801),
(5961,'Yerba Larga',1801),
(5962,'Carabela Arriba',1801),
(5963,'Buena Vista',1801),
(5964,'Palmilla',1801),
(5965,'Washington',1801),
(5966,'Gallabon',1801),
(5967,'Ladino',1801),
(5968,'Juana Lorenza',1801),
(5969,'Babieca',1801),
(5970,'El Cuervo',1801),
(5971,'Cañuelo (Las Aceitunas)',1801),
(5972,'Cojobal',1801),
(5973,'El Pomito',1801),
(5974,'Comatillo',1801),
(5975,'Santa Cruz',1801),
(5976,'Tentacion',1801),
(5977,'Cabuya',1801),
(5978,'Managua',1801),
(5979,'La Altagracia',1801),
(5980,'La Gironda',1801),
(5981,'Las Lometas',1801),
(5982,'Elegido',1801),
(5983,'Mata Santiago',1801),
(5984,'Las Lajas (Managua)',1801),
(5985,'Los Sosa',1801),
(5986,'La Lamedera',1801),
(5987,'El Cercado',1801),
(5988,'Salto Grande',1801),
(5989,'Sierra De Agua',1801),
(5990,'Los Berros',1801),
(5991,'Los Cerritos',1801),
(5992,'Los Aquino',1801),
(5993,'Polonia',1801),
(5994,'Rincon Naranjo',1801),
(5995,'Valle Grande',1801),
(5996,'El Guazaral',1801),
(5997,'Sabaneta',1801),
(5998,'Piedra Chiquita',1801),
(5999,'La Deseada',1801),
(6000,'Laguna Colorada',1801),
(6001,'Coca Barrera',1801),
(6002,'El Hospital',1801),
(6003,'San Juan O San Jose',1801),
(6004,'Centro Del Pueblo',1801),
(6005,'Los Mañese',1801),
(6006,'Santo Cristo',1801),
(6007,'Los Cocos',1801),
(6008,'Pueblo Nuevo',1801),
(6009,'La Madama',1801),
(6010,'Algarrobo',1801),
(6011,'Laurel',1801),
(6012,'La Cañita',1801),
(6013,'Cristo Rey',1801),
(6014,'Las Flores',1801),
(6015,'Invi',1801),
(6016,'Pilanconcito',1801),
(6017,'Los Agronomos',1801),
(6018,'El Suizo',1801),
(6019,'La Esperanza',1801),
(6020,'La Tormenta',1801),
(6021,'Villa Bayaguana (Proyecto Invi)',1801),
(6022,'Juana Alejo',1801),
(6023,'La Ceja',1801),
(6024,'Los Corbanos',1801),
(6025,'Dajao',1801),
(6026,'Los Cagueyes',1801),
(6027,'Los Anones (Las Cruces)',1801),
(6028,'Los Malangos',1801),
(6029,'Mogea',1801),
(6030,'Sabana Larga',1801),
(6031,'Confitero',1801),
(6032,'El Platanal',1801),
(6033,'Anton Sanchez',1801),
(6034,'Cercadillo',1801),
(6035,'Los Cerros',1801),
(6036,'El Chivo',1801),
(6037,'Sabana Del Estado',1801),
(6038,'La Cabeza',1801),
(6039,'Ojo De Agua',1801),
(6040,'Manaclar',1801),
(6041,'Los Nonas',1801),
(6042,'Campiña',1801),
(6043,'La Manigua',1801),
(6044,'La Maniguita',1801),
(6045,'Agua Prieta',1801),
(6046,'Los Peguero',1801),
(6047,'La Loma',1801),
(6048,'Camaron',1801),
(6049,'Sabana Del Medio',1801),
(6050,'Sabana De Los Javier',1801),
(6051,'Pilancon',1801),
(6052,'La Jabilla',1801),
(6053,'Cañada Arriba',1801),
(6054,'Carrizal',1801),
(6055,'Los Caracoles',1801),
(6056,'Los Guineos',1801),
(6057,'La Lechuza',1801),
(6058,'La Bolita',1801),
(6059,'Los Manantiales',1801),
(6060,'Siricu',1801),
(6061,'La Hacienda Maria',1801),
(6062,'Trinidad',1801),
(6063,'El Tablon',1801),
(6064,'Los Anegadizos',1801),
(6065,'Guazaral Adentro',1801),
(6066,'Yuvinita',1801),
(6067,'La Lomita',1801),
(6068,'Higuerito',1801),
(6069,'Tuningo',1801),
(6070,'Los Valles',1801),
(6071,'La Cueva',1801),
(6072,'El Prieto',1801),
(6073,'Mango Limpio',1801),
(6074,'Castellanos',1801),
(6075,'El Guanito (El Centro)',1801),
(6076,'Palma Lisa',1801),
(6077,'El Sombrero',1801),
(6078,'Sigar',1801),
(6079,'Casui',1801),
(6080,'Media Cara',1801),
(6081,'Batey Laura',1801),
(6082,'Los Arroyos',1801),
(6083,'Batey Cocinero',1801),
(6084,'El Valle',1801),
(6085,'Tolentino',1801),
(6086,'Ladino',1801),
(6087,'Maria Vidal',1801),
(6088,'La Cuarenta',1801),
(6089,'Mata Verde (Mata Gorda)',1801),
(6090,'Los Germanes',1801),
(6091,'Las Manuelas',1801),
(6092,'Las Matas De Guabatico',1801),
(6093,'Guaymorote',1801),
(6094,'Los Reyes O Mata De Los Reyes',1801),
(6095,'Corea',1801),
(6096,'Mata De Felipito',1801),
(6097,'El Jobo',1801),
(6098,'Cueva De Valerio',1801),
(6099,'Batey Cea',1801),
(6100,'Media Cara Arriba',1801),
(6101,'Las Piñas',1801),
(6102,'Doña Isabel',1801),
(6103,'Pueblo Nuevo',1801),
(6104,'El Copey',1801),
(6105,'El Rincon',1801),
(6106,'Los Mameyes',1801),
(6107,'Los Arroyos Arriba',1801),
(6108,'Corozal',1801),
(6109,'Pulgarin',1801),
(6110,'Juan Tomas',1801),
(6111,'Yuvina',1801),
(6112,'Jina Copiosa',1801),
(6113,'Marisol',1801),
(6114,'El Higuero',1801),
(6115,'Yabacao',1801),
(6116,'La Gina',1801),
(6117,'El Bebedero',1801),
(6118,'Hato Viejo',1801),
(6119,'Cocinero',1801),
(6120,'Guaricano',1801),
(6121,'Arroyo Arriba',1801),
(6122,'Los Vidal',1801),
(6123,'Mijo Abajo',1802),
(6124,'Vietnam',1802),
(6125,'La Ceja',1802),
(6126,'La Gallera O Barrio Entre Reyes',1802),
(6127,'30 De Mayo',1802),
(6128,'Centro Del Pueblo',1802),
(6129,'La Unidad',1802),
(6130,'Bella Vista',1802),
(6131,'Lindo',1802),
(6132,'Invi Ii',1802),
(6133,'Proyecto Doña Nelly',1802),
(6134,'Los Maestros',1802),
(6135,'Guillo',1802),
(6136,'Suizo',1802),
(6137,'El Caliche',1802),
(6138,'El Cerro',1802),
(6139,'La Savita O Cruce De Melo',1802),
(6140,'Manganagua',1802),
(6141,'El Cruce Del Pajon',1802),
(6142,'El Dian',1802),
(6143,'El Proyecto O Hato Arriba',1802),
(6144,'Loma Vieja',1802),
(6145,'Cruce De Velazquez O La Mina',1802),
(6146,'La Pelea',1802),
(6147,'El 9',1802),
(6148,'Jolupo',1802),
(6149,'Los Coquitos',1802),
(6150,'La Estrella Vieja',1802),
(6151,'Rincon Hondo',1802),
(6152,'El Hatillo',1802),
(6153,'La Candelaria',1802),
(6154,'Rincon Cajuil',1802),
(6155,'La Malena',1802),
(6156,'Rincon Largo',1802),
(6157,'El Cercadillo',1802),
(6158,'El Aguacate',1802),
(6159,'Los Coquitos Arriba',1802),
(6160,'El Prado',1802),
(6161,'La Palma',1802),
(6162,'El Portillo',1802),
(6163,'Batey Velasquez O San Rafael',1802),
(6164,'La Carabela',1802),
(6165,'Los Guayuyos',1802),
(6166,'El Pomo',1802),
(6167,'La Guia',1802),
(6168,'El Doce (12)',1802),
(6169,'Mataguayabo',1802),
(6170,'Los Frailes',1802),
(6171,'El Laurel',1802),
(6172,'La Luisa Prieta',1802),
(6173,'La Luisa Blanca',1802),
(6174,'Barranca',1802),
(6175,'Los Arroyos',1802),
(6176,'La Jina O Jana',1802),
(6177,'Bermejo',1802),
(6178,'La Reforma',1802),
(6179,'Socoa',1802),
(6180,'Santana',1802),
(6181,'Agua Viva',1802),
(6182,'Hatillo',1802),
(6183,'Don Fernando',1802),
(6184,'La Poza',1802),
(6185,'San Mateo',1802),
(6186,'Los Yagrumos',1802),
(6187,'San Diego',1802),
(6188,'La Leña',1802),
(6189,'Plaza Cacique',1802),
(6190,'Badillo',1802),
(6191,'Elvira',1802),
(6192,'Sabana Larga',1802),
(6193,'Toro Prieto',1802),
(6194,'Rio Boyi',1802),
(6195,'Kilometro 5',1802),
(6196,'Don Juan O Centro Del Pueblo',1802),
(6197,'Galindo',1802),
(6198,'Pueblo Nuevo',1802),
(6199,'El Parquesito O El Parque',1802),
(6200,'Invi',1802),
(6201,'Buenos Aires',1802),
(6202,'El Cementerio',1802),
(6203,'Proyecto Invi',1802),
(6204,'Sabana Del Rio',1802),
(6205,'Los Cerros',1802),
(6206,'Frias',1802),
(6207,'Los Galanos',1802),
(6208,'Los Cerros',1802),
(6209,'Los Capaces',1802),
(6210,'Sabana Del Rio',1802),
(6211,'Las Mellizas',1802),
(6212,'Batey Bermejo',1802),
(6213,'Manga',1802),
(6214,'Batey Payabo',1802),
(6215,'Batey Hoyo De Pum',1802),
(6216,'Batey Frias',1802),
(6217,'Cruce De La Elmursht (De Payabo)',1802),
(6218,'Batey Triple San Pedro',1802),
(6219,'Batey Los Llanos',1802),
(6220,'Sabana De Payabo',1802),
(6221,'El Bosque Arriba',1802),
(6222,'Capotillo',1802),
(6223,'Los Granadillos',1802),
(6224,'La Cerca',1802),
(6225,'Los Cumani',1802),
(6226,'Batey La Jagua',1802),
(6227,'Cruce De La Jagua',1802),
(6228,'Las Cinco Casas',1802),
(6229,'La Jagua Abajo',1802),
(6230,'Batey Triple Ozama',1802),
(6231,'Chirino',1802),
(6232,'Yaita',1802),
(6233,'Las Flores',1802),
(6234,'San Francisco',1802),
(6235,'Hicacal',1802),
(6236,'El Coste',1802),
(6237,'El Coco',1802),
(6238,'Primer Alto',1802),
(6239,'Cucaracha',1802),
(6240,'San Francisco Adentro',1802),
(6241,'La Mariquita',1802),
(6242,'Villa Juana',1802),
(6243,'Sabana De San Francisco',1802),
(6244,'Sabana De Corral Falso',1802),
(6245,'Sabana De Ahoga Vaca',1802),
(6246,'Batey San Jose',1802),
(6247,'Los Mameyes',1802),
(6248,'El Guano',1802),
(6249,'La Berenjena',1802),
(6250,'Cazueza',1802),
(6251,'Boca Yaita',1802),
(6252,'La Caguaza',1802),
(6253,'Batey Chirino',1802),
(6254,'Jobo Dulce',1802),
(6255,'El Hatillo (San Juan De Buena Vista)',1802),
(6256,'Sabana De Yabacao (Pueblo Nuevo)',1802),
(6257,'Batey Yabacao',1802),
(6258,'Sabana Barranca',1802),
(6259,'El Talado',1802),
(6260,'Mata Los Indios',1802),
(6261,'Rincon Cana',1802),
(6262,'La Altagracia',1802),
(6263,'Jobo Grande',1802),
(6264,'Chucho Salas',1802),
(6265,'Laguna Clara',1802),
(6266,'Boya',1802),
(6267,'Agua Santa',1802),
(6268,'Batista',1802),
(6269,'El Cajuilito',1802),
(6270,'El Mamey',1802),
(6271,'Mirador',1802),
(6272,'Los Reyes',1802),
(6273,'Los Pilones',1802),
(6274,'Cilindron',1802),
(6275,'El Cogote',1802),
(6276,'El Naranjo',1802),
(6277,'El Cacique',1802),
(6278,'Los Ranchos',1802),
(6279,'Otaña',1802),
(6280,'Vicente',1802),
(6281,'Las Auyamas',1802),
(6282,'Gavilan Abajo',1802),
(6283,'Cara Linda',1802),
(6284,'Gavilan',1802),
(6285,'Los Hojanchos',1802),
(6286,'Los Guayos',1802),
(6287,'Ana Santana',1802),
(6288,'La Angostura',1802),
(6289,'Genaro',1802),
(6290,'Los Jurungos',1802),
(6291,'Cruce De Toñe',1802),
(6292,'Mani La Vieja',1802),
(6293,'Cruz De Morillo',1802),
(6294,'La Vigia',1802),
(6295,'El Capaz',1802),
(6296,'El Rodeo',1802),
(6297,'Ana Ruiz',1802),
(6298,'Ceiba Seca',1802),
(6299,'El Horno',1802),
(6300,'La Placeta',1803),
(6301,'La Peguero',1803),
(6302,'Dionicio',1803),
(6303,'El Caserio',1803),
(6304,'La Majagua',1803),
(6305,'El Manguito',1803),
(6306,'La Guazuma',1803),
(6307,'Mateo Pico',1803),
(6308,'El Carmen',1803),
(6309,'La Guardia Abajo',1803),
(6310,'La Laguna',1803),
(6311,'Batey La Guazuma',1803),
(6312,'Manao Pilon',1803),
(6313,'Hoya Fresca',1803),
(6314,'Pekin',1803),
(6315,'El Higo',1803),
(6316,'Jiminillo',1803),
(6317,'Los Coquitos',1803),
(6318,'Cerro Largo',1803),
(6319,'La Guardia Arriba',1803),
(6320,'Corozo Arriba',1803),
(6321,'Corozo Abajo',1803),
(6322,'Cuarce (Cuance)',1803),
(6323,'Lambedera',1803),
(6324,'Los Hojanchos',1803),
(6325,'Barrio La 42',1803),
(6326,'Cuancita',1803),
(6327,'Serralles',1803),
(6328,'Mata De Platano',1803),
(6329,'El Pico',1803),
(6330,'La Horqueta',1803),
(6331,'La Cuaba Arriba',1803),
(6332,'La Recta',1803),
(6333,'La Ensenada',1803),
(6334,'La Travesia',1803),
(6335,'La Cuaba Abajo',1803),
(6336,'El Callejon',1803),
(6337,'El Play',1803),
(6338,'Serralles Adentro',1803),
(6339,'Los Guayabos',1803),
(6340,'Santa Lucia',1803),
(6341,'Jorungo',1803),
(6342,'Bernardino',1803),
(6343,'Los Morones',1803),
(6344,'Macumas',1803),
(6345,'La Jaguita',1803),
(6346,'Arroyo Grande',1803),
(6347,'Bejuco Colorado',1803),
(6348,'El Mate',1803),
(6349,'El Memiso',1803),
(6350,'Centro Penzo',1803),
(6351,'El Calvario',1803),
(6352,'La Bruja',1803),
(6353,'El Canton',1803),
(6354,'Los Arroyos',1803),
(6355,'El Cafe',1803),
(6356,'Juana Cotes',1803),
(6357,'El Capa',1803),
(6358,'La Peguera',1803),
(6359,'Camaron',1803),
(6360,'Tierra Mala',1803),
(6361,'El Manguito',1803),
(6362,'El Naranjo',1803),
(6363,'El Cementerio O La Milagrosa',1804),
(6364,'La Chamuscada',1804),
(6365,'Centro Del Pueblo',1804),
(6366,'Pueblo Nuevo',1804),
(6367,'El Deportivo',1804),
(6368,'Las Cañitas',1804),
(6369,'El Quilombo',1804),
(6370,'La Escuela O Ensanche Escolar',1804),
(6371,'El 15',1804),
(6372,'El Anillo O El Brisal',1804),
(6373,'Brisas Del Este',1804),
(6374,'La Mercedes',1804),
(6375,'Las Flores',1804),
(6376,'El Matadero',1804),
(6377,'La Emisora',1804),
(6378,'La Gallera',1804),
(6379,'Play Viejo O Tercera Base',1804),
(6380,'Los Guandules',1804),
(6381,'Residencial Arcoiris',1804),
(6382,'Sabana Larga De Cojobal',1804),
(6383,'Los Hoyos Del Hara',1804),
(6384,'Batey Sabana Larga',1804),
(6385,'El Puente',1804),
(6386,'Batey Galeno O Galiano',1804),
(6387,'Cabeza De Toro',1804),
(6388,'El Plan',1804),
(6389,'El Cercado',1804),
(6390,'El Lial',1804),
(6391,'La Nuez',1804),
(6392,'Lovaton',1804),
(6393,'Los Aguacates',1804),
(6394,'Los Pomos',1804),
(6395,'Maluco',1804),
(6396,'Amaceyes',1804),
(6397,'La Vigia',1804),
(6398,'Cilindron',1804),
(6399,'Mataseco',1804),
(6400,'Batey Altagracia',1804),
(6401,'Batey Zapote',1804),
(6402,'Batey Piraco',1804),
(6403,'Batey Juan Sanchez',1804),
(6404,'Batey Ara',1804),
(6405,'Batey Las Charcas',1804),
(6406,'Batey Aserradero',1804),
(6407,'Batey Enriquillo',1804),
(6408,'Batey Cojobal',1804),
(6409,'La Savita',1804),
(6410,'Batey El Triple',1804),
(6411,'Los Corrales Del Cea',1804),
(6412,'Hato San Pedro',1804),
(6413,'Palmar Viejo',1804),
(6414,'Buena Vista',1804),
(6415,'San Antonio',1804),
(6416,'La Chamuscada',1804),
(6417,'Batey Luna',1804),
(6418,'Esperanza',1804),
(6419,'Los Guineos',1804),
(6420,'Rincon Claro',1804),
(6421,'Santa Rosa',1804),
(6422,'Comadreja',1804),
(6423,'Nuevo Ambiente',1804),
(6424,'Centro Del Pueblo',1804),
(6425,'Los Cachimbos',1804),
(6426,'El Play',1804),
(6427,'Ramon Rosa',1804),
(6428,'Verde',1804),
(6429,'Los Limones',1804),
(6430,'Las Cabirmas',1804),
(6431,'Palo De Coa',1804),
(6432,'Los Balataces',1804),
(6433,'Lambedera',1804),
(6434,'Los Haitises',1804),
(6435,'La Cueva',1804),
(6436,'Yayal',1804),
(6437,'La Entrada De Las Cabirmas',1804),
(6438,'El Congo',1804),
(6439,'Los Arroyitos',1804),
(6440,'Las Cacatas',1804),
(6441,'Mata De Limon (Vamos Entrando)',1804),
(6442,'La Sierra (Alto De Las Flores)',1804),
(6443,'Batey La Tarana',1804),
(6444,'La Tala De Sanchez',1804),
(6445,'Monte Claro',1804),
(6446,'Batey Los Arroyos',1804),
(6447,'Gonzalo',1804),
(6448,'Batey Sabana Larga De Gonzalo',1804),
(6449,'La Ozea',1804),
(6450,'Ceiba De La Pocilga',1804),
(6451,'Batey Vara De Capa',1804),
(6452,'Laguna Colorada',1804),
(6453,'La Maniguita',1804),
(6454,'Los Naranjos',1804),
(6455,'Batey Nuevo',1804),
(6456,'Batey Carmona',1804),
(6457,'Batey Mejia',1804),
(6458,'La Construccion',1804),
(6459,'Sabana Grande De Boy- (Hoyo De Puta)',1804),
(6460,'Centro Del Pueblo',1804),
(6461,'Rincon Solo',1804),
(6462,'La Gallera',1804),
(6463,'San Jose',1804),
(6464,'Balsa Mala',1804),
(6465,'El Play',1804),
(6466,'La Laguna',1804),
(6467,'Mono Mojao',1804),
(6468,'Francisquito Abajo',1804),
(6469,'Francisquito Arriba',1804),
(6470,'Piedra Del Grillo O Grillo',1804),
(6471,'Palacio',1804),
(6472,'La China',1804),
(6473,'Higuerito',1804),
(6474,'El Manguito',1804),
(6475,'Bañadero',1804),
(6476,'La Selva',1804),
(6477,'El Cedro',1804),
(6478,'Vietnam',1804),
(6479,'El Barrio',1804),
(6480,'Batey Nuevo',1804),
(6481,'Mapolo Arriba',1804),
(6482,'Mapolo Abajo',1804),
(6483,'El Cedrito',1804),
(6484,'Ojo De Agua',1804),
(6485,'La Resbalosa',1804),
(6486,'Arroyito',1804),
(6487,'La Cerca',1804),
(6488,'Los Cuacos',1804),
(6489,'Tala De Sanchez',1804),
(6490,'Manaclai',1804),
(6491,'Los Malangos',1804),
(6492,'El 42 De Los Mapolos',1804),
(6493,'Juan Pablo Duarte',1805),
(6494,'Las Flores',1805),
(6495,'Los Almendros',1805),
(6496,'Ciguelillo',1805),
(6497,'El Mulo',1805),
(6498,'Nuevo Camino O Los Come Solos',1805),
(6499,'Rincon',1805),
(6500,'La Colorada',1805),
(6501,'Canta Maco',1805),
(6502,'El Invi',1805),
(6503,'La Planta',1805),
(6504,'La Gallera',1805),
(6505,'El Nuevos Horizontes',1805),
(6506,'Cercadillo',1805),
(6507,'La Jabilla',1805),
(6508,'La Gina',1805),
(6509,'Los Guineos',1805),
(6510,'Piedra Azul',1805),
(6511,'La Cuchilla',1805),
(6512,'Pepe Perez',1805),
(6513,'Arroyo Majagua',1805),
(6514,'El Llano',1805),
(6515,'Camaron De Los Guineos',1805),
(6516,'Piedroso (Pedroso)',1805),
(6517,'Piedrosito (Pedrosito)',1805),
(6518,'Ozama Arriba',1805),
(6519,'Arroyo Rancho',1805),
(6520,'El Siete',1805),
(6521,'La Pared',1805),
(6522,'La Vigia (Cajareque)',1805),
(6523,'Los Jobillos',1805),
(6524,'Batey Los Jobillos',1805),
(6525,'La Felicita',1805),
(6526,'Cuesta Del Jobo',1805),
(6527,'Dajao',1805),
(6528,'La Blanca',1805),
(6529,'Los Almendros',1805),
(6530,'La Patilla',1805),
(6531,'El Lobo',1805),
(6532,'El Mogote',1805),
(6533,'La Gorreta',1805),
(6534,'El Caimito',1805),
(6535,'San Antonio',1805),
(6536,'La Lambedera',1805),
(6537,'Los Algarrobos',1805),
(6538,'La Joya',1805),
(6539,'Los Bañaderos',1805),
(6540,'La Parcela',1805),
(6541,'Loma De Marcelo',1805),
(6542,'Los Mosquitos',1805),
(6543,'Pantoita',1805),
(6544,'Mayiga Arriba',1805),
(6545,'Zayas (El Veinte)',1805),
(6546,'Morey',1805),
(6547,'Jagua Abajo',1805),
(6548,'La Cuaba',1805),
(6549,'Los Botados',1805),
(6550,'La Jabilla',1805),
(6551,'Los Solares O La Caña',1805),
(6552,'Pueblo Nuevo',1805),
(6553,'La Palmita Arriba',1805),
(6554,'La Palmita Abajo',1805),
(6555,'Resoli',1805),
(6556,'Camaron',1805),
(6557,'El Palmarito',1805),
(6558,'La Sabana',1805),
(6559,'Los Arroyos',1805),
(6560,'Loma Al Medio',1805),
(6561,'Los Asientos',1805),
(6562,'El Tablon',1805),
(6563,'La Cola',1805),
(6564,'La Salsa O La Zarza',1805),
(6565,'La Manacla',1805),
(6566,'El Jengibre',1805),
(6567,'El Cercado',1805),
(6568,'Las Mayas',1805),
(6569,'La Piña',1805),
(6570,'Batey Las Mayitas',1805),
(6571,'Batey Yagua',1805),
(6572,'Los Callejones',1805),
(6573,'Los Caños',1805),
(6574,'Hormiguero',1805),
(6575,'Reparadero',1805),
(6576,'Batey Seco',1805),
(6577,'El 35',1805),
(6578,'La Lomita O Melendez',1805),
(6579,'Hoja Ancha',1805),
(6580,'Palo Seco',1805),
(6581,'La Yautia',1805),
(6582,'La Loma',1805),
(6583,'Valle Encantado',1805),
(6584,'El Proyecto',1805),
(6585,'Mama Tingo',1805),
(6586,'Gualey',1805),
(6587,'El Ranchito',1805),
(6588,'Sabana Novillo',1805),
(6589,'Sabana Potrero',1805),
(6590,'Boca De Mayiga',1805),
(6591,'Loma Regina',1805),
(6592,'Sabana Piedra',1805),
(6593,'Consuelo',1805),
(6594,'La Cuchilla',1805),
(6595,'La Jaguita',1805),
(6596,'Piedra Grande',1805),
(6597,'El Placer',1805),
(6598,'El Zapote',1805),
(6599,'Jagua Mocha',1805),
(6600,'Maimon',1805),
(6601,'El Naranjo',1805),
(6602,'El Chacaro',1805),
(6603,'Rio Arriba',1805),
(6604,'El Capa',1805),
(6605,'Arroyo Indio',1805),
(6606,'Guanumita',1805),
(6607,'Colorado',1805),
(6608,'La Cuneta',1805),
(6609,'Monte Recio',1805),
(6610,'La Mata Cimarrona',1805),
(6611,'Sabanita Al Medio',1805),
(6612,'La Penca',1805),
(6613,'Sabana Grande',1805),
(6614,'La Estancia',1805),
(6615,'Los Lanos',1805),
(6616,'Ledesma',1805),
(6617,'Loma Cambelen',1805),
(6618,'Mirador',1805),
(6619,'Los Angelitos',1805),
(6620,'La Majagua',1805),
(6621,'Los Nuñez',1805),
(6622,'Palo Prieto',1805),
(6623,'El Cinco',1805),
(6624,'Cuance',1805),
(6625,'Palo Bonito',1805),
(6626,'Cruce De Rio Verde',1805),
(6627,'Cansa Mancebo',1805),
(6628,'El Veinte',1805),
(6629,'El Avion',1805),
(6630,'Batey Guazumita',1805),
(6631,'Batey Nuevo',1805),
(6632,'Batey El Caño',1805),
(6633,'Batey Antonci',1805),
(6634,'La Mina',1805),
(6635,'Junquito',1805),
(6636,'La Ceja (Batey La Maya)',1805),
(6637,'Centro Del Pueblo',1901),
(6638,'30 De Mayo',1901),
(6639,'Brisas De Guazuma',1901),
(6640,'Los Cajuilitos',1901),
(6641,'El Fundo',1901),
(6642,'Pueblo Nuevo',1901),
(6643,'El Invi',1901),
(6644,'Santa Cruz',1901),
(6645,'Villa Majeca',1901),
(6646,'Los Pescadores',1901),
(6647,'Las Marias',1901),
(6648,'Santa Rosa',1901),
(6649,'Los Barrancones',1901),
(6650,'Mejoramiento Social',1901),
(6651,'El Fundo (Mirador Norte)',1901),
(6652,'La Saona',1901),
(6653,'El Mani',1901),
(6654,'El Llano',1901),
(6655,'Urbanizacion Maria Del Carmen',1901),
(6656,'Urbanizacion Palo Alto',1901),
(6657,'Urbanizacion  Brisas Del Canal',1901),
(6658,'Urbanizacion Valera Guzman',1901),
(6659,'Boca Canasta',1901),
(6660,'Boca Canasta',1901),
(6661,'Corbanal',1901),
(6662,'Los Almendros',1901),
(6663,'Las Salinas',1901),
(6664,'Las Calderas',1901),
(6665,'Cañafistol',1901),
(6666,'Monte Bonito',1901),
(6667,'Los Cateyes',1901),
(6668,'Monteada De Javier',1901),
(6669,'Hoyo Nuevo',1901),
(6670,'La Manaclas',1901),
(6671,'Los Fondos  De Jiguey',1901),
(6672,'El Aguacate',1901),
(6673,'Los Jobos',1901),
(6674,'La Malanga',1901),
(6675,'La Cabirma',1901),
(6676,'Las Palmas',1901),
(6677,'La Telanza',1901),
(6678,'Calderon',1901),
(6679,'La Guama',1901),
(6680,'Fundacion De Peravia',1901),
(6681,'Peravia',1901),
(6682,'Honduras',1901),
(6683,'El Matadero',1901),
(6684,'El Montazo',1901),
(6685,'Firme En Medio',1901),
(6686,'La Mala Pasada',1901),
(6687,'El Hoyo',1901),
(6688,'La Cuaba',1901),
(6689,'El Bañadero',1901),
(6690,'Los Naranjales',1901),
(6691,'El Embalsadero O Sabana Roble',1901),
(6692,'Sabina',1901),
(6693,'Los Cedros',1901),
(6694,'La Botija',1901),
(6695,'Los Ranchos',1901),
(6696,'La Tayota',1901),
(6697,'Segundo Rio',1901),
(6698,'Rio Arriba',1901),
(6699,'La Vuelta De La Barranca',1901),
(6700,'Los Guatapanales',1901),
(6701,'La Lana',1901),
(6702,'El Almirante',1901),
(6703,'Montero',1901),
(6704,'Arroyo Seco',1901),
(6705,'Agua Clara',1901),
(6706,'El Alto De  Los  Papita',1901),
(6707,'El Alto De Los Gabriela',1901),
(6708,'La Altagracia',1901),
(6709,'El Ojo De Agua',1901),
(6710,'Portezuelo',1901),
(6711,'El Genare',1901),
(6712,'La Gina',1901),
(6713,'El Copey (Arroyo Salado)',1901),
(6714,'Los Ramones',1901),
(6715,'El Agua Del Limon',1901),
(6716,'El Bejucal',1901),
(6717,'Los Naranjos',1901),
(6718,'Barranca Colora',1901),
(6719,'La Jobita O La Jubita',1901),
(6720,'La Mora',1901),
(6721,'El Llano',1901),
(6722,'El Manaclar',1901),
(6723,'El Naranjal',1901),
(6724,'Hoyo Sanchez',1901),
(6725,'Sabana Indio',1901),
(6726,'La Monteria',1901),
(6727,'Los Yaguarizos',1901),
(6728,'La Majagua',1901),
(6729,'Las Auyamas',1901),
(6730,'Cabeza De Toro',1901),
(6731,'La Piedra',1901),
(6732,'La Tuna',1901),
(6733,'La Cienaga',1901),
(6734,'La Lechuza',1901),
(6735,'El Caimito',1901),
(6736,'Monte Llano',1901),
(6737,'Rancho De Matos',1901),
(6738,'El Toro',1901),
(6739,'El Aguacate',1901),
(6740,'Sonador',1901),
(6741,'El Recodo',1901),
(6742,'El Barro',1901),
(6743,'Monte Del Maniel',1901),
(6744,'Cerro Prieto',1901),
(6745,'Las Yayas',1901),
(6746,'Bartolo',1901),
(6747,'El Salto',1901),
(6748,'La Perdiz',1901),
(6749,'El Picao',1901),
(6750,'Loma Los Pinos',1901),
(6751,'La Yayita',1901),
(6752,'La Uvita',1901),
(6753,'Rancho Agustin',1901),
(6754,'Cañada Honda',1901),
(6755,'El Rito',1901),
(6756,'El Mamey',1901),
(6757,'Cañaveral',1901),
(6758,'El Rincon',1901),
(6759,'Caminero',1901),
(6760,'La Laguna',1901),
(6761,'El Montazo',1901),
(6762,'Valdesia',1901),
(6763,'Arroyo Blanco',1901),
(6764,'Los Ramones',1901),
(6765,'La Bejuquera',1901),
(6766,'Ermitaño',1901),
(6767,'Los Rodriguez',1901),
(6768,'El Hoyito',1901),
(6769,'Buena Vista',1901),
(6770,'La Cuaba O Cubana',1901),
(6771,'Palo Bonito',1901),
(6772,'Villa Guera',1901),
(6773,'El Fundo',1901),
(6774,'Boca De Guera',1901),
(6775,'Los Estamos',1901),
(6776,'Matanzas Arriba',1901),
(6777,'Matanzas Abajo',1901),
(6778,'Ana Lucila Ii',1901),
(6779,'Los Jobos',1901),
(6780,'Matanzas  Rural',1901),
(6781,'Arroyo Hondo',1901),
(6782,'Quija Quieta',1901),
(6783,'Las Tablas',1901),
(6784,'Galion (Galeon)',1901),
(6785,'Las Calabazas',1901),
(6786,'Angostura',1901),
(6787,'San Jose',1901),
(6788,'Los Rieles',1901),
(6789,'Hato Fino',1901),
(6790,'Agusadera',1901),
(6791,'Los Tumbaos',1901),
(6792,'Centro Del Pueblo',1901),
(6793,'El Millon',1901),
(6794,'La Cuesta',1901),
(6795,'El Abey',1901),
(6796,'Las Mallitas (Las Bocainas)',1901),
(6797,'Las Carreras',1901),
(6798,'El Cruce De Ocoa',1901),
(6799,'El Rastrillo',1901),
(6800,'Monte Mamon',1901),
(6801,'Cerrito Limon',1901),
(6802,'Cañada Arriba',1901),
(6803,'Escondido',1901),
(6804,'Los Ranchitos',1901),
(6805,'Centro Del Pueblo',1901),
(6806,'Nuevo',1901),
(6807,'El Palmarito',1901),
(6808,'Sabana De La Cruz',1901),
(6809,'Sabana Buey',1901),
(6810,'Paya Arriba',1901),
(6811,'Paya En Medio',1901),
(6812,'Paya Abajo',1901),
(6813,'Los Quemados',1901),
(6814,'Escondido',1901),
(6815,'Las Bayonas',1901),
(6816,'La Javilla',1901),
(6817,'Mata Gorda',1901),
(6818,'Sabana Chiquita',1901),
(6819,'Paya Rural',1901),
(6820,'Sabana Jovero',1901),
(6821,'Ojo De Agua',1901),
(6822,'La Vereda',1901),
(6823,'El Voladero',1901),
(6824,'Agua Mala',1901),
(6825,'El Retiro',1901),
(6826,'El Pozo',1901),
(6827,'Ocoa',1901),
(6828,'Naco',1901),
(6829,'El Brisal',1901),
(6830,'La Altagracia (Ramoncito)',1901),
(6831,'Urbanizacion Karina',1901),
(6832,'Papatino (Villa Luz)',1901),
(6833,'Urbanizacion  Saona',1901),
(6834,'Las Casitas',1901),
(6835,'Los Cartones',1901),
(6836,'Urbanizacion Patria Minerva',1901),
(6837,'Marcial Peña',1901),
(6838,'Guayacanes',1901),
(6839,'Pueblo Nuevo',1901),
(6840,'Mama Gina',1901),
(6841,'El Jobo',1901),
(6842,'La Raqueta',1901),
(6843,'Carreton',1901),
(6844,'Sabana Larga',1901),
(6845,'El Guano',1901),
(6846,'Los Mayales',1901),
(6847,'Los Pinos',1901),
(6848,'La Loma Del Chivo',1901),
(6849,'La Clinica',1901),
(6850,'Arroyo Mingo',1901),
(6851,'Catalina',1901),
(6852,'Batey La Noria',1901),
(6853,'San Jose',1901),
(6854,'Carretalina',1901),
(6855,'La Delicia',1901),
(6856,'Colonia Catalina',1901),
(6857,'Limonal',1901),
(6858,'Alto Del Limonal',1901),
(6859,'Los Campeches',1901),
(6860,'Los Cajuilitos',1901),
(6861,'Las Flores',1901),
(6862,'La Cachimba',1901),
(6863,'Los Acostados',1901),
(6864,'La Iguana',1901),
(6865,'Palo Bonito',1901),
(6866,'Iguana Arriba',1901),
(6867,'Iguana Abajo',1901),
(6868,'Corte Nuevo',1901),
(6869,'Los Corbanos',1901),
(6870,'Las Lagunas',1901),
(6871,'La Rinconada',1901),
(6872,'Rinconcito',1901),
(6873,'La Manaclita',1901),
(6874,'La Cabria',1901),
(6875,'La Vereda',1901),
(6876,'Arroyo Salado',1901),
(6877,'Las Yaguas',1901),
(6878,'La Palma Herrada',1901),
(6879,'El Desecho',1901),
(6880,'Cañada De Los Puercos',1901),
(6881,'Los Jobitos',1901),
(6882,'Los Guanabanos',1901),
(6883,'Buena Vista',1901),
(6884,'Cañada Grande',1901),
(6885,'Las  Barias',1901),
(6886,'El Roblegar',1901),
(6887,'Contraembalse',1901),
(6888,'Cruz De Marcos',1901),
(6889,'Arroyo Hondo',1901),
(6890,'Arroyo Canoa',1901),
(6891,'Loma Del Guano',1901),
(6892,'Cañada Prieta',1901),
(6893,'Arroyo  Mingo',1901),
(6894,'Los Sitios De Juan Decena',1901),
(6895,'Media Blanca',1903),
(6896,'Centro Del Pueblo',1903),
(6897,'Zapotal',1903),
(6898,'Maco Verde',1903),
(6899,'Ciudad Nueva',1903),
(6900,'Las Mercedes',1903),
(6901,'Don Gregorio',1903),
(6902,'Los Salados',1903),
(6903,'Alto De La Estancia',1903),
(6904,'Centro Del Pueblo',1903),
(6905,'Brisas Del Canal',1903),
(6906,'Sabana Abajo',1903),
(6907,'Roblegal Abajo',1903),
(6908,'Los Nina',1903),
(6909,'Los Martinez',1903),
(6910,'Gualey',1903),
(6911,'Los Roche',1903),
(6912,'Compuerta De Lico',1903),
(6913,'La Cooperativa',1903),
(6914,'Lolo',1903),
(6915,'Santana Arriba',1903),
(6916,'Buenas Nuevas',1903),
(6917,'Batey Maria Consuelo',1903),
(6918,'Santana Abajo',1903),
(6919,'Los Lora O Los Lara',1903),
(6920,'Lucas Diaz',1903),
(6921,'Lindo',1903),
(6922,'Ramon Chalas',1903),
(6923,'Boca Del Arroyo',1903),
(6924,'Barrio Lindo',1903),
(6925,'La Estancia',1903),
(6926,'Maria Consuelo',1903),
(6927,'Yiyo Gomez',1903),
(6928,'Alto De Los Melones',1903),
(6929,'Los Franco',1903),
(6930,'Centro Del Pueblo',2001),
(6931,'Nuevo',2001),
(6932,'La Policia',2001),
(6933,'Pangola',2001),
(6934,'Macanatillo',2001),
(6935,'Polvorin O Las Flores',2001),
(6936,'Las Palmas',2001),
(6937,'Los Tres Charcos',2001),
(6938,'Manuel Goya',2001),
(6939,'Nueva Rosa',2001),
(6940,'El Tocon O Fogon De Los Perros',2001),
(6941,'Palo El Nemero',2001),
(6942,'Porvenir',2001),
(6943,'Tierra Colorada',2001),
(6944,'Las Palmas',2001),
(6945,'Lindo',2001),
(6946,'Nuevo',2001),
(6947,'El Centro',2001),
(6948,'Las Malvinas',2001),
(6949,'Colonia Villa Esperanza',2001),
(6950,'El Bucaral',2001),
(6951,'Macandela',2001),
(6952,'Mambi',2001),
(6953,'Groma',2001),
(6954,'Charco Blanco',2001),
(6955,'Mapioro',2001),
(6956,'Arroyo Salado',2001),
(6957,'El Cajuil',2001),
(6958,'Payano',2001),
(6959,'Pedro Mota',2001),
(6960,'Miramar',2002),
(6961,'Las Mercedes',2002),
(6962,'Centro Del Pueblo',2002),
(6963,'Verde',2002),
(6964,'Ines',2002),
(6965,'Alcoa',2002),
(6966,'Militar',2002),
(6967,'Villa Del Mar',2002),
(6968,'Nicolas Feliz',2002),
(6969,'Los Cayucos',2002),
(6970,'Campo De Aviacion Viejo',2002),
(6971,'Campo De Aviacion Nuevo',2002),
(6972,'Los Guayacanes',2002),
(6973,'Los Coquitos',2002),
(6974,'Victor Cheche',2002),
(6975,'Cabo Muelle',2002),
(6976,'La Cuarenta',2002),
(6977,'Jose Francisco Peña Gomez',2002),
(6978,'Las Flores',2002),
(6979,'Savica',2002),
(6980,'Cabo Rojo',2002),
(6981,'La Cueva',2002),
(6982,'Isla Beata',2002),
(6983,'El Yayal (Campo Amor)',2002),
(6984,'Las Mercedes',2002),
(6985,'Sumbe',2002),
(6986,'Toro Arriba (Sitio Quemao)',2002),
(6987,'Sitio Nuevo',2002),
(6988,'El Mogote',2002),
(6989,'Olivar',2002),
(6990,'Jurungo',2002),
(6991,'La Altagracia O Centro Del Pueblo',2002),
(6992,'Jarro Sucio',2002),
(6993,'Canta La Rana',2002),
(6994,'Aguas Negras',2002),
(6995,'La Manigua',2002),
(6996,'Cabo Duarte',2002),
(6997,'La Rosa',2002),
(6998,'Colonia Mencia',2002),
(6999,'La Altagracia',2002),
(7000,'La Canoa',2002),
(7001,'Bella Vista',2002),
(7002,'San Isidro',2002),
(7003,'Cabeza De Agua',2002),
(7004,'La Altagracia',2002),
(7005,'Don Juan',2002),
(7006,'Pasu Sena',2002),
(7007,'Boca Tanjon',2002),
(7008,'La Joya',2002),
(7009,'El Bambe',2002),
(7010,'Colonia Los Arroyos',2002),
(7011,'Los Corrales (El Corral)',2002),
(7012,'Los Manguitos',2002),
(7013,'Avila',2002),
(7014,'La Piedra',2101),
(7015,'Centro Del Pueblo',2101),
(7016,'El Jamo',2101),
(7017,'Los Arroyos',2101),
(7018,'El Copey',2101),
(7019,'Rancho Nuevo',2101),
(7020,'La Catalina',2101),
(7021,'El Mamey',2101),
(7022,'La Cumbre',2101),
(7023,'La Cruz De Escalera Abajo',2101),
(7024,'Palo Blanco',2101),
(7025,'Huevito',2101),
(7026,'Cruz De Manaclas',2101),
(7027,'Cementerio',2101),
(7028,'Gajo De La Cruz',2101),
(7029,'Alto De Los Limones',2101),
(7030,'Palma De Los Hierros',2101),
(7031,'Cabeza De Rio Grande',2101),
(7032,'El Macao',2101),
(7033,'La Manacla',2101),
(7034,'El Salto',2101),
(7035,'El Corozo',2101),
(7036,'Escalera Arriba',2101),
(7037,'Escalera Abajo',2101),
(7038,'La China',2101),
(7039,'Higuero',2101),
(7040,'Guaranal',2101),
(7041,'Quita Sueño',2101),
(7042,'Arroyo Blanco',2101),
(7043,'Los Cacaos',2101),
(7044,'Los Llanos',2101),
(7045,'Los Claveles',2101),
(7046,'La Lomota',2101),
(7047,'Palma Picada',2101),
(7048,'La Jagua',2101),
(7049,'El Guayabo',2101),
(7050,'La Piedra',2101),
(7051,'La Sierra',2101),
(7052,'Boca De Rio Grande',2101),
(7053,'Los Colinfre',2101),
(7054,'Hervidor',2101),
(7055,'Los Uveros',2101),
(7056,'Los Mieses',2101),
(7057,'Palmar Grande',2101),
(7058,'La Atravesada',2101),
(7059,'Las Aromas',2101),
(7060,'Los Bonilla',2101),
(7061,'Bellaco',2101),
(7062,'Pozo Prieto',2101),
(7063,'La Llanada',2101),
(7064,'Los Manantiales',2101),
(7065,'Las Manaclas',2101),
(7066,'Agua Larga',2101),
(7067,'Rincon De La Loma',2101),
(7068,'Rincon Del Llano',2101),
(7069,'Cuesta Del Mate',2101),
(7070,'Quebrada Honda',2101),
(7071,'Los Fefinos',2101),
(7072,'Las Lajas Arriba',2101),
(7073,'Las Lajas Abajo',2101),
(7074,'Los Arroyos',2101),
(7075,'La Damajagua',2101),
(7076,'Los Rincones',2101),
(7077,'Lajas',2101),
(7078,'Rio Grande',2101),
(7079,'Los Altos',2101),
(7080,'Rio Grande Abajo',2101),
(7081,'El Bambe',2101),
(7082,'El Cumbi',2101),
(7083,'El Fundo',2101),
(7084,'Pueblo Chico',2101),
(7085,'La Atravezada',2101),
(7086,'La Sabana',2101),
(7087,'Las Loma De Abreu',2101),
(7088,'Domingo Miguel',2101),
(7089,'Los Picos Abajo',2101),
(7090,'Los Chijos',2101),
(7091,'La Guinea',2101),
(7092,'Las Aguas',2101),
(7093,'Los Mangos',2101),
(7094,'Los Picos Arriba',2101),
(7095,'Los Naranjos',2101),
(7096,'Rio Grande Arriba',2101),
(7097,'Rancho Viejo',2101),
(7098,'El Almacen',2101),
(7099,'Arroyo El Clavo',2101),
(7100,'Pies Jagua',2101),
(7101,'La Sabaneta',2101),
(7102,'El Guayabo',2101),
(7103,'Los Pomos',2101),
(7104,'La Vereda',2101),
(7105,'Los Lirios',2101),
(7106,'Guazaral',2101),
(7107,'Alto De Bohio',2101),
(7108,'Alto De La Jagua',2101),
(7109,'El Rio Abajo',2101),
(7110,'Palmarito',2101),
(7111,'Quinigua',2101),
(7112,'La Espensa',2101),
(7113,'El Manguito',2101),
(7114,'El Cruce',2101),
(7115,'Bajaboniquito  O Bajabonoquito',2101),
(7116,'La Gotera',2101),
(7117,'La Descubierta',2101),
(7118,'Las Lagunitas',2101),
(7119,'Las Paredes',2101),
(7120,'Boca De Rio Blanco',2101),
(7121,'Los Caraballo',2101),
(7122,'La Jagua',2101),
(7123,'Pescado Bobo Abajo',2101),
(7124,'Pescado Bobo Arriba',2101),
(7125,'El Rio Arriba',2101),
(7126,'Los Millones',2101),
(7127,'La Altagracia',2102),
(7128,'Rincon Caliente',2102),
(7129,'El Laurel',2102),
(7130,'Fundacion',2102),
(7131,'Gajo Alto',2102),
(7132,'Paso De Los Burros',2102),
(7133,'Palma De Los Hierros',2102),
(7134,'Cerro Gordo',2102),
(7135,'Paso Seco (Arroyo Seco)',2102),
(7136,'La Cuchareta',2102),
(7137,'La Piragua',2102),
(7138,'Monte Gordo',2102),
(7139,'Rincon Caliente Abajo',2102),
(7140,'Agua Larga',2102),
(7141,'La Mariposa',2102),
(7142,'Los Minaya',2102),
(7143,'Arroyo Viejito',2102),
(7144,'Sabana De Los Muertos',2102),
(7145,'La Cabirma',2102),
(7146,'El Talado',2102),
(7147,'Los Hoyos',2102),
(7148,'Hoya Grande',2102),
(7149,'Rincon Caliente Arriba',2102),
(7150,'Vista Alegre',2102),
(7151,'Las Hoyas',2102),
(7152,'La Damajagua',2102),
(7153,'Paradero',2102),
(7154,'Paso De La Jagua',2102),
(7155,'La Campana',2102),
(7156,'Loma De Agripino',2102),
(7157,'Loma De Guananico',2102),
(7158,'Rancho Viejo',2102),
(7159,'Palo Amarillo',2102),
(7160,'Palo De Guerra',2102),
(7161,'Gurabo',2102),
(7162,'La Jicotea',2102),
(7163,'Centro Del Pueblo',2103),
(7164,'Juana Saltitopa',2103),
(7165,'Proyecto',2103),
(7166,'Pangola',2103),
(7167,'Salcedo',2103),
(7168,'Club',2103),
(7169,'Cabia',2103),
(7170,'Los Cayucos',2103),
(7171,'Guanabanos',2103),
(7172,'La Piragua Abajo',2103),
(7173,'La Piragua Al Medio',2103),
(7174,'La Piragua Arriba',2103),
(7175,'Los Llabones',2103),
(7176,'Pozo Prieto',2103),
(7177,'La Cabirma',2103),
(7178,'La Joya',2103),
(7179,'Ranchito De Los Peralta',2103),
(7180,'El Alto',2103),
(7181,'El Cuadro',2103),
(7182,'Higuero',2103),
(7183,'Caonao',2103),
(7184,'Los Palmaritos',2103),
(7185,'La Frontera',2103),
(7186,'Las Canas',2103),
(7187,'La Escalereta',2103),
(7188,'El Cafe',2103),
(7189,'La Jibara',2103),
(7190,'Boca De Caonao',2103),
(7191,'Boca De Cabia',2103),
(7192,'La Angostura',2103),
(7193,'Barrero',2103),
(7194,'Loma Blanca',2103),
(7195,'Los Llanos De Perez',2103),
(7196,'Los Trejos',2103),
(7197,'Bajabonico Arriba',2103),
(7198,'Boca De Obispo',2103),
(7199,'Ingenio Amistad',2103),
(7200,'Naranjo Chino',2103),
(7201,'Barrabas',2103),
(7202,'La Aguita',2103),
(7203,'Hojas Anchas',2103),
(7204,'El Puerto',2103),
(7205,'El Rincon',2103),
(7206,'El Hoyo De Perez',2103),
(7207,'Arroyo Seco',2103),
(7208,'La Potranca',2103),
(7209,'La Grea',2103),
(7210,'Vuelta Larga',2103),
(7211,'Saballo',2103),
(7212,'Morillo',2103),
(7213,'El Mamey',2104),
(7214,'Pueblo Nuevo',2104),
(7215,'Altos De Los Acosta',2104),
(7216,'El Rejon',2104),
(7217,'Los Tres Pasos',2104),
(7218,'Las Maritas',2104),
(7219,'La Ceiba',2104),
(7220,'Loma De Piedra',2104),
(7221,'El Pinto',2104),
(7222,'Vuelta Larga',2104),
(7223,'Ranchete',2104),
(7224,'La Peña',2104),
(7225,'Los Tablones',2104),
(7226,'El Rejon',2104),
(7227,'Los Castillos',2104),
(7228,'Marmolejos Abajo',2104),
(7229,'Agua Hedionda',2104),
(7230,'Los Sabino',2104),
(7231,'Marmolejos',2104),
(7232,'Los Altos De Marmolejos',2104),
(7233,'Agua Clara',2104),
(7234,'Las Caobas',2104),
(7235,'Cañada Grande',2104),
(7236,'La Piragua',2104),
(7237,'El Talado',2104),
(7238,'La Boca De Unijica',2104),
(7239,'Agua Clara',2104),
(7240,'Unijica Abajo',2104),
(7241,'Romerico',2104),
(7242,'La Vereda',2104),
(7243,'La Luperona',2104),
(7244,'Charco Del Caiman',2104),
(7245,'Navas',2104),
(7246,'Ruiseñor',2104),
(7247,'Verraco Blanco',2104),
(7248,'Vista Alegre',2104),
(7249,'Los Verracos',2104),
(7250,'Las Alforjas',2104),
(7251,'Los Pucheos',2104),
(7252,'Los Monos',2104),
(7253,'Invi',2104),
(7254,'La Sabana',2104),
(7255,'Buenos Aires',2104),
(7256,'La Libertad',2104),
(7257,'Proyecto Hacienda Rosa Maria',2104),
(7258,'Los Cerros De Navas',2104),
(7259,'La Peñita',2104),
(7260,'Luperon O Centro Del Pueblo',2105),
(7261,'Barrancon',2105),
(7262,'Los Cambrones',2105),
(7263,'Novillero',2105),
(7264,'Las Landras',2105),
(7265,'Los Carmonies',2105),
(7266,'Loma De Novillero',2105),
(7267,'Puerto Caballo',2105),
(7268,'La Rusia',2105),
(7269,'Loran',2105),
(7270,'La Roceta',2105),
(7271,'Souffle Grande',2105),
(7272,'La Piña',2105),
(7273,'Proyecto Agrario',2105),
(7274,'La Aguada',2105),
(7275,'Arenoso',2105),
(7276,'Monte Aguilar',2105),
(7277,'El Higo',2105),
(7278,'Quebrada Honda',2105),
(7279,'El Guano',2105),
(7280,'Cabeza De Vaca',2105),
(7281,'Las Cruces',2105),
(7282,'La Pulga',2105),
(7283,'El Puerto',2105),
(7284,'Los Corozos',2105),
(7285,'La Sabana Abajo',2105),
(7286,'La Peña',2105),
(7287,'El Canal',2105),
(7288,'Escoboso',2105),
(7289,'La Sabana',2105),
(7290,'Ranchito De Los Vargas',2105),
(7291,'La Piedra',2105),
(7292,'Los Tavarez',2105),
(7293,'La Ceibita Arriba',2105),
(7294,'La Ceibita Abajo - Higo',2105),
(7295,'La Joya',2105),
(7296,'Ranchito Abajo',2105),
(7297,'La Isabela',2105),
(7298,'Candelon',2105),
(7299,'Las Maras',2105),
(7300,'La Culebra',2105),
(7301,'Drimbol',2105),
(7302,'Las Paredes',2105),
(7303,'Los Bellosos',2105),
(7304,'Belloso',2105),
(7305,'Los Arquies',2105),
(7306,'El Higo Claro',2105),
(7307,'Los Ramones',2105),
(7308,'El Palero Belloso',2105),
(7309,'El Bajonazo',2105),
(7310,'El Proyecto',2105),
(7311,'La Vereda',2105),
(7312,'Los Conucos',2105),
(7313,'Cerro De Navas',2105),
(7314,'El Estrecho De Luperon Omar Bross',2105),
(7315,'El Estrecho Abajo',2105),
(7316,'La Subida De Los Muertos',2105),
(7317,'Martin Alonzo Arriba',2105),
(7318,'Arroyo Amargo',2105),
(7319,'El Fundo',2105),
(7320,'El Cruce De Martin Alonzo',2105),
(7321,'Tasajera',2105),
(7322,'El Jamo',2105),
(7323,'Los Dominguez',2106),
(7324,'Haiti',2106),
(7325,'Gregorio Luperon',2106),
(7326,'Los Coquitos',2106),
(7327,'Playa Oeste',2106),
(7328,'Invi',2106),
(7329,'Urbanizacion Cerro Verde',2106),
(7330,'La Viara',2106),
(7331,'Ensanche Dubeau',2106),
(7332,'Centro Historico De Puerto Plata',2106),
(7333,'Hotel Y Casino Costa Dorada',2106),
(7334,'La Regola O Ensanche Eduardo Brito',2106),
(7335,'Villa Progreso',2106),
(7336,'Padre Las Casas',2106),
(7337,'Colinas Del Sur (El Avispero)',2106),
(7338,'Ciudad Parte Alta(Zona Escolar)',2106),
(7339,'Urbanizacion El Doral',2106),
(7340,'Los Platanitos',2106),
(7341,'Los Cocos O Ensanche Miramar',2106),
(7342,'Ensanche Luperon',2106),
(7343,'Mirador Sur',2106),
(7344,'Cristo Rey',2106),
(7345,'Los Reyes',2106),
(7346,'Amanda I (Caminero)',2106),
(7347,'Bayardo',2106),
(7348,'Brugal',2106),
(7349,'Inespre',2106),
(7350,'Horizontes Del Atlantico (Villa Sanchez)',2106),
(7351,'Padre Granero',2106),
(7352,'Urbanizacion Torre Alta',2106),
(7353,'Jardines Del Atlantico (G)',2106),
(7354,'Urbanizacion Atlantica',2106),
(7355,'Los Cueto O La Caobas',2106),
(7356,'Maripica O Coca Cola',2106),
(7357,'Las Tres Palmas',2106),
(7358,'Codetel',2106),
(7359,'Cafemba',2106),
(7360,'El Jabillar',2106),
(7361,'Costambar',2106),
(7362,'Cuesta Amarilla',2106),
(7363,'Urbanizacion La Florida',2106),
(7364,'Puerton Rojo',2106),
(7365,'Urbanizacion El Mar',2106),
(7366,'Urbanizacion Lorena',2106),
(7367,'San Marcos Arriba',2106),
(7368,'San Marcos Abajo',2106),
(7369,'Batey 3',2106),
(7370,'Piedra De Candela',2106),
(7371,'La Berenjena O Los Tabita',2106),
(7372,'Los Amaceyes',2106),
(7373,'El Calabacito',2106),
(7374,'Las Tres Canas',2106),
(7375,'El Gallo',2106),
(7376,'El Cupey',2106),
(7377,'Los Pomos',2106),
(7378,'El Naranjal',2106),
(7379,'Came Arriba',2106),
(7380,'La Gotera',2106),
(7381,'Rancho Ambrosio',2106),
(7382,'Los Palmaritos',2106),
(7383,'El Manaclar',2106),
(7384,'El Vallecito',2106),
(7385,'La Caobana O La Caoba',2106),
(7386,'Loma Isabel De Torres',2106),
(7387,'Los Mameyes',2106),
(7388,'Muñoz',2106),
(7389,'Cantabria Abajo O Campiñe',2106),
(7390,'Cantabria Arriba O Mary Vasquez',2106),
(7391,'La Tachuela',2106),
(7392,'Sabana Grande',2106),
(7393,'Marapicada',2106),
(7394,'Los Algodones',2106),
(7395,'Sabana De La Vigia',2106),
(7396,'Sabana De Los Muertos',2106),
(7397,'Came',2106),
(7398,'Juan De Nina',2106),
(7399,'Naranjo Dulce',2106),
(7400,'Arroyo Ancho Abajo O La Playa',2106),
(7401,'Palo Blanco',2106),
(7402,'Tubagua',2106),
(7403,'La China',2106),
(7404,'Los Jobos',2106),
(7405,'Los Coquitos',2106),
(7406,'Mata Redonda',2106),
(7407,'Los Cacaos',2106),
(7408,'El Cayo',2106),
(7409,'Arroyo Frio O El Brison',2106),
(7410,'Arroyo Ancho Arriba',2106),
(7411,'La  U',2106),
(7412,'Yasica Arriba',2106),
(7413,'La Pelota',2106),
(7414,'Mata Puerto (Mata  Puerco)',2106),
(7415,'Los Martinez',2106),
(7416,'Arroyo Grande  (La  Paloma)',2106),
(7417,'La Piragua',2106),
(7418,'El Aguacate',2106),
(7419,'El Limon',2106),
(7420,'El Sanjon',2106),
(7421,'Los Jimenez',2106),
(7422,'El Mango',2106),
(7423,'Yasica Abajo',2106),
(7424,'Juan Pio',2106),
(7425,'Los Peralta',2106),
(7426,'La Garza',2106),
(7427,'Sonador',2106),
(7428,'La Cueva',2106),
(7429,'La Sabana',2106),
(7430,'La Batata',2106),
(7431,'La Piedra',2106),
(7432,'Yaroa Abajo',2106),
(7433,'La Sierrita',2106),
(7434,'La Cabirma',2106),
(7435,'Lajas De Yaroa',2106),
(7436,'Sonador De Yaroa',2106),
(7437,'El Toro',2106),
(7438,'La Burra',2106),
(7439,'Gurabito De Yaroa',2106),
(7440,'La Cumbre (Gurabito La Cumbre)',2106),
(7441,'Cañada Honda',2106),
(7442,'La Tinajita',2106),
(7443,'Los Pinos',2106),
(7444,'Arenoso',2106),
(7445,'Subida Grande',2106),
(7446,'El Capa',2106),
(7447,'Los Infantes',2106),
(7448,'El Samo',2106),
(7449,'Yasiquita',2106),
(7450,'La Hebra',2106),
(7451,'Los Pomos',2106),
(7452,'Los Taveras',2106),
(7453,'La Cruz (La Cruz De Yasica)',2106),
(7454,'Indio Viejo',2106),
(7455,'El Brison',2106),
(7456,'La Barita',2106),
(7457,'Kilometro 30',2106),
(7458,'El Puerto',2106),
(7459,'Maimon',2106),
(7460,'Don Gregorio',2106),
(7461,'El Tejar',2106),
(7462,'Barba Rucia',2106),
(7463,'Cafemba',2106),
(7464,'Frances',2106),
(7465,'La Gata',2106),
(7466,'El Corozo',2106),
(7467,'La Aguaita',2106),
(7468,'Playa De Maimon',2106),
(7469,'Maggiolo Adentro',2106),
(7470,'Los Dajaos',2106),
(7471,'San Cristobal',2106),
(7472,'Los Caños',2106),
(7473,'Las Sienes',2106),
(7474,'Los Tejada',2106),
(7475,'Los Boboses',2106),
(7476,'El Chavon',2106),
(7477,'Las Avispas',2106),
(7478,'Los Cacaos',2106),
(7479,'El Piragual',2106),
(7480,'El Rincon',2106),
(7481,'Guardarraya',2106),
(7482,'La Colora',2106),
(7483,'La Ceiba',2106),
(7484,'La Perrita',2106),
(7485,'El Toro',2106),
(7486,'Palo Indio',2106),
(7487,'El Burro',2106),
(7488,'Cambiazo',2106),
(7489,'Bajo Hondo',2106),
(7490,'La Isla',2106),
(7491,'El Estero',2106),
(7492,'El Cafe',2106),
(7493,'Guzmancito',2106),
(7494,'Cruce De Guzman',2106),
(7495,'Cabuya',2106),
(7496,'Loma De Las Bestias',2106),
(7497,'La Patilla',2106),
(7498,'Calabacitos',2106),
(7499,'La Arena',2106),
(7500,'La Berenjena',2106),
(7501,'Guzman',2106),
(7502,'Los Charamiscos',2107),
(7503,'El Batey',2107),
(7504,'La Monteada',2107),
(7505,'Lengua De Vaca',2107),
(7506,'El Guazaro',2107),
(7507,'Jagua Mocha O Las Espinas',2107),
(7508,'La Laguna',2107),
(7509,'Rio Arriba',2107),
(7510,'La Pelota',2107),
(7511,'Los Zancones',2107),
(7512,'Arroyo Llano',2107),
(7513,'Jozaderos (Hozaderos)',2107),
(7514,'Los Guaos',2107),
(7515,'La Muncion',2107),
(7516,'Arroyo Seco',2107),
(7517,'La Mulata',2107),
(7518,'Higos Claros',2107),
(7519,'Mango Fresco',2107),
(7520,'Bella Vista',2107),
(7521,'El Higuero',2107),
(7522,'La Pared',2107),
(7523,'El Guano',2107),
(7524,'Sosea Abajo',2107),
(7525,'El Valedor',2107),
(7526,'Loma Blanca',2107),
(7527,'Loma Bajita',2107),
(7528,'Alto De Los Castillos',2107),
(7529,'La Union',2107),
(7530,'Sabaneta De Cangrejos',2107),
(7531,'Maranatha',2107),
(7532,'Cabarete',2107),
(7533,'El Callejon De La Loma',2107),
(7534,'Los Cacaos',2107),
(7535,'El Choco',2107),
(7536,'Los Aserraderos Del Choco (Parte)',2107),
(7537,'Mango Fresco (Parte)',2107),
(7538,'La Mulata (Parte)',2107),
(7539,'El Higuero (Parte)',2107),
(7540,'La Catalina',2107),
(7541,'La Goleta 1',2107),
(7542,'La Goleta 2',2107),
(7543,'La Cienaga',2107),
(7544,'Bombita',2107),
(7545,'La Atravesada',2107),
(7546,'Eslabon O Islabon',2107),
(7547,'Cruce De Sabaneta',2107),
(7548,'Villa Islabon',2107),
(7549,'Verdem',2107),
(7550,'Sabaneta De Y-Sica',2107),
(7551,'Palo Amarillo',2107),
(7552,'El Aserradero  Del Choco (Parte)',2107),
(7553,'La Hicotea',2107),
(7554,'Cuesta Barrosa',2107),
(7555,'Los Cantabillos',2107),
(7556,'La Laguna',2107),
(7557,'Villa Isabela',2108),
(7558,'Carreta Podrida',2108),
(7559,'Guaconejal',2108),
(7560,'El Carril',2108),
(7561,'Caño Miguel',2108),
(7562,'Dieguito',2108),
(7563,'Altos De Los Peña',2108),
(7564,'La Llanada',2108),
(7565,'Gualetico',2108),
(7566,'Laguna Grande',2108),
(7567,'La Rotonda',2108),
(7568,'Pozo Bonito',2108),
(7569,'La Balsa',2108),
(7570,'Las Eneas',2108),
(7571,'Sabana De Los Mieses',2108),
(7572,'Los Altos',2108),
(7573,'Estero Hondo',2108),
(7574,'Los Pilones',2108),
(7575,'La Colonia',2108),
(7576,'Los Toros',2108),
(7577,'Los Pozos Amarillos',2108),
(7578,'La Caobanita',2108),
(7579,'La Cienaga',2108),
(7580,'Rancho Manuel',2108),
(7581,'Tiburcio',2108),
(7582,'Gregorio',2108),
(7583,'Punta Rusia',2108),
(7584,'La Playa',2108),
(7585,'El Pato',2108),
(7586,'La Jaiba',2108),
(7587,'La Joya',2108),
(7588,'Paso Seco',2108),
(7589,'Alto De Los Gomez',2108),
(7590,'Pontezuelo',2108),
(7591,'Los Anegadizos',2108),
(7592,'Soliman',2108),
(7593,'Loma De La Jaiba',2108),
(7594,'Betel (Antes Gran Diablo)',2108),
(7595,'La Jaiba',2108),
(7596,'El Anisal',2108),
(7597,'La Cementera',2108),
(7598,'Palo De Leche',2108),
(7599,'La Higuera',2108),
(7600,'Boca Nueva',2108),
(7601,'Pedro Acosta',2108),
(7602,'Guanabanito',2108),
(7603,'Tamares',2108),
(7604,'Rancho Manuel (Parte)',2108),
(7605,'Tiburcio (Parte)',2108),
(7606,'Gregorio (Parte)',2108),
(7607,'Gualete',2108),
(7608,'Dibua',2108),
(7609,'Gualete Al Medio',2108),
(7610,'Loma De Los Gurabo',2108),
(7611,'Gualetico',2108),
(7612,'Paso Del Jamo',2108),
(7613,'Loma De La Caya',2108),
(7614,'La Caobana',2108),
(7615,'Gran Diablo',2108),
(7616,'Gualete Arriba',2108),
(7617,'Comedero',2108),
(7618,'Gualete Abajo',2108),
(7619,'La Bajada',2108),
(7620,'Agua Hedionda',2108),
(7621,'Los Tinajones',2108),
(7622,'Gurabo',2108),
(7623,'La Ceibita',2108),
(7624,'Los Macos',2108),
(7625,'Loma De Caobazo',2108),
(7626,'Los Pajones',2109),
(7627,'Boca Nueva',2109),
(7628,'Bergantin',2109),
(7629,'Cangrejo',2109),
(7630,'Boca O Playa De Cangrejo',2109),
(7631,'Los Cocos',2109),
(7632,'Caraballo',2109),
(7633,'Sabana De Los Muertos',2109),
(7634,'Negro Melo',2109),
(7635,'Pancho Mateo',2109),
(7636,'Atollador',2109),
(7637,'Alto De Ciriaco (Alto De Siriaco) O Los Ciruelos',2109),
(7638,'La Gran Parada',2109),
(7639,'Km. 12',2109),
(7640,'Km. 13',2109),
(7641,'Mozavi Arriba',2109),
(7642,'Mozavi Abajo',2109),
(7643,'La Cana',2109),
(7644,'La Becara',2109),
(7645,'La Municion',2109),
(7646,'Severe',2109),
(7647,'La Piedra',2109),
(7648,'Arroyo Blanco',2109),
(7649,'Loma Blanca',2109),
(7650,'Centro Del Pueblo (Ingenio Montellano)',2109),
(7651,'Juan Lockward O Nuevo Montellano',2109),
(7652,'El Mango',2109),
(7653,'Monte Bravo',2109),
(7654,'Arroyo De Leche Abajo',2109),
(7655,'Arroyo De Leche Arriba',2109),
(7656,'Bracitos',2109),
(7657,'Loma De Sarante',2109),
(7658,'Marticinio (Martinicinio)',2109),
(7659,'La Colonia',2109),
(7660,'La Violeta',2201),
(7661,'Jayabo Afuera',2201),
(7662,'Los Tocones',2201),
(7663,'El Caimito',2201),
(7664,'La Majagua',2201),
(7665,'Los Robles De Ojo De Agua',2201),
(7666,'El Jobo',2201),
(7667,'Sal Si Puedes',2201),
(7668,'Jayabito',2201),
(7669,'La Pailita',2201),
(7670,'El Pico Del Aji',2201),
(7671,'El Pistolar',2201),
(7672,'Jayabo Adentro',2201),
(7673,'La Lila',2201),
(7674,'Loma Del Corral',2201),
(7675,'Monte Adentro',2201),
(7676,'La Cariñosa',2201),
(7677,'Los Robles De Jayabo (La Cariñosa)',2201),
(7678,'La Bellaca',2201),
(7679,'Los Cacaos',2201),
(7680,'La Joya-La Jagua',2201),
(7681,'Los Lanos',2201),
(7682,'Palmar Abajo',2201),
(7683,'La Calle',2201),
(7684,'Palmarito',2201),
(7685,'Palmarito Abajo',2201),
(7686,'Palmar Arriba',2201),
(7687,'Rancho Al Medio',2201),
(7688,'Alto De Piedra',2201),
(7689,'La Jabilla',2201),
(7690,'El Zanjon',2201),
(7691,'La Solao',2201),
(7692,'Rancho Abajo',2201),
(7693,'Rancho Arriba',2201),
(7694,'Palmar',2201),
(7695,'Montellano',2201),
(7696,'Boca De Partido',2201),
(7697,'Piedra Pegada',2201),
(7698,'Los Pocitos',2201),
(7699,'La Lagunita',2201),
(7700,'Los Maestros',2201),
(7701,'Los Almendros',2201),
(7702,'La Escuela',2201),
(7703,'Vietnan',2201),
(7704,'El Cementerio',2201),
(7705,'San Antonio',2201),
(7706,'El Matadero',2201),
(7707,'Los Mangos',2201),
(7708,'Centro Del Pueblo',2201),
(7709,'Eltanque',2201),
(7710,'Nuevo Cementerio',2201),
(7711,'Elchucho',2201),
(7712,'La Amargura',2201),
(7713,'El Hospital',2201),
(7714,'Invi',2201),
(7715,'Cholongo O Los Cocos',2201),
(7716,'La Gallera',2201),
(7717,'La Gobernacion O Las Flores',2201),
(7718,'El Hoyo',2201),
(7719,'Rabo Duro',2201),
(7720,'Clavijo',2201),
(7721,'Hugamba',2201),
(7722,'San Lorenzo',2201),
(7723,'San Miguel O Nuevo San Lorenzo',2201),
(7724,'La Fortaleza',2201),
(7725,'El Play',2201),
(7726,'Las Caobas',2201),
(7727,'Altos De Los Rojas',2201),
(7728,'Altos De Piedra',2201),
(7729,'Hermanas Mirabal',2201),
(7730,'Urbanizacion San Lorenzo',2201),
(7731,'La Cueva',2201),
(7732,'San Jose',2201),
(7733,'Conuco',2201),
(7734,'Agua Fria',2201),
(7735,'El Gorro',2201),
(7736,'Villa Baez',2201),
(7737,'Los Palmares',2201),
(7738,'Jayabo Al Medio',2201),
(7739,'La Luisa',2201),
(7740,'La Caoba',2201),
(7741,'El Saman',2201),
(7742,'Los Arroyos',2201),
(7743,'El Atravesado',2201),
(7744,'El Placer',2201),
(7745,'La Culata',2201),
(7746,'El Almendro',2201),
(7747,'Jamao Afuera O El Puente',2201),
(7748,'Cañada Clara',2201),
(7749,'Los Tabucos',2201),
(7750,'Los Cateyes',2201),
(7751,'Los Caños',2201),
(7752,'Paso Colorado',2201),
(7753,'El Catey',2201),
(7754,'Arroyo Grande',2201),
(7755,'La Finca',2201),
(7756,'Los Montes',2201),
(7757,'El Partido (Las Tres Cruces)',2201),
(7758,'La Cumbre',2201),
(7759,'Los Lirios',2201),
(7760,'La Culebra',2201),
(7761,'El Podrido',2201),
(7762,'Los Aracena',2201),
(7763,'Los Caños Adentro',2201),
(7764,'El Muerto',2201),
(7765,'Los Azules',2201),
(7766,'Los Guayuyos',2201),
(7767,'Jamao Adentro',2201),
(7768,'Mango Fresco',2201),
(7769,'Arroyo Bonito',2201),
(7770,'El Mamey',2201),
(7771,'La Caya',2201),
(7772,'Cañada Clara (El Puente)',2201),
(7773,'La Canela',2201),
(7774,'El Abanico',2201),
(7775,'Porta Moneda',2201),
(7776,'El Peñon',2201),
(7777,'Los Montes',2201),
(7778,'Palma Sola',2201),
(7779,'La Gramita',2202),
(7780,'Tumba Burros',2202),
(7781,'El Jon O Cumajon',2202),
(7782,'Centro Del Pueblo',2202),
(7783,'La Chicharra',2202),
(7784,'Hermanas Mirabal',2202),
(7785,'Los Tocones',2202),
(7786,'La Gran Parada',2202),
(7787,'El Abanico',2202),
(7788,'Urbanizacion Santana',2202),
(7789,'Urbanizacion Rosario O Rosado',2202),
(7790,'Urbanizacion Dinero I',2202),
(7791,'Urbanizacion Dinero Ii',2202),
(7792,'Villa Campo',2202),
(7793,'Urbanizacion Martinez',2202),
(7794,'Cristo Rey',2202),
(7795,'Los C-Ceres',2202),
(7796,'Las Mercedes',2202),
(7797,'El Cayo',2202),
(7798,'El Corazal',2202),
(7799,'La Tabera',2202),
(7800,'La Esperanza O El Hoyo',2202),
(7801,'Cigua',2202),
(7802,'Blanquito',2202),
(7803,'Los Guayos',2202),
(7804,'El Gajo Del Amacey',2202),
(7805,'Alto Grande',2202),
(7806,'El Bambe',2202),
(7807,'El Cafe (Palma Sola)',2202),
(7808,'El Maco',2202),
(7809,'Boba Arriba',2202),
(7810,'La Bajada Del Blanco',2202),
(7811,'Mundo Nuevo',2202),
(7812,'Canta Rana',2202),
(7813,'Arroyito',2202),
(7814,'Los Guazaros',2202),
(7815,'Los Verracos',2202),
(7816,'La Catalina',2202),
(7817,'Colorado',2202),
(7818,'Canete Arriba',2202),
(7819,'Verraco Abajo',2202),
(7820,'Boba',2202),
(7821,'La Mata De Pl-Tano',2202),
(7822,'Loma Azul',2202),
(7823,'Bombillo',2202),
(7824,'Canete',2202),
(7825,'Los Palmaritos',2202),
(7826,'Gran Parada Arriba',2202),
(7827,'Gran Parada Afuera',2202),
(7828,'El Cercado',2202),
(7829,'Arroyo Seco',2202),
(7830,'Gran Parada',2202),
(7831,'Gran Parada Abajo',2202),
(7832,'Paso Hondo',2202),
(7833,'Los Pomos',2202),
(7834,'El Corazal',2202),
(7835,'El Corazal Abajo (El Gajo)',2202),
(7836,'La Jaguita',2202),
(7837,'El Placer',2202),
(7838,'Los Hoyos (El Placer Abajo)',2202),
(7839,'Bochinche',2202),
(7840,'El Cayo',2202),
(7841,'Los Anones',2202),
(7842,'Loma Azul',2202),
(7843,'La Amapola',2202),
(7844,'Los Jobos',2202),
(7845,'Blanco Arriba',2202),
(7846,'Las Flores',2202),
(7847,'Las Lagunitas',2202),
(7848,'Vene',2202),
(7849,'La Peñita',2202),
(7850,'La Sabana',2202),
(7851,'Palo De La Jaiba',2202),
(7852,'Blanco Abajo',2202),
(7853,'La Penda',2202),
(7854,'Blanco Al Medio',2202),
(7855,'La Vereda',2202),
(7856,'El Mamon',2202),
(7857,'Las Caobas',2202),
(7858,'La Guama',2202),
(7859,'Jagua Macho',2202),
(7860,'Mundo Nuevo',2202),
(7861,'La Jibara',2202),
(7862,'La Sabina',2202),
(7863,'Angillita',2202),
(7864,'Los Abaritos O Ebarito',2202),
(7865,'Los Negritos',2202),
(7866,'El Guaranal',2202),
(7867,'Arenoso',2202),
(7868,'Sonador',2202),
(7869,'Firme De Los Chivos',2202),
(7870,'El Bolsillo',2202),
(7871,'El Cafetal',2202),
(7872,'Rio Arriba',2202),
(7873,'Blanco Arriba',2202),
(7874,'Galindo',2203),
(7875,'Centro Del Pueblo',2203),
(7876,'Los Innovadores',2203),
(7877,'Ranchito',2203),
(7878,'Las Aromas',2203),
(7879,'El Hato',2203),
(7880,'La Ceiba',2203),
(7881,'Los Coquitos',2203),
(7882,'El Caimito',2203),
(7883,'El Hospital',2203),
(7884,'Villa Zango',2203),
(7885,'La Ceiba Adentro',2203),
(7886,'La Gu-Zuma',2203),
(7887,'Hoyo Libre',2203),
(7888,'Los Limones Arriba',2203),
(7889,'Los Limones O Las Amapolas',2203),
(7890,'Los Limones Al Medio',2203),
(7891,'Los Limones Afuera',2203),
(7892,'Corea',2203),
(7893,'San Jose De Conuco',2203),
(7894,'El Limon',2203),
(7895,'El Ranchito',2203),
(7896,'Conuco',2203),
(7897,'El Nispero',2203),
(7898,'La Calle',2203),
(7899,'Las Aromas',2203),
(7900,'El Coco 1',2203),
(7901,'El Barrero',2203),
(7902,'El Coco 2',2203),
(7903,'La Gina',2203),
(7904,'Sabana Angosta',2203),
(7905,'Alto Alegre',2203),
(7906,'Polanco',2203),
(7907,'Santa Ana Madrid',2203),
(7908,'Arenoso',2203),
(7909,'Rancho Viejo',2203),
(7910,'Las Gu-Zumas',2203),
(7911,'El Manantial',2203),
(7912,'Madrid',2203),
(7913,'San Jose De Cenovi',2203),
(7914,'La Ermita De Santa Ana',2203),
(7915,'La Cuarenta (La 40)',2203),
(7916,'El Tablon Adentro',2203),
(7917,'El Tablon Afuera',2203),
(7918,'La Gina',2203),
(7919,'Centro Del Pueblo',2301),
(7920,'La Playa',2301),
(7921,'El Almendro',2301),
(7922,'Cacao',2301),
(7923,'Obdulia O El Pueblecito',2301),
(7924,'Caño Seco',2301),
(7925,'La Ceiba',2301),
(7926,'Abra Grande',2301),
(7927,'Come Pan',2301),
(7928,'El Hospital',2301),
(7929,'Hoyo Del Cacao',2301),
(7930,'El Jamito',2301),
(7931,'Los Puentes',2301),
(7932,'Laguna Grande',2301),
(7933,'La Ceiba',2301),
(7934,'Palmar De Los Nidos',2301),
(7935,'El Coson',2301),
(7936,'Loma De Las Ciguas',2301),
(7937,'La Bonita',2301),
(7938,'El Muro',2301),
(7939,'El Buen Pan',2301),
(7940,'La Barbacoa',2301),
(7941,'El Portillo',2301),
(7942,'Carolina',2301),
(7943,'El Naranjito',2301),
(7944,'La Jagua',2301),
(7945,'Monte Negro',2301),
(7946,'Las Guazaras',2301),
(7947,'Ceiba Bonita',2301),
(7948,'San Felipe',2301),
(7949,'La Palmilla',2302),
(7950,'Willmore',2302),
(7951,'Villa Salma',2302),
(7952,'Centro Del Pueblo',2302),
(7953,'Nueva York',2302),
(7954,'La Fortaleza Vieja',2302),
(7955,'Telecable',2302),
(7956,'La Aguada',2302),
(7957,'Panchita',2302),
(7958,'Loma Colon',2302),
(7959,'Area Verde',2302),
(7960,'Maria Luisa',2302),
(7961,'La Mezcla',2302),
(7962,'Cacaveli I',2302),
(7963,'El Millon',2302),
(7964,'La Bastida',2302),
(7965,'El Mercado',2302),
(7966,'Cacaveli Ii',2302),
(7967,'El Valle',2302),
(7968,'Arroyo Seco',2302),
(7969,'Los Platanos',2302),
(7970,'La Laguna',2302),
(7971,'La Cruz',2302),
(7972,'Esperanza',2302),
(7973,'Rio San Juan',2302),
(7974,'La Playa Del Valle',2302),
(7975,'Acosta',2302),
(7976,'Anadel',2302),
(7977,'Monte Rojo',2302),
(7978,'Villa Clara',2302),
(7979,'La Guardia',2302),
(7980,'Cayo Levantado',2302),
(7981,'Los Cacaos',2302),
(7982,'La Flecha',2302),
(7983,'Los Yagrumos',2302),
(7984,'Los Gratini',2302),
(7985,'Carenero',2302),
(7986,'Los Naranjos',2302),
(7987,'Punta Balandra',2302),
(7988,'El Frances',2302),
(7989,'Barrancoli',2302),
(7990,'Sabaneta',2302),
(7991,'Loma De La Piña',2302),
(7992,'Arroyo Grande',2302),
(7993,'Honduras',2302),
(7994,'Majagualito',2302),
(7995,'Noroeste',2302),
(7996,'Bueyero',2302),
(7997,'Doncel',2302),
(7998,'Curete',2302),
(7999,'Los Green',2302),
(8000,'Las Veritas',2302),
(8001,'Los Algarrobos',2302),
(8002,'Santa Maria',2302),
(8003,'Los Mangos O Coyote',2302),
(8004,'Las Cayas',2302),
(8005,'Hato Viejo',2302),
(8006,'Ermitaño',2302),
(8007,'Los Arenosos',2302),
(8008,'Juana Vicenta',2302),
(8009,'Arroyo El Toro',2302),
(8010,'El Cuerno',2302),
(8011,'Mata Puercos',2302),
(8012,'La Jina',2302),
(8013,'Rio Limon',2302),
(8014,'Arroyo Del Diablo',2302),
(8015,'La Lambedera',2302),
(8016,'Los Pirindines',2302),
(8017,'Arroyo Chico Arriba',2302),
(8018,'La Guazara',2302),
(8019,'Colonia Rancho Español',2302),
(8020,'Arroyo Chico Abajo',2302),
(8021,'Pozo Hondo',2302),
(8022,'Wady Cruz',2302),
(8023,'Loma La Cruz',2302),
(8024,'Bonilla',2302),
(8025,'El Jobito',2302),
(8026,'Centro Del Pueblo O El Limon',2302),
(8027,'Arroyo Sabana',2302),
(8028,'La Otra Banda',2302),
(8029,'La Barbacoa',2302),
(8030,'Arroyo De La Sabana',2302),
(8031,'Otra Banda',2302),
(8032,'El Cafe',2302),
(8033,'Arroyo Surdio',2302),
(8034,'Agua Sabrosa',2302),
(8035,'Calabacito',2302),
(8036,'Palmarito',2302),
(8037,'Caña Feles',2302),
(8038,'Moron',2302),
(8039,'Las Canas',2302),
(8040,'Lanza Del Norte',2302),
(8041,'Arroyo Barril O Centro Del Pueblo',2302),
(8042,'La Pascuala',2302),
(8043,'Rancho Español',2302),
(8044,'Los Corozos',2302),
(8045,'Los Arenosos',2302),
(8046,'Rio Los Cocos',2302),
(8047,'Los Suarez',2302),
(8048,'El Coco',2302),
(8049,'El Dajao',2302),
(8050,'Los Javieles',2302),
(8051,'El Macao',2302),
(8052,'La Chorrera',2302),
(8053,'Arroyo Polo',2302),
(8054,'Los Robalos',2302),
(8055,'La Mata Puercos',2302),
(8056,'Las Lambederas',2302),
(8057,'El Gri Gri',2302),
(8058,'Las Galeras',2302),
(8059,'Palma Clara',2302),
(8060,'Arroyo Del Cabo',2302),
(8061,'Palmarito',2302),
(8062,'La Guasuma',2302),
(8063,'Caya Clara',2302),
(8064,'Madama',2302),
(8065,'Los Amaceyes',2302),
(8066,'Cueva Del Agua',2302),
(8067,'Cuatro Ojos',2302),
(8068,'Manuel Chiquito',2302),
(8069,'Laguna Salada',2302),
(8070,'Quintana',2302),
(8071,'Los Lejos',2302),
(8072,'La Playa',2302),
(8073,'El Fronton',2302),
(8074,'Llanada Al Medio',2302),
(8075,'Los Tocones',2302),
(8076,'La Colmena',2302),
(8077,'La Llanada',2302),
(8078,'Castellalito',2302),
(8079,'La Sangria',2302),
(8080,'Laguna Del Diablo',2302),
(8081,'Playa Colorada',2302),
(8082,'Ceiba Tablonua',2302),
(8083,'Los Bañaderos',2302),
(8084,'Rincon',2302),
(8085,'El Pozo De Rene',2302),
(8086,'Loma Atravesada',2302),
(8087,'Los Guanos O Loma El Guano',2302),
(8088,'La Herradura',2302),
(8089,'Loma El Guano',2302),
(8090,'Cerro Yalje',2303),
(8091,'Los Rieles',2303),
(8092,'Centro Del Pueblo',2303),
(8093,'Pueblo Arriba',2303),
(8094,'Punto Botado',2303),
(8095,'Pueblo Abajo',2303),
(8096,'Loma De Los Camachos',2303),
(8097,'Cruce De Las Terrenas',2303),
(8098,'Monte Negro',2303),
(8099,'El Play',2303),
(8100,'La Plazoleta',2303),
(8101,'El Burro',2303),
(8102,'Piedra Quemada',2303),
(8103,'Los Chicharrones',2303),
(8104,'Los Rios',2303),
(8105,'San Felipe',2303),
(8106,'Los Mangos',2303),
(8107,'Los Naranjos Abajo',2303),
(8108,'Los Naranjos Arriba',2303),
(8109,'La Canoa',2303),
(8110,'Proyecto Los Haitises O Catey Adentro',2303),
(8111,'La Majagua (Guachupita)',2303),
(8112,'La Cañita (El Escarbado)',2303),
(8113,'Jackson',2303),
(8114,'Las Garitas',2303),
(8115,'Las Mangas',2303),
(8116,'Cabeza De Toro',2303),
(8117,'Santa Capuza',2303),
(8118,'Arroyo Higuero',2303),
(8119,'Punta Gorda',2303),
(8120,'Agua Santa Del Yuna',2303),
(8121,'Jurungo',2303),
(8122,'Palmar Nuevo',2303),
(8123,'Rincon De La Jagua',2303),
(8124,'Caña Brava',2303),
(8125,'Boca Del Caño',2303),
(8126,'La Balsa',2303),
(8127,'La Mata',2303),
(8128,'Cristal',2303),
(8129,'Los Guayuyos',2303),
(8130,'La Yaguaza',2303),
(8131,'El Higuito',2303),
(8132,'Playa Prieta',2303),
(8133,'Rio Naranjo Arriba',2303),
(8134,'Puerto Escondido',2303),
(8135,'Rio Naranjo Abajo',2303),
(8136,'Caba',2303),
(8137,'Majagual',2303),
(8138,'Los Corrales',2303),
(8139,'Batey Las Hormigas',2303),
(8140,'Arroyo Hondo',2303),
(8141,'Lodo Blandito',2303),
(8142,'El Coco',2303),
(8143,'Los Bejucos',2303),
(8144,'Los Rincones',2303),
(8145,'La Manga Arriba',2303),
(8146,'Monte Negro',2303),
(8147,'El Gran Llano',2303),
(8148,'Los Capos O Majagual Adentro',2303),
(8149,'La Ceiba',2303),
(8150,'El Aguacate',2303),
(8151,'La Placeta',2303),
(8152,'La Lometa',2303),
(8153,'Pedregal',2303),
(8154,'Catey Arriba',2303),
(8155,'Catey Adentro',2303),
(8156,'Catey Abajo',2303),
(8157,'Zona Centrica Cevicos',2401),
(8158,'Las Palmas',2401),
(8159,'El Rincon',2401),
(8160,'24 De Abril',2401),
(8161,'El Tamarindo',2401),
(8162,'El Progreso (Los Cajuiles)',2401),
(8163,'Los Manaties',2401),
(8164,'Batey Piedra',2401),
(8165,'Valle Grande',2401),
(8166,'Caño El Naranjo',2401),
(8167,'El Cacao',2401),
(8168,'Castellar',2401),
(8169,'Abadesa',2401),
(8170,'Hoya Fresca',2401),
(8171,'Cruce De Jagua',2401),
(8172,'Los Cercadillos',2401),
(8173,'Cienagote',2401),
(8174,'Los Hoyos',2401),
(8175,'Piedra',2401),
(8176,'Paso Hondo',2401),
(8177,'Llanada',2401),
(8178,'Palmar',2401),
(8179,'Sonador',2401),
(8180,'Doña Maria',2401),
(8181,'Batey Las Arenas',2401),
(8182,'Batey Doña Maria',2401),
(8183,'Cooperativa',2401),
(8184,'Cevicos Arriba',2401),
(8185,'Cuesta Blanca',2401),
(8186,'Batey Jabonico',2401),
(8187,'Arenoso',2401),
(8188,'Los Mapolos',2401),
(8189,'Los Higos',2401),
(8190,'Sabana Del Rio',2401),
(8191,'Las Guayigas',2401),
(8192,'Consumidero',2401),
(8193,'Los Tamarindos',2401),
(8194,'La Loma',2401),
(8195,'Sabana Del Mariscao',2401),
(8196,'Los Peralejos',2401),
(8197,'El Taranal - Caimito',2401),
(8198,'Laguna Grande',2401),
(8199,'Batero Arriba',2401),
(8200,'Batero',2401),
(8201,'Sabana Arriba',2401),
(8202,'Yunita',2401),
(8203,'El Ciguar - (Rañe)',2401),
(8204,'La Ceibita',2401),
(8205,'Primera Boca',2401),
(8206,'Sabana Abajo',2401),
(8207,'La Fe (Antiguo La Teta)',2401),
(8208,'Centro Del Pueblo',2401),
(8209,'Los Gracilianos',2401),
(8210,'San Jose',2401),
(8211,'La Mora',2401),
(8212,'El Tanque',2401),
(8213,'El Pozo De La Ceiba',2401),
(8214,'El Pozo De Coli',2401),
(8215,'La Ceiba Vieja',2401),
(8216,'La Guacara',2401),
(8217,'Los Mameyejos',2401),
(8218,'La Mora',2401),
(8219,'La Zumbadora (La Colecita)',2401),
(8220,'Hoyo De Luis',2401),
(8221,'El Caño',2401),
(8222,'Sabana Grande',2401),
(8223,'Primera Boca',2401),
(8224,'Sabana Chiquita',2401),
(8225,'Sabaneta',2401),
(8226,'La Colecita Arriba',2401),
(8227,'Los Peralejos',2401),
(8228,'Los Haitises',2401),
(8229,'Rosario Dominicana (Los Mineros)',2402),
(8230,'Los Cajuiles',2402),
(8231,'Pueblo Nuevo',2402),
(8232,'La Gallera',2402),
(8233,'Los Tocones',2402),
(8234,'El Tamarindo',2402),
(8235,'El Centro',2402),
(8236,'El Dorado',2402),
(8237,'Los Cocos',2402),
(8238,'Los Españoles',2402),
(8239,'La Esperanza',2402),
(8240,'La Yuca',2402),
(8241,'La Fortaleza',2402),
(8242,'El Hato',2402),
(8243,'Libertad',2402),
(8244,'Santa Rosa',2402),
(8245,'Las Yaguas',2402),
(8246,'Santa Fe',2402),
(8247,'Olimpico',2402),
(8248,'La Cruz',2402),
(8249,'Las Colinas',2402),
(8250,'Urbanizacion Los Maestros',2402),
(8251,'Sabana Al Medio',2402),
(8252,'Los Multi',2402),
(8253,'Vista Del Valle',2402),
(8254,'La Estancia',2402),
(8255,'Los Pinos',2402),
(8256,'Las Flores',2402),
(8257,'Hicaco O El Alto De La Batata',2402),
(8258,'La Altagracia Al Norte',2402),
(8259,'La Altagracia Ii',2402),
(8260,'La Policia O Urbanizacion Palma Real',2402),
(8261,'El Paraiso',2402),
(8262,'El Tanque',2402),
(8263,'Los Pomos',2402),
(8264,'Plan Piloto',2402),
(8265,'La Colonia O Lindo',2402),
(8266,'Juan Pablo Duarte',2402),
(8267,'El Limpio',2402),
(8268,'San Martin',2402),
(8269,'Urbanizacion Elfa',2402),
(8270,'Acapulco',2402),
(8271,'El Limon',2402),
(8272,'La Culata',2402),
(8273,'Los Pomos',2402),
(8274,'Los Tres Pasos De Chacuey',2402),
(8275,'Naranjos',2402),
(8276,'La Hondonada',2402),
(8277,'La Jabilla',2402),
(8278,'La Placeta',2402),
(8279,'Loma De La Gallina',2402),
(8280,'Los Yagrumos',2402),
(8281,'El Jamito',2402),
(8282,'La Llanada',2402),
(8283,'Toj-N',2402),
(8284,'Los Jobos',2402),
(8285,'La Caoba',2402),
(8286,'Arroyo Grande',2402),
(8287,'La Jagua',2402),
(8288,'La Cueva',2402),
(8289,'Las Lajas',2402),
(8290,'El Corozo',2402),
(8291,'La Atravesada',2402),
(8292,'Hatillo',2402),
(8293,'Tocoa',2402),
(8294,'Palo De Cuaba',2402),
(8295,'San Juan',2402),
(8296,'Los Cacaos',2402),
(8297,'Pueblo Viejo',2402),
(8298,'Monte Negro',2402),
(8299,'Colorado',2402),
(8300,'La Trinchera',2402),
(8301,'Los Ranchos',2402),
(8302,'Sabana Verde',2402),
(8303,'Zinc',2402),
(8304,'El Platano',2402),
(8305,'El Coco',2402),
(8306,'Rancho Abajo',2402),
(8307,'Las Tres Bocas',2402),
(8308,'El Higo',2402),
(8309,'El Rayo',2402),
(8310,'El Yagal',2402),
(8311,'Los Naranjos',2402),
(8312,'Las Lagunas',2402),
(8313,'Piedra Iman',2402),
(8314,'La Piñita',2402),
(8315,'Maguaca',2402),
(8316,'Fatima A La Bascua',2402),
(8317,'La Quebradita',2402),
(8318,'Arroyo Vuelta',2402),
(8319,'Tocoa',2402),
(8320,'Pepe Perez - Cuchilla',2402),
(8321,'Duey Grande',2402),
(8322,'La Llanada',2402),
(8323,'Duey Pequeño',2402),
(8324,'Sabana Verde',2402),
(8325,'Sabana De Duey',2402),
(8326,'Jobo Claro',2402),
(8327,'Los Callejones',2402),
(8328,'El Limon',2402),
(8329,'Cruce Maguaca',2402),
(8330,'Villa Raza',2402),
(8331,'Sabana Larga Abajo',2402),
(8332,'La Cabirma',2402),
(8333,'Jiminillo',2402),
(8334,'Los Capaces',2402),
(8335,'La Sabana',2402),
(8336,'Los Cerros De Duey',2402),
(8337,'Sabana Larga Arriba',2402),
(8338,'La Yaya',2402),
(8339,'Sabana Grande De Saballo',2402),
(8340,'La Zumbadora',2402),
(8341,'Monte Claro',2402),
(8342,'La Tusa',2402),
(8343,'La Ceiba',2402),
(8344,'El Guanabano',2402),
(8345,'Valle Grande',2402),
(8346,'Rincon Hato',2402),
(8347,'La Palmita',2402),
(8348,'Las Palmillas',2402),
(8349,'El Hato',2402),
(8350,'Castillo',2402),
(8351,'La Bomba',2402),
(8352,'La Lechosa',2402),
(8353,'Sabana Grande Abajo',2402),
(8354,'Benito',2402),
(8355,'Caño Hondo',2402),
(8356,'La Marga',2402),
(8357,'La Rosa - La Colonia',2402),
(8358,'Jibe',2402),
(8359,'Gurabo',2402),
(8360,'Cumba',2402),
(8361,'Guardianon',2402),
(8362,'Sabana Rey',2402),
(8363,'El Limpio',2402),
(8364,'La Atravesada',2402),
(8365,'Mariscao',2402),
(8366,'Jobo Claro',2402),
(8367,'La Placeta',2402),
(8368,'Algarrobal',2402),
(8369,'Los Corocitos',2402),
(8370,'Las Dos Palmas',2402),
(8371,'La Cueva',2402),
(8372,'La Jagua Mocha',2402),
(8373,'Las Lajas',2402),
(8374,'Las Tres Bocas',2402),
(8375,'Zambrana Abajo',2402),
(8376,'Zambrana Arriba',2402),
(8377,'Arroyo Vueltas',2402),
(8378,'Las Cruces O La Cantera',2402),
(8379,'La Isleta',2402),
(8380,'La Escuela',2402),
(8381,'El Tanque O Quija Quieta',2402),
(8382,'El Club',2402),
(8383,'Las Cruces',2402),
(8384,'La Yabacoa',2402),
(8385,'El Broque',2402),
(8386,'La Estancia',2402),
(8387,'Buenos Aires',2402),
(8388,'Capacho',2402),
(8389,'La Bomba',2402),
(8390,'La Sabana',2402),
(8391,'El Samo',2402),
(8392,'Los Jaguales',2402),
(8393,'La Becara',2402),
(8394,'La Sabana',2402),
(8395,'Las Tres Ceibas',2402),
(8396,'El Yujo',2402),
(8397,'Arroyo Laja',2402),
(8398,'Yujo Abajo',2402),
(8399,'Pie De Loma',2402),
(8400,'Loma Arriba',2402),
(8401,'Los Leones',2402),
(8402,'Los Palmaritos',2402),
(8403,'El Rincon',2402),
(8404,'Atalaya Abajo',2402),
(8405,'Atalaya Arriba',2402),
(8406,'Loma Del Gallo',2402),
(8407,'El Ocho (El 8)',2402),
(8408,'El Llano',2402),
(8409,'Los Guzman',2402),
(8410,'Comedero',2402),
(8411,'Barraquito',2402),
(8412,'Las Cidra',2402),
(8413,'Cascajal',2402),
(8414,'Higo Gordo',2402),
(8415,'Rodeo',2402),
(8416,'Reinoso',2402),
(8417,'El Guao',2402),
(8418,'Los Pinos',2402),
(8419,'Los Catuanes',2402),
(8420,'Sabana Postrera',2402),
(8421,'La Zarza',2402),
(8422,'Comedero Arriba',2402),
(8423,'Los Cafes',2402),
(8424,'Los Cabories',2402),
(8425,'La Majagua',2402),
(8426,'La Loma De Comedero',2402),
(8427,'Alto Del Samo',2402),
(8428,'El Rinconazo',2402),
(8429,'Haiti La Cueva',2402),
(8430,'El Diviso',2402),
(8431,'Platanal',2402),
(8432,'Guardarraya',2402),
(8433,'Platanal',2402),
(8434,'Loma Colorada (El Polvaso)',2402),
(8435,'La Culebra',2402),
(8436,'Matias',2402),
(8437,'Barico',2402),
(8438,'El Aguacatico',2402),
(8439,'El Tope O Sabana Arriba',2402),
(8440,'Camino Real (Alto De Casiano)',2402),
(8441,'El Rancho',2402),
(8442,'Boca De Jibes',2402),
(8443,'La Vuelta',2402),
(8444,'Chacuey',2402),
(8445,'El Puente',2402),
(8446,'Sabana Abajo',2402),
(8447,'Sabana Arriba',2402),
(8448,'El Aguacate',2402),
(8449,'Babari',2402),
(8450,'Don Miguel',2402),
(8451,'Came - Proyecto Canaan (El Baquetazo)',2403),
(8452,'Los Corozos (Cara Sucia)',2403),
(8453,'Don Juan',2403),
(8454,'Sierra Prieta',2403),
(8455,'Piña Vieja',2403),
(8456,'La Reforma',2403),
(8457,'Piña Al Medio',2403),
(8458,'La Ceniza',2403),
(8459,'El Can',2403),
(8460,'El Hoyo Del Can',2403),
(8461,'La Sabana Del Hato',2403),
(8462,'Los Capaces',2403),
(8463,'La Guacara',2403),
(8464,'Los Bejucos',2403),
(8465,'La Conce',2403),
(8466,'Blanco (El Pinito)',2403),
(8467,'Juan Pablo Duarte',2403),
(8468,'El Malecon',2403),
(8469,'Las Flores',2403),
(8470,'Capotillo',2403),
(8471,'Los Maestros',2403),
(8472,'Los Multi',2403),
(8473,'La Esperanza',2403),
(8474,'La Altagracia',2403),
(8475,'Residencial Aurora',2403),
(8476,'Libertad O Juan Castaño',2403),
(8477,'El Puentecito O Cumajon',2403),
(8478,'Urbanizacion Los Rosarios',2403),
(8479,'Urbanizacion Eduvil',2403),
(8480,'San Miguel Abajo',2403),
(8481,'Patria Nueva',2403),
(8482,'San Miguel Arriba',2403),
(8483,'Bacumi',2403),
(8484,'Los Cayucos',2403),
(8485,'Hato Mayor O La Laja',2403),
(8486,'Alto Del Pino',2403),
(8487,'La Piedra',2403),
(8488,'El Corozo',2403),
(8489,'Los Puentecitos',2403),
(8490,'Comedero Abajo',2403),
(8491,'Cojobal',2403),
(8492,'Baton Caliente',2403),
(8493,'Indrhi',2404),
(8494,'El Cruce',2404),
(8495,'Inespre',2404),
(8496,'El Limpio O La Cigua',2404),
(8497,'Paz Y Amor',2404),
(8498,'Los Higueros',2404),
(8499,'Monte Adentro',2404),
(8500,'El Parque',2404),
(8501,'La Escuela',2404),
(8502,'Los Goyos',2404),
(8503,'La Union',2404),
(8504,'Vereda De Yuna',2404),
(8505,'Trifurcacion',2404),
(8506,'El Pozo',2404),
(8507,'La Piñita',2404),
(8508,'Agua Sarca',2404),
(8509,'Monte Abajo',2404),
(8510,'Los Corozos',2404),
(8511,'La Recta',2404),
(8512,'La Laja',2404),
(8513,'Santa Pola',2404),
(8514,'La Chinola',2404),
(8515,'Mata De Conuco',2404),
(8516,'Pueblo Nuevo',2404),
(8517,'La Bija',2404),
(8518,'Cabeza De Toro',2404),
(8519,'La Soledad',2404),
(8520,'Monte Rio',2404),
(8521,'La Pangola',2404),
(8522,'Pueblo Nuevo',2404),
(8523,'El Charco',2404),
(8524,'La Cuba',2404),
(8525,'Boca De Came',2404),
(8526,'La Piedra',2404),
(8527,'Puente De Came',2404),
(8528,'La Bija',2404),
(8529,'Higuerito - La Factoria',2404),
(8530,'Aguirre Aguirre',2404),
(8531,'El Canal',2404),
(8532,'Mata De Conuco',2404),
(8533,'Malmel- (Maimely)',2404),
(8534,'Cabeza De Toro',2404),
(8535,'Hato Viejo',2404),
(8536,'La Cruz De Angelina',2404),
(8537,'Cruce De Angelina O Guachupita',2404),
(8538,'El Batey O La Paloma',2404),
(8539,'Guachupita',2404),
(8540,'El Cruce De Angelina',2404),
(8541,'Pacho Pegao',2404),
(8542,'Sector  Iad',2404),
(8543,'El Pescozon (Sector  Padre  Fantino)',2404),
(8544,'Puncha Maquito',2404),
(8545,'Rincon  Moreno',2404),
(8546,'Los Castellanos',2404),
(8547,'Los Cafecitos',2404),
(8548,'Hoyo De Oro',2404),
(8549,'Los Cocos',2404),
(8550,'Rio  Viejo',2404),
(8551,'Hoyo Grande',2404),
(8552,'La  Fortuna',2404),
(8553,'El Remolino',2404),
(8554,'Barrio Lindo',2404),
(8555,'El Tanque',2404),
(8556,'El Limoncito',2404),
(8557,'El Caserio O Hernindo Alonzo',2404),
(8558,'Boma',2404),
(8559,'Rincon Grande',2404),
(8560,'Las Auyamas',2404),
(8561,'Loma Del Burro',2404),
(8562,'Las Guamitas',2404),
(8563,'Canas Arriba',2404),
(8564,'Canas Al Medio',2404),
(8565,'Canas Abajo',2404),
(8566,'Monte Abajo',2404),
(8567,'Los Cerros',2404),
(8568,'El Hato',2404),
(8569,'El Caserio',2404),
(8570,'Rodeo O Hernando Alonzo Abajo',2404),
(8571,'Punta  Larga',2404),
(8572,'El Aguacate',2404),
(8573,'El Hundidero',2404),
(8574,'Los Conucones',2404),
(8575,'Los Botados',2404),
(8576,'Los Brazos',2404),
(8577,'Quebrada Honda',2404),
(8578,'Pisaña',2404),
(8579,'Sabana De Meladito',2404),
(8580,'Loma El Peñon',2404),
(8581,'El Hoyo',2404),
(8582,'Miramar U Hoyo Frio',2501),
(8583,'Piedra Blanca',2501),
(8584,'Villa Penca',2501),
(8585,'Bella Vista',2501),
(8586,'Zona Industrial',2501),
(8587,'Los Gringos',2501),
(8588,'Villa Lisa',2501),
(8589,'Barcequillo',2501),
(8590,'San Antonio',2501),
(8591,'El Centro',2501),
(8592,'El Distrito',2501),
(8593,'Invicea',2501),
(8594,'Autoridad Portuaria',2501),
(8595,'San Gregorio O Kilometro 18',2501),
(8596,'Calle En Medio',2501),
(8597,'Cabon',2501),
(8598,'Itabo',2501),
(8599,'El Naranjal',2501),
(8600,'Piedra Blanca Sur',2501),
(8601,'Los Desamparados',2501),
(8602,'Anacaguita',2501),
(8603,'Los Serranos',2501),
(8604,'Centro Del Pueblo O La Placeta',2501),
(8605,'La Feliciana',2501),
(8606,'Cajuilito Norte',2501),
(8607,'Cajuilito Sur',2501),
(8608,'Arenoso',2501),
(8609,'Monte Adentro',2501),
(8610,'Mata Naranjo O Naranjal',2501),
(8611,'Villa Maria',2501),
(8612,'Barcequillo Industrial',2501),
(8613,'Piedra Blanca Norte',2501),
(8614,'Los Barrancones Los Frias',2501),
(8615,'Quita Sueño Norte',2501),
(8616,'Quita Sueño Sur',2501),
(8617,'Cruce De La Feliciana',2501),
(8618,'La Pared',2501),
(8619,'Monte Largo',2501),
(8620,'Sabaneta',2501),
(8621,'El Caliche',2501),
(8622,'Teresandon',2501),
(8623,'La Isleta',2501),
(8624,'El Calvario',2501),
(8625,'La Gallera',2501),
(8626,'Las Casitas',2502),
(8627,'Centro Del Pueblo',2502),
(8628,'Codetel',2502),
(8629,'Felix Neñez O El Muro',2502),
(8630,'El Cajon',2502),
(8631,'Villa Verde',2502),
(8632,'La Torre',2502),
(8633,'15 De Agosto',2502),
(8634,'Invi',2502),
(8635,'La Escuela',2502),
(8636,'Los Bajos Del Rio',2502),
(8637,'Arroyo Higuero',2502),
(8638,'La Toma Arriba',2502),
(8639,'La Boca De La Toma',2502),
(8640,'Arroyo Hoyo',2502),
(8641,'El Ingenio',2502),
(8642,'Botoncillo',2502),
(8643,'Palma Seca',2502),
(8644,'Loma El Guazumal',2502),
(8645,'San Francisco',2502),
(8646,'Cumia Adentro',2502),
(8647,'Loma La Canoa',2502),
(8648,'Cumia Arriba',2502),
(8649,'El Macao',2502),
(8650,'El Cedro',2502),
(8651,'Palma Seca',2502),
(8652,'La Jaguita',2502),
(8653,'El Llano',2502),
(8654,'Las Auyamas',2502),
(8655,'Las Hicoteas',2502),
(8656,'Humachon',2502),
(8657,'Mucha Agua',2502),
(8658,'El Limon',2502),
(8659,'Juan Roman',2502),
(8660,'Botoncillos',2502),
(8661,'Mano Matuey Arriba',2502),
(8662,'Mano Matuey Abajo',2502),
(8663,'La Cueva',2502),
(8664,'La Colonia',2502),
(8665,'La Cabirma',2502),
(8666,'Loma Los Anones',2502),
(8667,'El Majagual',2502),
(8668,'Arroyo Lindo',2502),
(8669,'El Limon',2502),
(8670,'El Cañaveral',2502),
(8671,'Leonardo',2502),
(8672,'Los Manantiales',2502),
(8673,'Los Hozaderos',2502),
(8674,'Agua Clara',2502),
(8675,'El Zumbi Manteca',2502),
(8676,'El Corte Nuevo',2502),
(8677,'Los Jugaderos',2502),
(8678,'Bruno',2502),
(8679,'Manuel Mina',2502),
(8680,'La Rinconada',2502),
(8681,'La Estancia',2502),
(8682,'Loma La Tasajera',2502),
(8683,'Los Coles',2502),
(8684,'El Jobo',2502),
(8685,'Valentin',2502),
(8686,'Miguel',2502),
(8687,'La Palmita',2502),
(8688,'Mucha Agua',2502),
(8689,'El Tablazo',2502),
(8690,'Las Minas',2502),
(8691,'Piedra Gorda',2502),
(8692,'El Habra',2502),
(8693,'El Co',2502),
(8694,'Las Eneas',2502),
(8695,'Arroyo Grande',2502),
(8696,'El Higuerito',2502),
(8697,'Los Anones',2502),
(8698,'El Carao',2502),
(8699,'La Guazabara',2502),
(8700,'La Yabacoa',2502),
(8701,'Nigua',2502),
(8702,'Los Chaparrales',2502),
(8703,'Cañada Bonita',2502),
(8704,'Loma El Alto De La Piña',2502),
(8705,'Hondo Valle',2502),
(8706,'Cambita El Pueblecito',2502),
(8707,'La Llanada Grande O Cañada Grande',2502),
(8708,'La Gallina',2502),
(8709,'Loma Lechoso',2502),
(8710,'La Cebolla',2502),
(8711,'La Jaguita',2502),
(8712,'La Lagunita',2502),
(8713,'Cañada De La Vaca',2502),
(8714,'Corbanito (Callao Arriba)',2502),
(8715,'Firme De Suarez',2502),
(8716,'Cumia Abajo',2502),
(8717,'El Papayo',2502),
(8718,'Jeronimo Lopez',2502),
(8719,'Pueblo Nuevo',2502),
(8720,'Arroyo Pino',2502),
(8721,'La Majagua',2502),
(8722,'La Guama',2502),
(8723,'Canoa',2502),
(8724,'Los Toros',2502),
(8725,'El Mamey',2502),
(8726,'Martinica',2502),
(8727,'Los Cacaos',2503),
(8728,'Los Cacaos Rural',2503),
(8729,'Los Guazaros',2503),
(8730,'Los Arroyos',2503),
(8731,'La Siembra',2503),
(8732,'Francisco Mateo',2503),
(8733,'Los Jengibres',2503),
(8734,'Hoyo Prieto',2503),
(8735,'Los Mineros',2503),
(8736,'Los Candonguitos',2503),
(8737,'La Pocilga',2503),
(8738,'Las Tres Veredas',2503),
(8739,'Los Jibaros',2503),
(8740,'La Cuchilla De La Guardia',2503),
(8741,'Pancholo',2503),
(8742,'La Gina Marcada',2503),
(8743,'Los Guineos Adentro',2503),
(8744,'Los Guineos Afuera',2503),
(8745,'Zumbi Manteca',2503),
(8746,'Monteada Nueva',2503),
(8747,'Meliton',2503),
(8748,'Vallejo',2503),
(8749,'Cañada Bonita',2503),
(8750,'Monte Bonito',2503),
(8751,'Cañada Del Agua',2503),
(8752,'Santana',2503),
(8753,'Benito',2503),
(8754,'Palma Arriba',2503),
(8755,'Arroyo Piedra',2503),
(8756,'Arroyo Del Cafe',2503),
(8757,'Los Caños',2503),
(8758,'La Jina',2503),
(8759,'Florencio',2503),
(8760,'Los Naranjos',2503),
(8761,'Los Arroyos',2503),
(8762,'La Palma',2503),
(8763,'Silloncito',2503),
(8764,'El Valle',2503),
(8765,'Calderon',2503),
(8766,'Palo De La Cruz',2503),
(8767,'Mahomita Los Arroyitos',2503),
(8768,'Arroyo Grande',2503),
(8769,'Calderon Arriba',2503),
(8770,'La Cañada Del Cafe',2503),
(8771,'Los Calimetes',2503),
(8772,'Cienaguita',2503),
(8773,'Vallejito Abajo',2503),
(8774,'Centro Del Pueblo',2504),
(8775,'Sal Si Puedes',2504),
(8776,'La Curva',2504),
(8777,'Juan Baron',2504),
(8778,'La Aguita',2504),
(8779,'Fallete',2504),
(8780,'La Guama',2504),
(8781,'La Sabanita',2504),
(8782,'Puerto Palenque',2504),
(8783,'Sabana Palito',2504),
(8784,'Sabana Grande De Palenque Rural',2504),
(8785,'Lavapie',2505),
(8786,'Pueblo Nuevo',2505),
(8787,'San Isidro',2505),
(8788,'5 De Abril',2505),
(8789,'Zona Verde',2505),
(8790,'Jeringa',2505),
(8791,'Las Flores',2505),
(8792,'Madre Vieja Norte',2505),
(8793,'Madre Vieja Sur',2505),
(8794,'Centro De La Ciudad',2505),
(8795,'Los Nova',2505),
(8796,'Agricultura O Los Barrancones',2505),
(8797,'Puerto Rico',2505),
(8798,'Canastica O Paraiso',2505),
(8799,'Doña Chucha',2505),
(8800,'El Cerro',2505),
(8801,'Moscu',2505),
(8802,'Villa Fundacion',2505),
(8803,'Cañada Honda',2505),
(8804,'Los Molina',2505),
(8805,'El Buen Pastor',2505),
(8806,'La Suiza',2505),
(8807,'Sabana Toro',2505),
(8808,'La Guandulera',2505),
(8809,'La Coquera',2505),
(8810,'La Toma',2505),
(8811,'Establo',2505),
(8812,'Los Corozos',2505),
(8813,'Manuel',2505),
(8814,'Naranjo Dulce',2505),
(8815,'Villegas',2505),
(8816,'Gallinero',2505),
(8817,'Los Cacaitos',2505),
(8818,'El Pomier',2505),
(8819,'Hatillo - Las Hojas Anchas',2505),
(8820,'El Zumbon',2505),
(8821,'Calle Bonita',2505),
(8822,'Coco',2505),
(8823,'Los Cantines O Los Algarrobos',2505),
(8824,'Sabana',2505),
(8825,'Estebania',2505),
(8826,'Curva Del Turco',2505),
(8827,'San Miguel',2505),
(8828,'San Rafael',2505),
(8829,'Doña Ana',2505),
(8830,'San Isidro',2505),
(8831,'Hoyo Del Barro',2505),
(8832,'Santana',2505),
(8833,'Don Lopez',2505),
(8834,'Niza Arriba',2505),
(8835,'Niza Abajo',2505),
(8836,'Rancho Al Medio',2505),
(8837,'Los Hoyos',2505),
(8838,'Miracielo',2505),
(8839,'Sabana Al Medio',2505),
(8840,'Los Bajos',2505),
(8841,'Ingenio Nuevo',2505),
(8842,'La Palmita',2505),
(8843,'Caño Andres',2505),
(8844,'Fuerte Resoli',2505),
(8845,'El Pozo Prieto',2505),
(8846,'Najayo Arriba',2505),
(8847,'Loma Verde - Maricao',2505),
(8848,'Santa Lucia De Camba',2505),
(8849,'Canasta',2505),
(8850,'Zorra Buena',2505),
(8851,'La Conga',2505),
(8852,'Najayo',2505),
(8853,'Los Arroyos (Arroyo Bueno)',2505),
(8854,'La Plena',2505),
(8855,'Los Botaos',2505),
(8856,'Sainagua',2505),
(8857,'Los Asicis',2505),
(8858,'Montaño',2505),
(8859,'Avedaño O Vendaño',2505),
(8860,'Mata Paloma',2505),
(8861,'Los Mameyes',2505),
(8862,'Feliciana',2505),
(8863,'Mata Naranjo',2505),
(8864,'Boca De Burro',2505),
(8865,'Loma De Porquero',2505),
(8866,'Limon Dulce',2505),
(8867,'Los Chivos',2505),
(8868,'La Placeta (El Palmar)',2505),
(8869,'Mingo Bartolo O La Privada',2505),
(8870,'Mandinga',2505),
(8871,'La Palma',2505),
(8872,'La Cruz De Santiago',2505),
(8873,'Yerba Buena O Pica Pica',2505),
(8874,'El Corte',2505),
(8875,'La Florida',2505),
(8876,'Cambita Sterling',2505),
(8877,'Cambita Uribe',2505),
(8878,'La Rosa',2505),
(8879,'Fundacion',2505),
(8880,'El Fundo',2505),
(8881,'Kilometro 4',2505),
(8882,'Sabana Toro',2505),
(8883,'El Cinco',2505),
(8884,'Junda Junda',2505),
(8885,'Hato Damas',2505),
(8886,'Los Montones Arriba',2505),
(8887,'Los Montones Abajo',2505),
(8888,'Los Gervacio',2505),
(8889,'La Lechuza O El Cuayo',2505),
(8890,'Ingenge',2505),
(8891,'El Cobre',2505),
(8892,'Parra',2505),
(8893,'Dasa  I',2505),
(8894,'Dasa Ii',2505),
(8895,'Pedro Caballero',2505),
(8896,'Limon Dulce',2505),
(8897,'Boca De Gamboa',2505),
(8898,'Nuevos Horizontes',2505),
(8899,'La Cabuya',2505),
(8900,'Los Hoyos O El Guano',2505),
(8901,'Rincon Largo',2505),
(8902,'San Francisco',2505),
(8903,'La Lica',2505),
(8904,'Boruga',2505),
(8905,'Mano Matuey',2505),
(8906,'Carvajal',2505),
(8907,'El Ramon',2505),
(8908,'Los Calimetes',2505),
(8909,'Venturoso',2505),
(8910,'Boca De Los Dos Rios',2505),
(8911,'Arroyo Claro',2505),
(8912,'Arroyo Mingo',2505),
(8913,'Jamey',2505),
(8914,'La Jainera (Hainera)',2505),
(8915,'Maluco',2505),
(8916,'Los Arroyones',2505),
(8917,'Nigua Norte I',2506),
(8918,'Puerta Blanca',2506),
(8919,'La Costa',2506),
(8920,'Yogo Yogo',2506),
(8921,'Nigua Sur I',2506),
(8922,'Nigua Sur Ii',2506),
(8923,'Los Fructuosos',2506),
(8924,'San Antonio',2506),
(8925,'Samangola',2506),
(8926,'Boca De Nigua',2506),
(8927,'San Nicolas',2506),
(8928,'Cambelen',2506),
(8929,'Arroyo Higuero',2506),
(8930,'Yogo Yogo',2506),
(8931,'Dios Dira',2506),
(8932,'Najayo Abajo O Cruce De Najayo',2506),
(8933,'Hato Viejo',2506),
(8934,'Los Amaceyes',2506),
(8935,'Los Higueros',2506),
(8936,'Carlos Pinto',2506),
(8937,'Cañada Andres',2506),
(8938,'Goyo Viejo',2506),
(8939,'Las Playas',2506),
(8940,'El Guano',2506),
(8941,'Malpiez',2506),
(8942,'La Canela',2506),
(8943,'Los Cajuiles',2506),
(8944,'Juan Pablo Duarte',2507),
(8945,'Las Cañitas',2507),
(8946,'Ramon Matias Mella',2507),
(8947,'Catarey',2507),
(8948,'Fatima O Los Cachimbos',2507),
(8949,'Pueblo Nuevo',2507),
(8950,'Centro Del Pueblo',2507),
(8951,'Invi',2507),
(8952,'Tierra Santa',2507),
(8953,'Caribe',2507),
(8954,'San Francisco (Entrada)',2507),
(8955,'Los Solares',2507),
(8956,'Remangao',2507),
(8957,'Las Sarnas',2507),
(8958,'Maternidad',2507),
(8959,'Buenos Aires',2507),
(8960,'Libertad',2507),
(8961,'Pajarito',2507),
(8962,'Vista Hermosa',2507),
(8963,'Los Mercados',2507),
(8964,'El Negro',2507),
(8965,'Arroyo Grande',2507),
(8966,'El Duey',2507),
(8967,'Loma Vieja',2507),
(8968,'Batey Lecheria',2507),
(8969,'Cañada Blanca',2507),
(8970,'El Molino',2507),
(8971,'Novillero',2507),
(8972,'El Rodeo',2507),
(8973,'Los Aguacates',2507),
(8974,'Kilometro 45',2507),
(8975,'La Lomita O El Corral',2507),
(8976,'Cañada Honda',2507),
(8977,'La Guazuma',2507),
(8978,'El Sereno',2507),
(8979,'Mani De Haina',2507),
(8980,'Mani De Maizal O  Maizal Arriba',2507),
(8981,'La Caoba',2507),
(8982,'Cambutera',2507),
(8983,'La Celestina',2507),
(8984,'Nandita',2507),
(8985,'Hormigo',2507),
(8986,'Reparadero',2507),
(8987,'Batey Los Guineos',2507),
(8988,'Batey 43',2507),
(8989,'Guardarraya De Naiboa',2507),
(8990,'La Isabela',2507),
(8991,'Kilometro 40',2507),
(8992,'Carvajal',2507),
(8993,'Los Lirios',2507),
(8994,'Madrigal',2507),
(8995,'Monte Bonito',2507),
(8996,'Derrumbadero',2507),
(8997,'Higuerito',2507),
(8998,'Finquita',2507),
(8999,'Caobal',2507),
(9000,'El Puerto O El Centro',2507),
(9001,'Batey',2507),
(9002,'Puerto Rico',2507),
(9003,'Basima',2507),
(9004,'Sabana Culebra',2507),
(9005,'Guananito',2507),
(9006,'Sabana Piedra',2507),
(9007,'Tubo Prieto',2507),
(9008,'Come Hombre',2507),
(9009,'El Duey',2507),
(9010,'La Cueva Del Duey',2507),
(9011,'Kilometro 48',2507),
(9012,'Los Arroyones',2507),
(9013,'Los Mogotes',2507),
(9014,'Blanco',2507),
(9015,'Majagua',2507),
(9016,'Kilometro 56',2507),
(9017,'Kilometro 59',2507),
(9018,'Rancho   Yagua',2507),
(9019,'Arenoso',2507),
(9020,'La Cumbre',2507),
(9021,'Los Ganchos',2507),
(9022,'Rancho  La Cumbre',2507),
(9023,'El Puerto',2507),
(9024,'El Cafe',2507),
(9025,'El Sesenta Y Uno (61)',2507),
(9026,'El Dos (El 2) O La Mina',2507),
(9027,'Medina',2507),
(9028,'Neñez Abajo',2507),
(9029,'Los Mejia',2507),
(9030,'Los Jeses',2507),
(9031,'El Pedrero',2507),
(9032,'Mamey Macho',2507),
(9033,'Guanabanito',2507),
(9034,'La Juliana Arriba',2507),
(9035,'Neñez Arriba',2507),
(9036,'El Limon',2507),
(9037,'La Curva',2507),
(9038,'La Cuabita',2507),
(9039,'Vietnam',2507),
(9040,'Castaño',2507),
(9041,'Media Cara',2507),
(9042,'El Fundo',2507),
(9043,'Rancho Acevedo',2507),
(9044,'El Paraiso',2507),
(9045,'Lecheria',2507),
(9046,'La Juliana Abajo',2507),
(9047,'Los Algarrobos',2507),
(9048,'La Cuchilla',2507),
(9049,'Guachupita',2507),
(9050,'La Joya',2507),
(9051,'La Piña',2507),
(9052,'La Rosa',2507),
(9053,'Los Brache O Los Bellacos',2507),
(9054,'Lo Menso',2507),
(9055,'Aguacero',2507),
(9056,'Gragea',2507),
(9057,'Arroyo El Loro',2507),
(9058,'Cañada De La Palma',2507),
(9059,'Higo Claro',2507),
(9060,'Barrio La Grama',2507),
(9061,'Los Placencio O Los Horacio',2507),
(9062,'Los Compe',2507),
(9063,'El Caobal',2507),
(9064,'Los Hoyos',2507),
(9065,'Sabana Caobal',2507),
(9066,'Los Anones',2507),
(9067,'Los Pineda',2507),
(9068,'El Maricao',2507),
(9069,'Los Mosquitos',2507),
(9070,'Los Conucos',2507),
(9071,'El Cidral',2507),
(9072,'Jengibre',2507),
(9073,'La Bomba',2507),
(9074,'Los Reinoso',2507),
(9075,'Blanco Caobal',2507),
(9076,'Terreno Del Estado',2507),
(9077,'Loma De Los Majaguales',2507),
(9078,'Barrio Chino',2507),
(9079,'Blanco Majagua',2507),
(9080,'La Ceiba',2507),
(9081,'Higuerito',2507),
(9082,'La Represa',2507),
(9083,'Joa',2507),
(9084,'Santa Cruz',2508),
(9085,'La Uva',2508),
(9086,'Nuevo',2508),
(9087,'La Manigua',2508),
(9088,'Las Gallardas',2508),
(9089,'Las Gallardas (Los Brujanes)',2508),
(9090,'La Sierra',2508),
(9091,'Pujabante',2508),
(9092,'La Cueva',2508),
(9093,'El Fuerte',2508),
(9094,'La Jagua',2508),
(9095,'Tio Lorenzo',2508),
(9096,'Paimatia',2508),
(9097,'Arroyo Mamey',2508),
(9098,'Higuerito',2508),
(9099,'Semana Santa',2508),
(9100,'La Cumba',2508),
(9101,'Geronimo Lopez',2508),
(9102,'Las Mercedes',2508),
(9103,'Los Guzman',2508),
(9104,'Yaguate Arriba O La Jabilla',2508),
(9105,'Los Leones',2508),
(9106,'Doña Ana',2508),
(9107,'Machin',2508),
(9108,'La Ermita O Najayo En Medio',2508),
(9109,'Moja Casabe',2508),
(9110,'Duveaux (Mamey Macho)',2508),
(9111,'La Loma',2508),
(9112,'La Cabirma',2508),
(9113,'Los Sanchez',2508),
(9114,'Los Mateo',2508),
(9115,'Lucas Diaz',2508),
(9116,'La Jagua',2508),
(9117,'Boca De Los Arroyos',2508),
(9118,'La Vaca',2508),
(9119,'Los Riceli (Los Brea)',2508),
(9120,'El Limon',2508),
(9121,'Pajarito',2508),
(9122,'Buzon',2508),
(9123,'La Caoba',2508),
(9124,'Ingenio Caei',2508),
(9125,'Cabria Abajo',2508),
(9126,'Los Franco',2508),
(9127,'Najayo En Medio',2508),
(9128,'El Maizal',2508),
(9129,'Boca De Mani',2508),
(9130,'La Mancha',2508),
(9131,'El Pozo',2508),
(9132,'Monte Bonito',2508),
(9133,'El Fuerte',2508),
(9134,'El Horno',2508),
(9135,'Mani Abajo',2508),
(9136,'Mani De Yaguate',2508),
(9137,'El Copey',2508),
(9138,'Viejo',2508),
(9139,'Rancho Arriba',2601),
(9140,'Arroyo Blanco',2601),
(9141,'Arroyo Caña',2601),
(9142,'Juan Luis',2601),
(9143,'La Vigia',2601),
(9144,'Los Morones',2601),
(9145,'El Comedero',2601),
(9146,'Los Quemado',2601),
(9147,'Banilejo',2601),
(9148,'Las Avispas',2601),
(9149,'Arroyo Prieto',2601),
(9150,'Florencio',2601),
(9151,'La Marca',2601),
(9152,'Los Gatos',2601),
(9153,'Arroyo Del Cafe',2601),
(9154,'Mata De Cafe',2601),
(9155,'La Yuca',2601),
(9156,'Las Yayas',2601),
(9157,'Arroyo Del Medio',2601),
(9158,'Mahoma',2601),
(9159,'La Nuez',2601),
(9160,'La Peñita',2601),
(9161,'Suardi',2601),
(9162,'La Colonia',2601),
(9163,'Palo De La Cruz',2601),
(9164,'El Catey',2601),
(9165,'Derrumbado',2601),
(9166,'La Trocha (La Tocha)',2601),
(9167,'Derrumbadero De Mahoma',2601),
(9168,'Los Fogoncitos',2601),
(9169,'Los Grillos',2601),
(9170,'La Bocaina',2601),
(9171,'La Cabirma',2601),
(9172,'Arroyo Manteca',2601),
(9173,'Arroyo Chiquito',2601),
(9174,'El Toro',2601),
(9175,'El Barranquito',2601),
(9176,'Quita Pena',2601),
(9177,'Los Arroyitos',2601),
(9178,'Los Naranjos',2601),
(9179,'La Monteadita',2601),
(9180,'Hato Viejo',2601),
(9181,'Las Yayas',2601),
(9182,'La Estrechura',2601),
(9183,'Quita Sueño',2601),
(9184,'La Cienaguita',2601),
(9185,'Monte Negro',2601),
(9186,'La Travesia',2601),
(9187,'La Sabana',2601),
(9188,'El Mogote',2601),
(9189,'Loma Monteada (Torito Del Yuna)',2601),
(9190,'La Placeta De Yuna',2601),
(9191,'Montia Del Coco',2601),
(9192,'Junumuce',2601),
(9193,'Desecho Largo',2601),
(9194,'Arroyo Hondo',2601),
(9195,'Firme De Monroe',2601),
(9196,'Yerba Buena',2601),
(9197,'Loma Del Cajon',2601),
(9198,'El Limonal',2602),
(9199,'Centro Del Pueblo',2602),
(9200,'Sabana Larga Abajo O Los Come Dulce',2602),
(9201,'El Cruce De La Esperanza',2602),
(9202,'El Rincon',2602),
(9203,'El Cajon',2602),
(9204,'Arroyo Bonito',2602),
(9205,'Carmona',2602),
(9206,'Arabia',2602),
(9207,'Los Limoncillos',2602),
(9208,'La Nuez',2602),
(9209,'Las Nueces',2602),
(9210,'Las Espinas',2602),
(9211,'La Cienaga Al Medio',2602),
(9212,'El Rifle',2602),
(9213,'La Horma',2602),
(9214,'Los Almendros',2602),
(9215,'Los Arroyos',2602),
(9216,'Los Manaclares',2602),
(9217,'La Palma',2602),
(9218,'Las Cayas',2602),
(9219,'Manuel Lorenzo',2602),
(9220,'El Canal',2602),
(9221,'Rincon Del Pino',2602),
(9222,'La Barra',2602),
(9223,'Los Pocitos',2602),
(9224,'La Cienaga De Los Pocitos',2602),
(9225,'Derrico Blanco',2602),
(9226,'Los Guayabos',2602),
(9227,'El Guayabo',2602),
(9228,'La Esperanza',2602),
(9229,'La Angostura',2602),
(9230,'La Malagueta',2602),
(9231,'Loma Comejen (El Comejen)',2602),
(9232,'Los Martinez',2602),
(9233,'Sabana Larga',2602),
(9234,'Pueblo Nuevo',2603),
(9235,'Pueblo Abajo',2603),
(9236,'San Luis',2603),
(9237,'San Francisco',2603),
(9238,'El Rastrillo',2603),
(9239,'Prolongacion 30 De Abril',2603),
(9240,'Nuevo Esfuerzo',2603),
(9241,'Juan Pablo Duarte',2603),
(9242,'Las Clavellinas',2603),
(9243,'La Vigia',2603),
(9244,'Urbanizacion Los Maestros',2603),
(9245,'La Colina',2603),
(9246,'Los Invasores',2603),
(9247,'San Andres',2603),
(9248,'Urbanizacion Bella Vista',2603),
(9249,'Los Ranchitos',2603),
(9250,'Arenoso',2603),
(9251,'Saviñon',2603),
(9252,'Las Caobas',2603),
(9253,'Mendez',2603),
(9254,'Los Martinez',2603),
(9255,'Hoyo Nuevo',2603),
(9256,'El Limon',2603),
(9257,'El Angelito',2603),
(9258,'Monte Higuero',2603),
(9259,'Jengibre',2603),
(9260,'La Laguneta',2603),
(9261,'Arroyo Palma',2603),
(9262,'Las Flores',2603),
(9263,'Bayona',2603),
(9264,'Vuelta De La Paloma',2603),
(9265,'La Cienaga',2603),
(9266,'El Quemado',2603),
(9267,'El Toro',2603),
(9268,'Los Anones',2603),
(9269,'El Manaclar',2603),
(9270,'Monte Grande',2603),
(9271,'La Jina',2603),
(9272,'El Mogote',2603),
(9273,'Cañada Grande',2603),
(9274,'Jiguey',2603),
(9275,'El Mochito',2603),
(9276,'Domingo Frio',2603),
(9277,'Los Limones',2603),
(9278,'El Buey',2603),
(9279,'Juan Grande',2603),
(9280,'Los Peñas',2603),
(9281,'El Higuerote',2603),
(9282,'El Manielito',2603),
(9283,'El Desecho',2603),
(9284,'El Arenazo',2603),
(9285,'La Jaiba O La Jamba',2603),
(9286,'Los Palmaritos',2603),
(9287,'Taton',2603),
(9288,'La Vereda',2603),
(9289,'Monte Bonito',2603),
(9290,'Camaron',2603),
(9291,'El Rodadero O  Zodadero',2603),
(9292,'Cañada Honda',2603),
(9293,'El Rincon',2603),
(9294,'Rio Abajo',2603),
(9295,'Boca De Cazuela',2603),
(9296,'La Cienaga',2603),
(9297,'El Jobo',2603),
(9298,'Los Capacitos',2603),
(9299,'Apolinar',2603),
(9300,'Arroyo De Pedro',2603),
(9301,'La Yautia',2603),
(9302,'El Rosalito',2603),
(9303,'Palo De La Higuera',2603),
(9304,'Las Barias',2603),
(9305,'El Mogote',2603),
(9306,'Boca De Mahoma',2603),
(9307,'La Travesia',2603),
(9308,'Palo De Caja',2603),
(9309,'El Capa',2603),
(9310,'La Laguna',2603),
(9311,'Santana',2603),
(9312,'La Higuerita (La Higuereta)',2603),
(9313,'El Toro',2603),
(9314,'Loma Del Mogote',2603),
(9315,'El Loasa',2603),
(9316,'El Firme',2603),
(9317,'Los Indios',2603),
(9318,'La Cabirma',2603),
(9319,'El Chifle',2603),
(9320,'Doña Ana',2603),
(9321,'Nizao',2603),
(9322,'Las Auyamas',2603),
(9323,'Los Cajones',2603),
(9324,'El Aguacate',2603),
(9325,'La Botella',2603),
(9326,'Cazuela',2603),
(9327,'Arroyo Al Medio',2603),
(9328,'La Bija',2603),
(9329,'Cañada De Manacla',2603),
(9330,'Cañada Nueva',2603),
(9331,'Las Piedras',2603),
(9332,'La Marca',2603),
(9333,'La Vereda Nueva',2603),
(9334,'Los Almendros',2603),
(9335,'La Sabana',2603),
(9336,'La Nuez',2603),
(9337,'La Majagua',2603),
(9338,'Cazuelita',2603),
(9339,'La Matica',2603),
(9340,'Los Palmaritos',2603),
(9341,'Cañada Mala',2603),
(9342,'La Cumbre',2603),
(9343,'El Pomo',2603),
(9344,'El Botado',2603),
(9345,'Los Brazos',2603),
(9346,'Monte Prieto',2603),
(9347,'El Callejon',2603),
(9348,'Los Guazaros',2603),
(9349,'Arroyo Seco',2603),
(9350,'Laguna Seca',2603),
(9351,'El Mulo',2603),
(9352,'El Pie De La Loma',2603),
(9353,'Pino Mocho (Pino Moncho)',2603),
(9354,'Yerba Buena',2603),
(9355,'Palos Grandes',2603),
(9356,'Arroyo Arriba',2603),
(9357,'Las Avispas',2603),
(9358,'La Higuera',2603),
(9359,'El Higuito',2603),
(9360,'El Carrao',2603),
(9361,'Monte Bonito',2603),
(9362,'Los Guineos',2603),
(9363,'El Pinar',2603),
(9364,'La Aguita',2603),
(9365,'La Toronja',2603),
(9366,'La Cuchilla',2603),
(9367,'El Perico',2603),
(9368,'El Ojo De Agua',2603),
(9369,'Rancho Francisco',2603),
(9370,'El Corbanal',2603),
(9371,'La Isleta',2603),
(9372,'Los Canes',2603),
(9373,'La Damajuana O La Damajagua',2603),
(9374,'Los Corozos',2603),
(9375,'La Cruz',2603),
(9376,'Los Palmaritos',2603),
(9377,'El Montazo',2603),
(9378,'Los Pocheses',2603),
(9379,'El Caimital',2603),
(9380,'El Bejucal',2603),
(9381,'La Cienaga',2603),
(9382,'La Tachuela',2603),
(9383,'Los Limones',2603),
(9384,'Los Tramojos',2603),
(9385,'Los Negros',2603),
(9386,'El Cercado',2603),
(9387,'Mancebo',2603),
(9388,'Mesa De Domingo O Neon De Domingo',2603),
(9389,'Palo De Sabina',2603),
(9390,'Sabana Abajo',2603),
(9391,'Naranjal   Arriba',2603),
(9392,'El Ojo De Agua',2603),
(9393,'Arroyo Hondo',2603),
(9394,'Cazuela',2603),
(9395,'Derrumbado',2603),
(9396,'Los Limoncillos',2603),
(9397,'Vengan A Ver',2603),
(9398,'Parra',2603),
(9399,'Tumbaca',2603),
(9400,'La Fortuna',2603),
(9401,'Pio',2603),
(9402,'Las Flores',2603),
(9403,'Avenida Canada',2603),
(9404,'Cañada Del Horno',2603),
(9405,'Centro Del Pueblo',2603),
(9406,'Pueblo Arriba',2603),
(9407,'San Rafael',2603),
(9408,'El Barrio',2701),
(9409,'Centro Del Pueblo O El Medio',2701),
(9410,'El Gajo De Sabana',2701),
(9411,'El Manguito',2701),
(9412,'Los Lucianos',2701),
(9413,'El Tocon',2701),
(9414,'Los Lucianos',2701),
(9415,'Villa Flores',2701),
(9416,'Los Sanchez',2701),
(9417,'Los Corcino',2701),
(9418,'Los Abreu',2701),
(9419,'La Calabaza',2701),
(9420,'Arroyo Cano',2701),
(9421,'Los Severinos',2701),
(9422,'Los Guayabos',2701),
(9423,'Las Avispas',2701),
(9424,'Boca Del Arroyo',2701),
(9425,'Los Montasitos',2701),
(9426,'Los Haitises',2701),
(9427,'El Corozo',2701),
(9428,'Bajo Corozo',2701),
(9429,'El Jengibre',2701),
(9430,'Bajo Mulato (Gajo Mulato)',2701),
(9431,'El Naranjo',2701),
(9432,'Los Limones',2701),
(9433,'Buena Vista',2701),
(9434,'El Tabacal',2701),
(9435,'La Patilla',2701),
(9436,'El Guanal',2701),
(9437,'Los Abeyes',2701),
(9438,'El Coco',2701),
(9439,'Los Naranjos',2701),
(9440,'Buena Vista',2701),
(9441,'Yaque (Loma Del Yaque)',2701),
(9442,'La Vereda',2701),
(9443,'Gajo Largo',2701),
(9444,'La Piedra',2701),
(9445,'San Francisco',2701),
(9446,'El Palmar',2701),
(9447,'Monte Grande',2701),
(9448,'El Arroyon',2701),
(9449,'Los Corocitos',2701),
(9450,'La Palmita',2701),
(9451,'El Guayuyal',2701),
(9452,'El Aguacate',2701),
(9453,'El Pilon',2701),
(9454,'Los Cueros',2701),
(9455,'El Ranchito',2701),
(9456,'La Guama',2701),
(9457,'Placer Bonito',2702),
(9458,'Centro Del Pueblo',2702),
(9459,'El Jobito',2702),
(9460,'Los Cachimbos O Villa Esperanza',2702),
(9461,'Las Marias',2702),
(9462,'Chino',2702),
(9463,'Cuero De Puerco',2702),
(9464,'La Monteadita',2702),
(9465,'Rancho Viejo',2702),
(9466,'Los Manantiales',2702),
(9467,'El Silencio',2702),
(9468,'El Pinar',2702),
(9469,'Rincon Largo',2702),
(9470,'El Hatico',2702),
(9471,'Guatapanal',2702),
(9472,'La Meseta',2702),
(9473,'El Guanal',2702),
(9474,'La Mulata',2702),
(9475,'La Guama',2702),
(9476,'La Jaguita',2702),
(9477,'El Barrero',2702),
(9478,'El Capacito',2702),
(9479,'El Palmar',2702),
(9480,'El Majagual',2702),
(9481,'La Palmita',2702),
(9482,'Los Naranjitos',2702),
(9483,'Cercado Abajo',2702),
(9484,'El Quemado',2702),
(9485,'El Puertecito',2702),
(9486,'La Horqueta',2702),
(9487,'Los Caimonies',2702),
(9488,'Las Dos Matas',2702),
(9489,'Sabana De La Rancha',2702),
(9490,'La Vereda',2702),
(9491,'Pedro Alejandro',2702),
(9492,'Los Paredones',2702),
(9493,'Hueco-Hoyo De La Piedra',2702),
(9494,'Mata De Palma',2702),
(9495,'Sabana Bonita',2702),
(9496,'La Ermita - La Hermida',2702),
(9497,'Los Brito',2702),
(9498,'La Rancha',2702),
(9499,'Guardarraya',2702),
(9500,'La Palmita Ii',2702),
(9501,'Tierra Hundida',2702),
(9502,'Pinar Grande',2702),
(9503,'Agua Fresca',2702),
(9504,'La Coraza',2702),
(9505,'La Navaja',2702),
(9506,'La Mocha',2702),
(9507,'Siembra Vieja',2702),
(9508,'Boca Del Humo',2702),
(9509,'La Culebra',2702),
(9510,'El Guayabal',2702),
(9511,'Pinar Sucio',2702),
(9512,'El Palmar',2702),
(9513,'Guazara',2702),
(9514,'La Cienaga',2702),
(9515,'El Montazo',2702),
(9516,'El Rebo',2702),
(9517,'La Guazara Abajo',2702),
(9518,'Los Campeches',2702),
(9519,'Pinar Del Cuello',2702),
(9520,'Los Jazmines',2702),
(9521,'Los Botados',2702),
(9522,'Los Arroyos',2702),
(9523,'La Damaya - La Damaija',2702),
(9524,'Joco Viejo',2702),
(9525,'Guayabo Dulce',2702),
(9526,'Derrumbadero',2702),
(9527,'La Raiz',2702),
(9528,'Loma Al Medio',2702),
(9529,'Los Pomorosos',2702),
(9530,'El Jazmin',2702),
(9531,'Bartolo',2702),
(9532,'Monte Grande',2702),
(9533,'Majagual',2702),
(9534,'El Jobillo',2702),
(9535,'Paso Viejo',2702),
(9536,'Los Cerros',2702),
(9537,'Damiin',2702),
(9538,'Pinalito',2702),
(9539,'La Cruz De Vicente',2702),
(9540,'La Sabana',2702),
(9541,'Gajo De Pedro',2702),
(9542,'La Cañada Del Rio',2702),
(9543,'Los Hinojos',2702),
(9544,'Placer Bonito De Pedro',2702),
(9545,'El Vallecito',2702),
(9546,'Sabana  Del Lino',2702),
(9547,'Batista O Centro Del Pueblo',2702),
(9548,'Pinar De La Cana',2702),
(9549,'Los Tablones',2702),
(9550,'El Maniercito',2702),
(9551,'El Barrerito',2702),
(9552,'Abras De Las Yayas',2702),
(9553,'Lagunita',2702),
(9554,'El Guamalito',2702),
(9555,'Los Naranjos',2702),
(9556,'El Caimonial',2702),
(9557,'El Palmar',2702),
(9558,'El Barrero',2702),
(9559,'Tierrita Blanca',2702),
(9560,'Centro Del Pueblo',2703),
(9561,'Nueva Esperanza O Proyecto 3',2703),
(9562,'Los Billeteros',2703),
(9563,'Buena Vista',2703),
(9564,'De Luz',2703),
(9565,'Ensanche La Rubia',2703),
(9566,'Proyecto 1 O Maximiliano Perdomo',2703),
(9567,'Los Balleteros',2703),
(9568,'Loma Verde',2703),
(9569,'La Lima',2703),
(9570,'Los Montones',2703),
(9571,'Gajo De Los Caballos',2703),
(9572,'Cufi',2703),
(9573,'Buena Vista',2703),
(9574,'Corral De Los Indios',2703),
(9575,'Sabana De La Vaca',2703),
(9576,'Las Ovejas',2703),
(9577,'Los Mameyes',2703),
(9578,'La Peña',2703),
(9579,'Berrinche',2703),
(9580,'Jinova Arriba',2703),
(9581,'Jinova Abajo',2703),
(9582,'Las Cabirmas',2703),
(9583,'Mata Aroma',2703),
(9584,'Jinova Al Medio',2703),
(9585,'Cañada De Luis',2703),
(9586,'El Donao',2703),
(9587,'Los Botados',2703),
(9588,'Matarraton',2703),
(9589,'Las Carreras',2703),
(9590,'Piedra Blanca',2703),
(9591,'El Hoyo',2703),
(9592,'Sosa',2703),
(9593,'La Sabana',2703),
(9594,'Solorin',2703),
(9595,'San Ramon',2703),
(9596,'Jaquimeyes',2703),
(9597,'Corbanal',2703),
(9598,'Sabana Tuna',2704),
(9599,'Centro Del Pueblo',2704),
(9600,'La Manicera',2704),
(9601,'La Mina',2704),
(9602,'Hermanas Mirabal',2704),
(9603,'Pueblo Nuevo',2704),
(9604,'Villa Esperanza O Villa Fatima',2704),
(9605,'Residencial El Cristo',2704),
(9606,'El Cajuil',2704),
(9607,'Villa Carmen O La Gallera',2704),
(9608,'La Cruz',2704),
(9609,'Blanco O Jose Francisco Peña Gomez',2704),
(9610,'Los Barrancones',2704),
(9611,'Bayamon',2704),
(9612,'Cabeza De Bestia',2704),
(9613,'Comedero Bayo',2704),
(9614,'El Barrero',2704),
(9615,'El Batey',2704),
(9616,'El Mamon',2704),
(9617,'Guayabo',2704),
(9618,'La Estancia',2704),
(9619,'La Marinuela',2704),
(9620,'La Meseta',2704),
(9621,'Año Nuevo',2704),
(9622,'Los Corbanitos',2704),
(9623,'Los Corrales',2704),
(9624,'Los Corralitos',2704),
(9625,'Los Fundos Viejos',2704),
(9626,'Los Memisos',2704),
(9627,'Monte Arriba',2704),
(9628,'Moronte',2704),
(9629,'Petronica',2704),
(9630,'Piedra De Amolar',2704),
(9631,'San Jose',2704),
(9632,'Los Aquino',2704),
(9633,'Carrera De Higuero',2704),
(9634,'Carrera De Burro',2704),
(9635,'Sabana Sierra O Las Mulas',2704),
(9636,'Ramon Castillo',2704),
(9637,'Tumba Coco',2704),
(9638,'La Flor',2704),
(9639,'Los Barreros',2704),
(9640,'Cañada Honda',2704),
(9641,'Carrera Bonita',2704),
(9642,'Catanamatias',2704),
(9643,'Los Cercadillos',2704),
(9644,'Los Corocitos',2704),
(9645,'El Corozal',2704),
(9646,'El Alto',2704),
(9647,'El Pando',2704),
(9648,'El Rodeo',2704),
(9649,'Gajo Del Loco',2704),
(9650,'Yabonico',2704),
(9651,'La Artemisa O La Altamisa',2704),
(9652,'La Cabuya',2704),
(9653,'La China',2704),
(9654,'La Enea',2704),
(9655,'La Isabelita',2704),
(9656,'La Laguna',2704),
(9657,'La Regadera',2704),
(9658,'La Sierra',2704),
(9659,'Los Derramaderos',2704),
(9660,'Los Jobillos',2704),
(9661,'Montada O Monte Ara',2704),
(9662,'Pajonal',2704),
(9663,'Palos Amargos',2704),
(9664,'Pan De Azecar',2704),
(9665,'Sabana De Comelo O De Comer',2704),
(9666,'Sabana En Medio (Catanamatias)',2704),
(9667,'Sabana En Medio (Los Copeyes)',2704),
(9668,'Severino',2704),
(9669,'Tres Mangas',2704),
(9670,'Los Copeyes O La Cabezada',2704),
(9671,'Carrera De Limon',2704),
(9672,'La Lomita',2704),
(9673,'Saladillos',2704),
(9674,'El Carrizal',2704),
(9675,'La Cienaga',2704),
(9676,'Sabana De Guano',2704),
(9677,'Cabezada',2704),
(9678,'Carrera De Palma',2704),
(9679,'Los Botados',2704),
(9680,'El Placer',2704),
(9681,'Campocho',2704),
(9682,'Corral Falso',2704),
(9683,'Calabozo',2704),
(9684,'El Alto De La Pastilla',2704),
(9685,'Primer Sabana',2704),
(9686,'Hato Rosario',2704),
(9687,'Los Jabosos',2704),
(9688,'El Hoyo',2704),
(9689,'Los Cerritos',2704),
(9690,'Guazumal',2704),
(9691,'Carrera Conuco',2704),
(9692,'Sabana Bonita',2704),
(9693,'La Facunda',2704),
(9694,'El Naranjo',2704),
(9695,'Los Botados',2704),
(9696,'La Mocha',2704),
(9697,'El Quemado',2704),
(9698,'Los Aposentos',2704),
(9699,'El Pozo',2704),
(9700,'Punta Caña',2704),
(9701,'La Siembra',2704),
(9702,'La Angola',2704),
(9703,'La Lomita',2704),
(9704,'Los Peñascos',2704),
(9705,'Los Corrales',2704),
(9706,'Juan Brown',2704),
(9707,'La Jagua',2704),
(9708,'Los Potrocarreras',2704),
(9709,'La Tuna',2704),
(9710,'Los Corbanos',2704),
(9711,'El Pedregal',2704),
(9712,'Matayaya O El Batey',2704),
(9713,'Arroyo Zayas',2704),
(9714,'Palma Cana',2704),
(9715,'El Corte',2704),
(9716,'El Almacigo',2704),
(9717,'El Muey',2704),
(9718,'Las Carreras',2704),
(9719,'La Loma',2704),
(9720,'El Cajuil Prieto',2704),
(9721,'Los Cerros',2704),
(9722,'Cocinera',2704),
(9723,'El Barrerito (Km 4)',2704),
(9724,'La Vigia',2704),
(9725,'Las Carreras De Ceiba',2704),
(9726,'El Cajuil Blanco',2704),
(9727,'Guaraguao',2704),
(9728,'Rancho De Juana',2704),
(9729,'Guayabo',2704),
(9730,'El Pino',2704),
(9731,'Guanito',2704),
(9732,'La Baitoita Arriba',2704),
(9733,'La Jaguita',2704),
(9734,'La Pocilga',2704),
(9735,'Los Jobos',2704),
(9736,'Mangil Abajo',2704),
(9737,'Miguel Martinez',2704),
(9738,'Rio Del Padre',2704),
(9739,'Arroyo Salado',2704),
(9740,'Los Cimarrones',2704),
(9741,'Laguna Prieta',2704),
(9742,'Las Carreras',2704),
(9743,'Las Auyamas',2704),
(9744,'El Salto',2704),
(9745,'Los Cercadillos',2704),
(9746,'Los Fundos De Olivero',2704),
(9747,'Los Alejo',2704),
(9748,'Los Hoyos',2704),
(9749,'Los Molinos',2704),
(9750,'Luis Simon',2704),
(9751,'Los Calabozos (La Estrelleta)',2704),
(9752,'Cuero De Gente',2704),
(9753,'Sabana Bonita',2704),
(9754,'El Guanal',2704),
(9755,'Carrera De Marcos',2704),
(9756,'El Cruce',2704),
(9757,'Cara Linda',2704),
(9758,'El Mamon',2704),
(9759,'La Hoya',2704),
(9760,'Matayaya',2704),
(9761,'Buena Vista',2704),
(9762,'Carreras De Yegua',2704),
(9763,'Los Trozos',2704),
(9764,'Guardarraya',2704),
(9765,'Guayabo',2704),
(9766,'Guayacan',2704),
(9767,'Hoyo Prieto',2704),
(9768,'Los Manacles',2704),
(9769,'Media Luna',2704),
(9770,'Tabacal',2704),
(9771,'Copey Sano',2704),
(9772,'Pinal Claro',2704),
(9773,'Loma Sabana De La Sierra',2704),
(9774,'Cañada Grande',2704),
(9775,'Leandro',2704),
(9776,'Candelones',2704),
(9777,'Mata De Los Caos',2704),
(9778,'Calabozo',2704),
(9779,'Caña Segura',2704),
(9780,'Pozo Hondo',2704),
(9781,'Los Ladrillos',2704),
(9782,'Los Limones',2704),
(9783,'Cañada De Antonio',2704),
(9784,'Ranchito',2704),
(9785,'Palma Sola',2704),
(9786,'Los Guayuyos',2704),
(9787,'Alto De La Flores O Alto De La Paloma',2704),
(9788,'Paso Fuerte',2704),
(9789,'Vallecito',2704),
(9790,'Escondido',2704),
(9791,'El Guanabano',2704),
(9792,'Las Piedras',2704),
(9793,'Sabaneta',2704),
(9794,'La Cruz',2704),
(9795,'Yacahueque',2704),
(9796,'Quija Quieta',2705),
(9797,'Entrada De Jinova O La Cabirma',2705),
(9798,'La Mesopotamia',2705),
(9799,'Guachupita',2705),
(9800,'Manoguayabo',2705),
(9801,'El Corbano Norte',2705),
(9802,'Villa Flores',2705),
(9803,'Circunvalacion',2705),
(9804,'Antonio Ronzino',2705),
(9805,'Corbano Sur',2705),
(9806,'Villa Liberacion O Campo De Aviacion',2705),
(9807,'Hermanas Mirabal, Campo De Aviacion O Anacaona',2705),
(9808,'Ensanche La Fe',2705),
(9809,'Villa Felicia O Los Gringos',2705),
(9810,'Centro Del Pueblo',2705),
(9811,'Villa Alexandra',2705),
(9812,'Urbanizacion Estrella',2705),
(9813,'Lucero O Villa Chavez',2705),
(9814,'Montes De Oca',2705),
(9815,'Cristo Rey',2705),
(9816,'Urbanizacion Villa Real',2705),
(9817,'Los Tamarindos',2705),
(9818,'Las Dos Zanjas',2705),
(9819,'Tierra Nueva (Suarez)',2705),
(9820,'Mangil',2705),
(9821,'El Batey',2705),
(9822,'Chalona Abajo',2705),
(9823,'El Rodeo',2705),
(9824,'Buena Vista',2705),
(9825,'La Boca De Estancia',2705),
(9826,'Cuenda Arriba',2705),
(9827,'La Cuenda',2705),
(9828,'Las Cienagas',2705),
(9829,'Los Mameyes',2705),
(9830,'Los Rincones',2705),
(9831,'Barranca',2705),
(9832,'Los Fundos',2705),
(9833,'Magueyal O El Caobal',2705),
(9834,'Catambu',2705),
(9835,'El Aromal',2705),
(9836,'Hato Viejo O Santome',2705),
(9837,'Cuenda Abajo',2705),
(9838,'Cañafistol',2705),
(9839,'El Palmar',2705),
(9840,'La Vera Del Rio',2705),
(9841,'Tomanina',2705),
(9842,'El Coco',2705),
(9843,'Mendieta',2705),
(9844,'Mogollon',2705),
(9845,'Los Cerros',2705),
(9846,'Lavapies',2705),
(9847,'Sajoncito',2705),
(9848,'La Cienaga',2705),
(9849,'Higuerito O Lucero',2705),
(9850,'El Uno',2705),
(9851,'La Cidra',2705),
(9852,'El Pergano',2705),
(9853,'Maria Dionicia',2705),
(9854,'El Toro Lado',2705),
(9855,'Montes Del Estado',2705),
(9856,'Campo De Aviacion',2705),
(9857,'Guazumal',2705),
(9858,'Los Capaces',2705),
(9859,'Las Cañas',2705),
(9860,'Pedro Corto',2705),
(9861,'La Sierra',2705),
(9862,'Mabrigida',2705),
(9863,'Cabeza Del Muerto',2705),
(9864,'Carrera De Naranjo',2705),
(9865,'Agua Hedionda',2705),
(9866,'Pedro Sanchez',2705),
(9867,'Jovayal',2705),
(9868,'Columna Arriba',2705),
(9869,'Columna Abajo',2705),
(9870,'Media Cara',2705),
(9871,'Kilometros 11 Al 15',2705),
(9872,'Hato Viejo',2705),
(9873,'Nicaragua',2705),
(9874,'El Llanito',2705),
(9875,'La Sabana',2705),
(9876,'Los Sajones',2705),
(9877,'Tierra Dura',2705),
(9878,'Rincon Bellaco',2705),
(9879,'La Urca',2705),
(9880,'Carretera De Naranjo',2705),
(9881,'Piedra Blanca',2705),
(9882,'Punta Caña O Los Cerros',2705),
(9883,'Arroyo Loro',2705),
(9884,'La Urca',2705),
(9885,'Gargaguar',2705),
(9886,'Guanabano',2705),
(9887,'Hato Abajo',2705),
(9888,'Los Pozuelos',2705),
(9889,'Los Almacigos',2705),
(9890,'Sabana En Medio',2705),
(9891,'La Ceja',2705),
(9892,'Los  Jaimines',2705),
(9893,'El Chicharron',2705),
(9894,'Gajo Del Bohio',2705),
(9895,'El Yayal',2705),
(9896,'Hoyo Prieto',2705),
(9897,'La Higuera',2705),
(9898,'Piedra Blanca',2705),
(9899,'Los Tomates',2705),
(9900,'El Manguito',2705),
(9901,'La Guama',2705),
(9902,'Palo Del Viento',2705),
(9903,'La Rosa',2705),
(9904,'La Cienaga',2705),
(9905,'La Lometa',2705),
(9906,'Los Arroyos',2705),
(9907,'La Cañita',2705),
(9908,'Sabana Alta',2705),
(9909,'Los Burros',2705),
(9910,'Kilometro 11',2705),
(9911,'Kilometro 12',2705),
(9912,'Puente Mijo',2705),
(9913,'Juan Alvarez',2705),
(9914,'Mijo O Kilometro 13',2705),
(9915,'El Papayo',2705),
(9916,'Los Vallaondito (Los Bayahondito)',2705),
(9917,'Sabana Piedra',2705),
(9918,'El Cajon',2705),
(9919,'Nicaragua',2705),
(9920,'Los Sajones O El Sajon',2705),
(9921,'La Rosario Arriba',2705),
(9922,'Rosario Al Medio',2705),
(9923,'Rosario Abajo',2705),
(9924,'Manoguayabo O Los Caños',2705),
(9925,'El Hato',2705),
(9926,'Los Cambrones',2705),
(9927,'La Culata',2705),
(9928,'Rincon Abajo',2705),
(9929,'La Herradura',2705),
(9930,'El Rosario',2705),
(9931,'Las Palmas',2705),
(9932,'Rincon De Aji',2705),
(9933,'Los Corbanitos (Caobita)',2705),
(9934,'Mascotillo',2705),
(9935,'Pueblo Nuevo',2705),
(9936,'La Toronja',2705),
(9937,'La Basura',2705),
(9938,'Villa Filda',2705),
(9939,'Las Yayas',2705),
(9940,'La Primer Agua',2705),
(9941,'Macote',2705),
(9942,'El Cerro',2705),
(9943,'Cardon',2705),
(9944,'Arenoso',2705),
(9945,'El Copey O Rancho Copey',2705),
(9946,'El Puente',2705),
(9947,'El Capa',2705),
(9948,'Casilla',2705),
(9949,'Los Charcos',2705),
(9950,'Agua Prieta',2705),
(9951,'El Carril',2705),
(9952,'Los Lechosos',2705),
(9953,'El Caney',2705),
(9954,'Hato Del Padre',2705),
(9955,'El Cajuil',2705),
(9956,'Conojo (Dormidero Al Medio)',2705),
(9957,'Los Portugueses',2705),
(9958,'El Prado',2705),
(9959,'Tierra Prieta',2705),
(9960,'La Garita',2705),
(9961,'Los Callejones',2705),
(9962,'Los Rios',2705),
(9963,'El Corbano',2705),
(9964,'Los Caños',2705),
(9965,'Arroyo Viejo',2705),
(9966,'La Higuera',2705),
(9967,'Asiento De Luisa',2705),
(9968,'La Mallita',2705),
(9969,'El Ciruelo',2705),
(9970,'El Ciruelito',2705),
(9971,'Arroyo Loro',2705),
(9972,'Magueyar Norte',2705),
(9973,'Kilometro 12 Norte (La Hurca)',2705),
(9974,'La Otra Vera',2705),
(9975,'Guanito O Centro Del Pueblo',2705),
(9976,'El Cerro',2705),
(9977,'La Espargata',2705),
(9978,'Buena Fortuna',2705),
(9979,'El Proyecto',2705),
(9980,'Cayucal (El Tunal)',2705),
(9981,'Altos De Los Melones (Cerro De Los Meloneso Las T*',2705),
(9982,'Los Bancos',2705),
(9983,'Los Bancos Viejos',2705),
(9984,'Los Burros',2705),
(9985,'Los Papayos',2705),
(9986,'Los Bancos Abajo',2705),
(9987,'La Jagua',2705),
(9988,'El Naranjo',2705),
(9989,'El Abejon',2705),
(9990,'Los Cercadillos',2705),
(9991,'La Zurza',2705),
(9992,'El Palmar',2705),
(9993,'Los Botaos',2705),
(9994,'El Pinar',2705),
(9995,'Las Cañitas',2705),
(9996,'El Hatico',2705),
(9997,'Guayabo Dulce',2705),
(9998,'Hato Maiz',2705),
(9999,'Cardo Prieto',2705),
(10000,'Los Rincones',2705),
(10001,'La Aguita',2705),
(10002,'Los Vallecitos',2705),
(10003,'Los Montes Frescos',2705),
(10004,'Los Gajos Largos',2705),
(10005,'El Guanal',2705),
(10006,'El Cerrito',2705),
(10007,'Dajai',2705),
(10008,'Caimito',2705),
(10009,'La Roda',2705),
(10010,'La Isleta',2705),
(10011,'El Guayabal',2705),
(10012,'Caracol',2705),
(10013,'Palo Quemao',2705),
(10014,'El Rodeo',2705),
(10015,'Sabana Larga',2705),
(10016,'La Meseta',2705),
(10017,'Maguanas Abajo',2705),
(10018,'Los Santiles',2705),
(10019,'Pasatiempo Arriba',2705),
(10020,'Pasatiempo Abajo',2705),
(10021,'Matadero',2705),
(10022,'Higuerito',2705),
(10023,'Pozo Prieto',2705),
(10024,'Loma Del Chivo',2705),
(10025,'Los Cerros',2705),
(10026,'Dormidero',2705),
(10027,'La Meseta',2705),
(10028,'Corralito',2705),
(10029,'Hato Nuevo',2705),
(10030,'Los Cerros De Hato Nuevo',2705),
(10031,'Los Piñones',2705),
(10032,'La Cana De Hato Nuevo',2705),
(10033,'La Piña',2705),
(10034,'La Migaja',2705),
(10035,'Maguana Al Medio',2705),
(10036,'Maguana Arriba',2705),
(10037,'Las Charcas De Maria Nova',2705),
(10038,'Loma De Babor',2705),
(10039,'Agua De Raton',2705),
(10040,'El Cafecito',2705),
(10041,'El Vallecito',2705),
(10042,'El Guanal',2705),
(10043,'La Guardarraya',2705),
(10044,'Las Nueces',2705),
(10045,'Las Charcas Viejas',2705),
(10046,'Pedro Martin O Tierrita Blanca',2705),
(10047,'Maguana',2705),
(10048,'La Rigolita',2705),
(10049,'La Lomita',2705),
(10050,'Kilometro 12 Sur',2705),
(10051,'Loma De Babor O Alto De Las Flores',2705),
(10052,'El Guanal O La Berma',2705),
(10053,'El Vallecito',2705),
(10054,'Babor Abajo',2705),
(10055,'La Pascuala O La Pascuaza',2705),
(10056,'Madre Gil O Madregil',2705),
(10057,'Babor Afuera O Babor Arriba',2705),
(10058,'Las Zanjas',2705),
(10059,'El Cacheo',2705),
(10060,'Cativo',2705),
(10061,'La Meseta',2705),
(10062,'El Yugal (El Palmarito)',2705),
(10063,'El Arroyo Grande',2705),
(10064,'Carrera Del Pino',2705),
(10065,'La Florida',2705),
(10066,'El Corozo',2705),
(10067,'El Quemao O El Quemao De Santiago',2705),
(10068,'La Sabana O Las Sabanas',2705),
(10069,'Loma Verde',2705),
(10070,'Arroyo Chiquito',2705),
(10071,'El Guarico',2705),
(10072,'Las Zanjas',2705),
(10073,'La Peña',2705),
(10074,'Fondo Viejo',2705),
(10075,'Los Granadillos',2705),
(10076,'El Jobo',2705),
(10077,'Las Charcas De Garabito',2705),
(10078,'Atico O El Hatico',2705),
(10079,'El Candelon',2705),
(10080,'Los Lamederos',2705),
(10081,'El Rodeo',2705),
(10082,'El Batey',2705),
(10083,'Cañita',2705),
(10084,'Batey Chiquito',2705),
(10085,'Los Orozcos',2705),
(10086,'Las Auyamas',2705),
(10087,'Pedro Ramon',2705),
(10088,'El Otro Lado',2705),
(10089,'El Kilometro 9',2705),
(10090,'La Finca',2705),
(10091,'Kilometro 6',2705),
(10092,'El Conuco',2705),
(10093,'Cañada Seca',2705),
(10094,'Bayahondo',2705),
(10095,'Los Mates',2705),
(10096,'El Guanal O La Meseta',2705),
(10097,'Las Espinas',2705),
(10098,'El Sillon',2705),
(10099,'La Ceiba',2705),
(10100,'Habanero',2705),
(10101,'Sabaneta O Centro Del Pueblo',2705),
(10102,'Carpintero',2705),
(10103,'Los Batones',2705),
(10104,'Valencio',2705),
(10105,'Guayabo',2705),
(10106,'La Cienaga Vieja',2705),
(10107,'San Pedro',2705),
(10108,'Jaquime',2705),
(10109,'Los Pinalitos',2705),
(10110,'Las Auyamas',2705),
(10111,'Los Mineros',2705),
(10112,'El Rodeo',2705),
(10113,'El Palero',2705),
(10114,'El Quemado',2705),
(10115,'Guayayal',2705),
(10116,'Lamedero',2705),
(10117,'Arroyo Limon',2705),
(10118,'Hondo Valle',2705),
(10119,'Parque Nacional Jose Del Carmen Ramirez',2705),
(10120,'Los Gajitos',2705),
(10121,'Boca De Los Arroyos',2705),
(10122,'El Tablon',2705),
(10123,'Seboruco',2705),
(10124,'Majagual',2705),
(10125,'La Potrica',2705),
(10126,'Los Ingenitos',2705),
(10127,'Guardarraya',2705),
(10128,'La Lima',2705),
(10129,'Las Clavellinas',2706),
(10130,'La Colonia',2706),
(10131,'El Hato O Centro Del Pueblo',2706),
(10132,'Las Flores O Carrera De Yeguas',2706),
(10133,'Lindo',2706),
(10134,'Los Fundos',2706),
(10135,'Los Pinos',2706),
(10136,'El Diez',2706),
(10137,'El Bolsillo, La Curvita O El Abanico',2706),
(10138,'La Altamisa',2706),
(10139,'Pedro Sanchez',2706),
(10140,'Sabana Grande',2706),
(10141,'El Guayabo',2706),
(10142,'Cañafistol',2706),
(10143,'Capulin',2706),
(10144,'Los Pozos',2706),
(10145,'Rio Arriba Del Sur',2706),
(10146,'Cañada De Palma',2706),
(10147,'Palma Caña',2706),
(10148,'El Barrero',2706),
(10149,'Las Cañitas',2706),
(10150,'Los Fundos',2706),
(10151,'La Rosa',2706),
(10152,'Sonador',2706),
(10153,'El Pozo De Limon',2706),
(10154,'Rodeo',2706),
(10155,'Azul',2706),
(10156,'La Caobita',2706),
(10157,'El Rodeo',2706),
(10158,'Cabeza Del Rodeo',2706),
(10159,'La Patilla',2706),
(10160,'Pie Cano',2706),
(10161,'May Isabel',2706),
(10162,'La Siembra O La Siembrita',2706),
(10163,'La Ceiba',2706),
(10164,'Cañada Del Cafe',2706),
(10165,'Carrera De Puerta',2706),
(10166,'Central',2801),
(10167,'Santa Ana',2801),
(10168,'Las Palmas',2801),
(10169,'El Cachipero O Villa Progreso',2801),
(10170,'Villa Verde',2801),
(10171,'Guachupita',2801),
(10172,'La Guamita',2801),
(10173,'La Habana',2801),
(10174,'Hato Mayor',2801),
(10175,'La Aviacion',2801),
(10176,'Puerto Rico',2801),
(10177,'Habitacional Consuelo (George)',2801),
(10178,'El Quilombo',2801),
(10179,'Pueblo Nuevo',2801),
(10180,'El Invi',2801),
(10181,'Los Jardines',2801),
(10182,'La Carretera',2801),
(10183,'Enriquillo',2801),
(10184,'Puerto Principe',2801),
(10185,'Urbanizacion Maestro Li',2801),
(10186,'Los Vecinos',2801),
(10187,'Urbanizacion Sueño Real',2801),
(10188,'Libertad',2801),
(10189,'La Mina',2801),
(10190,'La Gallera',2801),
(10191,'La Loma',2801),
(10192,'Los Quimicos',2801),
(10193,'Batey Alejandro Bass',2801),
(10194,'Batey Santo Angel',2801),
(10195,'Batey Ab-4',2801),
(10196,'San Felipe',2801),
(10197,'Batey Euskarduna',2801),
(10198,'Batey Margarita',2801),
(10199,'Batey Amelia',2801),
(10200,'Batey Vasca',2801),
(10201,'Hicotea',2801),
(10202,'La Grea',2801),
(10203,'Los Higos',2801),
(10204,'Batey Felipa',2801),
(10205,'Batey Catorce (Batey Ceila)',2801),
(10206,'Batey Doña Lila',2801),
(10207,'El Bembe',2801),
(10208,'Cañada Del Negro',2801),
(10209,'Las Callas',2801),
(10210,'Batey Victoria',2801),
(10211,'Los Chicharrones',2801),
(10212,'Batey Consuelito',2801),
(10213,'Arroyo Seco',2801),
(10214,'Batey Experimental',2801),
(10215,'Batey Don Juan',2801),
(10216,'Batey San Luis',2801),
(10217,'Los Platanitos',2801),
(10218,'Rochona',2801),
(10219,'El Block',2801),
(10220,'Guayacanes',2802),
(10221,'Banco De Arena',2802),
(10222,'El Conuco',2802),
(10223,'Juan Dolio',2802),
(10224,'Villa Del Mar',2802),
(10225,'La Habitacion',2802),
(10226,'El Callito',2802),
(10227,'La Tumba',2802),
(10228,'Cruce De Cayacoa',2802),
(10229,'Batey La Fe',2802),
(10230,'Batey 5',2802),
(10231,'El Higuero',2802),
(10232,'Las Cabuyas',2802),
(10233,'Batey Dos',2802),
(10234,'Honduras',2802),
(10235,'Hoyo Del Toro',2802),
(10236,'Los Solares (Ant. Juan Pedro)',2802),
(10237,'Los Solares I (Ant. Juan Eugenio-La Jaja))',2802),
(10238,'Centro Del Pueblo',2803),
(10239,'Los Cocos',2803),
(10240,'El Conde',2803),
(10241,'Los Multis',2803),
(10242,'Villa Maco',2803),
(10243,'La Palma',2803),
(10244,'La Guazara',2803),
(10245,'Rumbamba',2803),
(10246,'La Salvadora',2803),
(10247,'El Bronce',2803),
(10248,'Cayacoa O Nuevo Cayacoa',2803),
(10249,'Las Mercedes',2803),
(10250,'Cayacoa Del Guano',2803),
(10251,'Los Dos Hermanos',2803),
(10252,'El Magantillo',2803),
(10253,'Hatillo',2803),
(10254,'El Tintero',2803),
(10255,'El Uno',2803),
(10256,'El Corozo',2803),
(10257,'Hermita Del Blanco - Ermita',2803),
(10258,'Batey La Mulita',2803),
(10259,'Batey El Blanco',2803),
(10260,'Batey Cayacoita',2803),
(10261,'Cachimbito',2803),
(10262,'Sabana Tosa',2803),
(10263,'Canepa Verde',2803),
(10264,'Clavellina',2803),
(10265,'Batey Copeyito',2803),
(10266,'Canarios',2803),
(10267,'Batey Paloma',2803),
(10268,'Las Caobas',2803),
(10269,'La Yeguada',2803),
(10270,'La Rufina',2803),
(10271,'El Guajabo',2803),
(10272,'El Jengibre',2803),
(10273,'Batey Brujuelas',2803),
(10274,'Hatillo',2803),
(10275,'Los Almacigos',2803),
(10276,'El Alto De China',2803),
(10277,'Victorina',2803),
(10278,'Pañapaña',2803),
(10279,'La Cruz',2803),
(10280,'Batey Contador',2803),
(10281,'El Manguito',2803),
(10282,'San Ildefonso',2803),
(10283,'Los Anones',2803),
(10284,'La Gaviota',2803),
(10285,'Batey Nuevo',2803),
(10286,'Batey San Felipe',2803),
(10287,'El Guayabal',2803),
(10288,'Batey Cuquito',2803),
(10289,'La Mulita De Guayabal',2803),
(10290,'San Jose',2803),
(10291,'Yabacao',2803),
(10292,'Los Botados',2803),
(10293,'Las Mercedes O Los Mella',2803),
(10294,'Batey Ulloa',2803),
(10295,'El Jengibral',2803),
(10296,'Batey Casui',2803),
(10297,'Batey Nuevo',2803),
(10298,'San Marcos',2803),
(10299,'Los Capaces',2803),
(10300,'El Rancho',2803),
(10301,'Los Jibaros',2803),
(10302,'Batey Naranjo',2803),
(10303,'La Bomba',2803),
(10304,'Batey Estrella',2803),
(10305,'Juana Lorenza (Buena Vista)',2803),
(10306,'Polanco',2803),
(10307,'Las Guaranas',2803),
(10308,'La Altamisa',2803),
(10309,'Maria Lorenza',2803),
(10310,'Cañada',2803),
(10311,'Batey Canutillo',2803),
(10312,'Batey Tumba',2803),
(10313,'El Coco',2803),
(10314,'Batey Gallareta',2803),
(10315,'Mata Gallina',2803),
(10316,'Batey Consuelito',2803),
(10317,'Botin',2803),
(10318,'Hormigo',2803),
(10319,'Asiento Zapata Botin',2803),
(10320,'El Puerto',2803),
(10321,'Plumita',2803),
(10322,'Los Mameyes',2803),
(10323,'La Batata',2803),
(10324,'La  Sosa',2803),
(10325,'La Trocha',2803),
(10326,'Contreras',2803),
(10327,'Sacaturron',2803),
(10328,'Sabana Madera',2803),
(10329,'La Infinita',2803),
(10330,'Canfor',2803),
(10331,'La Higuereta',2803),
(10332,'El Saco',2803),
(10333,'Los Pachecos',2803),
(10334,'Rio Abajo',2803),
(10335,'Arroyo Bernabe',2803),
(10336,'Las Guanabanas (Maraa Lorenza)',2803),
(10337,'El Fundo',2803),
(10338,'La Loma',2803),
(10339,'San Geronimo',2803),
(10340,'Batey Caimito',2803),
(10341,'Batey Realidad',2803),
(10342,'Santana',2803),
(10343,'Felipa Perez (Polanco)',2803),
(10344,'Brujuelas (Asiento Zapata Botin)',2803),
(10345,'El Llano De Guabatico',2803),
(10346,'Yabacao',2803),
(10347,'La Tranca',2803),
(10348,'Sabana De Tosa',2803),
(10349,'El Cable O Peso Uno',2803),
(10350,'Gautier',2803),
(10351,'San Jose',2803),
(10352,'Cruce De Boca Chica',2803),
(10353,'La Mula',2803),
(10354,'La Luisa',2803),
(10355,'La Plumita',2803),
(10356,'La Redonda',2803),
(10357,'Peso Al Medio',2803),
(10358,'Gautier Rural',2803),
(10359,'Invi I',2804),
(10360,'Invi Ii',2804),
(10361,'La Higuereta',2804),
(10362,'La Loma',2804),
(10363,'Punta Brava',2804),
(10364,'Pueblo Nuevo',2804),
(10365,'La Plaza',2804),
(10366,'San Carlos',2804),
(10367,'Placer Bonito',2804),
(10368,'Los Chifles',2804),
(10369,'Villa Bargabina O El Tanque',2804),
(10370,'El Silencio',2804),
(10371,'Africa',2804),
(10372,'Guachupita',2804),
(10373,'Villa Verde I',2804),
(10374,'Villa Verde Ii',2804),
(10375,'Pajarito',2804),
(10376,'Batey Taino (Higuamo I)',2804),
(10377,'La Banca',2804),
(10378,'Higuamo',2804),
(10379,'Monte Largo',2804),
(10380,'Los Montes',2804),
(10381,'Batey Higuamo Ii',2804),
(10382,'La Ceiba',2804),
(10383,'Moruno Del Guano',2804),
(10384,'Honduras',2804),
(10385,'La Griega',2804),
(10386,'Zorra Buena',2804),
(10387,'Batey Moruno De Quisqueya',2804),
(10388,'Caonabo (Batey Siria)',2804),
(10389,'Batey Marien (Higuamo Tres)',2804),
(10390,'Batey Algodon',2804),
(10391,'Malulani',2804),
(10392,'Iguaniona (Muelle De Quisqueya)',2804),
(10393,'Los Montones',2804),
(10394,'Mata Caliche',2804),
(10395,'Barbadillo',2804),
(10396,'Batey Los Medina',2804),
(10397,'La Jagua',2804),
(10398,'Las Mercedes',2804),
(10399,'Los Fundos',2804),
(10400,'Palmarito',2804),
(10401,'Centro Del Pueblo',2805),
(10402,'Los Altos',2805),
(10403,'Nuevo',2805),
(10404,'Plumita Regajo',2805),
(10405,'Palmarito',2805),
(10406,'Mahoma',2805),
(10407,'Batey Eureka',2805),
(10408,'Kilometro 14-1/2',2805),
(10409,'Pico Blanco',2805),
(10410,'Boca De Cumayasa',2805),
(10411,'El Gran Peñon',2805),
(10412,'Los Arados',2805),
(10413,'Batey Negro',2805),
(10414,'Las Sardinas',2805),
(10415,'El Soco',2805),
(10416,'Batey Jagual',2805),
(10417,'Laguna Prieta',2805),
(10418,'Paso Al Medio',2805),
(10419,'Pepillo',2805),
(10420,'Batey Verde',2805),
(10421,'Batey Amador',2805),
(10422,'Jabilla Gorda I',2805),
(10423,'Jabilla Gorda Ii',2805),
(10424,'La Bomba',2805),
(10425,'Batey La Cubana (La Dominicana)',2805),
(10426,'Los Lerenes',2805),
(10427,'Batey Atilano I',2805),
(10428,'Batey Atilano Ii',2805),
(10429,'Parcela  I',2805),
(10430,'Parcela Ii',2805),
(10431,'Famier',2805),
(10432,'Caballo Viejo',2805),
(10433,'Magarin',2805),
(10434,'Guanabano',2805),
(10435,'Batey Diego',2805),
(10436,'Batey Cabeza De Toro',2805),
(10437,'Batey Campiña',2805),
(10438,'Batey Lima',2805),
(10439,'Batey Regajo',2805),
(10440,'Batey Piñones',2805),
(10441,'Agua Lluvia',2805),
(10442,'Grafis',2805),
(10443,'Jobito',2805),
(10444,'Rio Abajo Maga',2805),
(10445,'La Trocha',2805),
(10446,'Concho Primo',2805),
(10447,'La Punta Pescadora',2806),
(10448,'Blanco',2806),
(10449,'Placer Bonito',2806),
(10450,'Mexico',2806),
(10451,'Las Piedras',2806),
(10452,'Pedro Justo Carrion',2806),
(10453,'Centro De La Ciudad',2806),
(10454,'Sector Evangelina Rodriguez',2806),
(10455,'Japon',2806),
(10456,'Juan Pablo Duarte',2806),
(10457,'Filipinas',2806),
(10458,'Toconal',2806),
(10459,'La Playa Del Muerto',2806),
(10460,'Los Guandules',2806),
(10461,'Villa Velazquez',2806),
(10462,'Las Flores',2806),
(10463,'Independencia',2806),
(10464,'Los Maestros',2806),
(10465,'John F. Kennedy',2806),
(10466,'Villa Progreso',2806),
(10467,'Sarmiento',2806),
(10468,'Las Caobas',2806),
(10469,'Restauracion',2806),
(10470,'Sector Mallen',2806),
(10471,'Villa Providencia',2806),
(10472,'Villa Municipal',2806),
(10473,'Urbanizacion La Roca',2806),
(10474,'Lindo',2806),
(10475,'Pueblo Nuevo O La Arena',2806),
(10476,'Villa Magdalena',2806),
(10477,'Invi - Cea',2806),
(10478,'Villa Olimpica',2806),
(10479,'Ingenio Porvenir',2806),
(10480,'Puerta De Santa Fe',2806),
(10481,'Urbanizacion Palo De Azecar',2806),
(10482,'El Otro Lado',2806),
(10483,'Plan Porvenir O Los Cajones',2806),
(10484,'Los Vicini',2806),
(10485,'Urbanizacion Oriental',2806),
(10486,'El Club',2806),
(10487,'Colina I',2806),
(10488,'Colina Ii',2806),
(10489,'Colina Iii',2806),
(10490,'Villa Centro',2806),
(10491,'Batey 8',2806),
(10492,'Ciscara Jibara',2806),
(10493,'Canta Rana',2806),
(10494,'Residencial San Pedro',2806),
(10495,'Ciudad Codiana',2806),
(10496,'Cementerio Metropolis De San Pedro',2806),
(10497,'Jose Francisco Peña Gomez',2806),
(10498,'Kilometro 3 1/2',2806),
(10499,'Residencial Paraiso De San Pedro',2806),
(10500,'Residencial Villa El Coral',2806),
(10501,'El Brisal',2806),
(10502,'Santa Clara',2806),
(10503,'Villa Paredes',2806),
(10504,'Organizacion',2806),
(10505,'Parque Industrial Zonas Francas',2806),
(10506,'El Patio',2806),
(10507,'Petropolis',2806),
(10508,'Barrio Sin Nombre',2806),
(10509,'El Cruce',2806),
(10510,'Las Piedras',2806),
(10511,'El Palmar',2806),
(10512,'El Peñon',2806),
(10513,'Los Palitos',2806),
(10514,'Miguelucho',2806),
(10515,'Batey Bobadilla',2806),
(10516,'Batey Monte Cristi',2806),
(10517,'La Charca',2806),
(10518,'Batey Olivares',2806),
(10519,'La Balsa',2806),
(10520,'La Americana',2806),
(10521,'La Guinea',2806),
(10522,'San Juan Bautista',2806),
(10523,'Palo Viejo',2806),
(10524,'Batey Aleman',2806),
(10525,'Punta Afuera',2806),
(10526,'Boca Del Soco',2806),
(10527,'Batey Esperanza',2806),
(10528,'Batey La Inocencia',2806),
(10529,'La Puerta De Santa Fe',2806),
(10530,'Ingenio Cristobal Colon',2806),
(10531,'Ingenio Angelina',2806),
(10532,'Batey La Laura',2806),
(10533,'La Punta Pescadora',2806),
(10534,'Ingenio Santa Fe',2806),
(10535,'Loma De Cochero',2806),
(10536,'Buenos Aires',2806),
(10537,'La Cerveceria',2806),
(10538,'Villa Visan',2806),
(10539,'Miramar',2806),
(10540,'Villa Orilla O Paraiso',2806),
(10541,'Residencial Villa España',2806),
(10542,'San Anton',2806),
(10543,'Punta Garza',2806),
(10544,'Villa Progreso Ii',2806),
(10545,'Hato De San Pedro',2806),
(10546,'Residencial Naime',2806),
(10547,'Urbanizacion Cemento Titan',2806),
(10548,'Autoridad Portuaria',2806),
(10549,'Villa Faro',2806),
(10550,'Enriquillo',2806),
(10551,'Jardines Del Este',2806),
(10552,'24 De Abril',2806),
(10553,'Azul',2806),
(10554,'Vuelta Larga',2902),
(10555,'El Cerro',2902),
(10556,'Centro Del Pueblo',2902),
(10557,'Los Candelones',2902),
(10558,'Duarte',2902),
(10559,'JeremãAs O Nuevo',2902),
(10560,'Jalisco',2902),
(10561,'La Mella',2902),
(10562,'San Antonio (El Bolsillo)',2902),
(10563,'La Trinitaria',2902),
(10564,'La Rotonda',2902),
(10565,'27 De Febrero',2902),
(10566,'La Altagracia',2902),
(10567,'San Miguel',2902),
(10568,'Duarte \"A\"',2902),
(10569,'Hermanas Mirabal',2902),
(10570,'Manolo TavãRez Justo',2902),
(10571,'El Abanico',2902),
(10572,'Pica Piedra (El Canal)',2902),
(10573,'Minerva O Simã“N BolãVar',2902),
(10574,'La Escuela O El Callejã“N De La Toma',2902),
(10575,'MejãA Arriba',2902),
(10576,'MejãA Abajo',2902),
(10577,'Loma De Perro',2902),
(10578,'San Josã‰',2902),
(10579,'Pontã“N',2902),
(10580,'La Estaciã“N',2902),
(10581,'Cañada Bonita',2902),
(10582,'El Catey',2902),
(10583,'Guanabano Del Limon',2902),
(10584,'El Caimito',2902),
(10585,'Agua Hedionda',2902),
(10586,'La Atravesada',2902),
(10587,'Las Raices',2902),
(10588,'Los Cachimbos',2902),
(10589,'Las Caobas',2902),
(10590,'El Estado',2902),
(10591,'Gancho De Jobo',2902),
(10592,'El Tenel',2902),
(10593,'Los Cedros',2902),
(10594,'La Estacion',2902),
(10595,'Estancia Del Yaque',2902),
(10596,'El Puente',2902),
(10597,'Los Muñoz',2902),
(10598,'El Cabirmal',2902),
(10599,'Los Cabrera O La Lometa',2902),
(10600,'Alto De La Sierra (La Sierra)',2902),
(10601,'Los Brazos',2902),
(10602,'Los Ruales',2902),
(10603,'Cayota',2902),
(10604,'La Villa Nueva',2902),
(10605,'El Abra',2902),
(10606,'Cañada Higuero',2902),
(10607,'Los Higos',2902),
(10608,'La Tunita',2902),
(10609,'El Abra Arriba',2902),
(10610,'Cañada Sucia',2902),
(10611,'Agua Hedionda',2902),
(10612,'Aguacate De Navarrete',2902),
(10613,'Barrancon',2902),
(10614,'Los Candelones',2902),
(10615,'Pedro Garcia',2902),
(10616,'Canal Cañeo',2902),
(10617,'Kilometro 7',2902),
(10618,'Villa Tabacalera',2902),
(10619,'Cruce De Barrero',2902),
(10620,'Pontoncito',2902),
(10621,'Pun Pun',2902),
(10622,'El Peñon',2903),
(10623,'Centro Del Pueblo',2903),
(10624,'El Play',2903),
(10625,'San Jose',2903),
(10626,'Pueblo Nuevo',2903),
(10627,'Guayabales',2903),
(10628,'Las Cejitas',2903),
(10629,'Boca Naranjos',2903),
(10630,'Damajagua',2903),
(10631,'El Barco',2903),
(10632,'Las Yayas',2903),
(10633,'Cagueyes',2903),
(10634,'El Palero',2903),
(10635,'Arroyo Piedra',2903),
(10636,'Batey',2903),
(10637,'Cebe',2903),
(10638,'Damajagua',2903),
(10639,'Los Jazmines',2903),
(10640,'Guatiniquin',2903),
(10641,'La Caoba',2903),
(10642,'Arroyo Seco',2903),
(10643,'El Verde',2903),
(10644,'Los Indios',2903),
(10645,'Zalaya',2903),
(10646,'Los Robles',2903),
(10647,'Dicayagua Abajo',2903),
(10648,'Los Altos',2903),
(10649,'Dicayagua Arriba',2903),
(10650,'Jagua Abajo',2903),
(10651,'El Naranjo',2903),
(10652,'Los Guanos',2903),
(10653,'Llano De Jagua',2903),
(10654,'Henequen',2903),
(10655,'Loma De La Vaca',2903),
(10656,'La Piña',2903),
(10657,'Los Lavaderos',2903),
(10658,'Cañada Grande',2903),
(10659,'La Cuchilla',2903),
(10660,'Los Calabozos',2903),
(10661,'Jagua Arriba',2903),
(10662,'Loma Del Corral',2903),
(10663,'La Caña',2903),
(10664,'La Fortaleza',2903),
(10665,'Los Lirios',2903),
(10666,'Malaga',2903),
(10667,'Piedra Gorda',2903),
(10668,'Loma Sucia',2903),
(10669,'Babocico',2903),
(10670,'Gurabo',2903),
(10671,'Boca De Janico',2903),
(10672,'Las Mesetas',2903),
(10673,'Bao',2903),
(10674,'Monterias',2903),
(10675,'Los Asientos',2903),
(10676,'Hoyo De Bao',2903),
(10677,'Baiguaque',2903),
(10678,'Juncalito Abajo',2903),
(10679,'Cerro Prieto',2903),
(10680,'Baiguaque',2903),
(10681,'Franco Bido',2903),
(10682,'Los Cadillos',2903),
(10683,'Lora De Los Auqueyes',2903),
(10684,'Sabaneta Abajo',2903),
(10685,'Los Auqueyes',2903),
(10686,'Los Cirises',2903),
(10687,'El Pinazo',2903),
(10688,'Zalzamora (Zarzamora)',2903),
(10689,'Arroyo Malo',2903),
(10690,'Los Guayuyos',2903),
(10691,'Rio Abajo',2903),
(10692,'Los Lora',2903),
(10693,'El Palero',2903),
(10694,'El Tuerto',2903),
(10695,'Quebrada',2903),
(10696,'El Quemado',2903),
(10697,'La Laguna',2903),
(10698,'La Calabaza',2903),
(10699,'Janey',2903),
(10700,'Los Auyenes',2903),
(10701,'Sabaneta Arriba',2903),
(10702,'El Naranjo',2903),
(10703,'La Berenjena',2903),
(10704,'Los Montazos',2903),
(10705,'Rio Arriba',2903),
(10706,'Dojima',2903),
(10707,'La Norita',2903),
(10708,'La Lechuza',2903),
(10709,'La Estaca',2903),
(10710,'El Higuero',2903),
(10711,'Loma De La Cruz',2903),
(10712,'El Naranjito',2903),
(10713,'Piedra Blanca',2903),
(10714,'La Calaberna',2903),
(10715,'Juncalito Arriba',2903),
(10716,'La Culebra',2903),
(10717,'Los Arroyos',2903),
(10718,'Loma Prieta',2903),
(10719,'Los Granizos',2903),
(10720,'Rincon Del Novillo',2903),
(10721,'El Cacique',2903),
(10722,'Pico Alto',2903),
(10723,'Naranjo Dulce',2903),
(10724,'El Mocho',2903),
(10725,'Los Positos',2903),
(10726,'Rincon Largo',2903),
(10727,'Rincon Llano',2903),
(10728,'La Paria',2903),
(10729,'Cerro Prieto',2903),
(10730,'El Cerrazo',2903),
(10731,'Lomita Prieta',2903),
(10732,'Parque Nacional',2903),
(10733,'Loma Del Rancho',2903),
(10734,'Pajarito',2903),
(10735,'La Guajaca',2903),
(10736,'El Caimito',2903),
(10737,'El Palero',2903),
(10738,'Los Corocitos',2903),
(10739,'Los Caballos',2903),
(10740,'Paso Afuera',2903),
(10741,'El Aguacate',2903),
(10742,'El Brujo  (Yaque Abajo)',2903),
(10743,'El Corral',2903),
(10744,'El Yagual O El Jagual',2903),
(10745,'Yaque Arriba',2903),
(10746,'La Pocilguita',2903),
(10747,'Los Camarones',2903),
(10748,'Los Palmaritos',2903),
(10749,'El Hoyo U Hoyo Bello',2903),
(10750,'El Presentado',2903),
(10751,'Pinalito',2903),
(10752,'Botoncillo',2903),
(10753,'Guanajuma',2903),
(10754,'El Anon',2903),
(10755,'Las Auyamas',2903),
(10756,'Damajagua',2903),
(10757,'Henequen',2903),
(10758,'Cañete',2903),
(10759,'Loma Alta',2903),
(10760,'Arenilla',2903),
(10761,'Bejucal',2903),
(10762,'El Corbano',2903),
(10763,'El Monteadero',2903),
(10764,'El Papayo',2903),
(10765,'El Pescadero',2903),
(10766,'El Roblito',2903),
(10767,'El Turco',2903),
(10768,'La Cidra',2903),
(10769,'La Cueva',2903),
(10770,'La Faldiquera',2903),
(10771,'La Guamita',2903),
(10772,'La Horqueta',2903),
(10773,'La Jagua O La Vagua',2903),
(10774,'Las Animas',2903),
(10775,'Los Calimetes',2903),
(10776,'Los Pilones',2903),
(10777,'El Pie De Los Pilones',2903),
(10778,'Potranquita',2903),
(10779,'Rancho Viejo',2903),
(10780,'Rincon Llano',2903),
(10781,'Hundidera',2903),
(10782,'Aguacate',2903),
(10783,'El Corral',2903),
(10784,'El Cerrazo',2903),
(10785,'La Guama O La Guania',2903),
(10786,'Los Negros',2903),
(10787,'Piedra Blanca',2903),
(10788,'Las Palerias',2903),
(10789,'Los Limones',2903),
(10790,'La Cidra',2903),
(10791,'Paso Hondo',2903),
(10792,'Los Tomates',2903),
(10793,'Villa Alba',2904),
(10794,'Los Osorias',2904),
(10795,'Los Solano',2904),
(10796,'El Centro',2904),
(10797,'Urbanizaciã“N Las Esmeraldas',2904),
(10798,'La Cruz De Maria Francisca',2904),
(10799,'Limonal Arriba',2904),
(10800,'Licey Arriba',2904),
(10801,'Monte Adentro Arriba',2904),
(10802,'Licey Abajo',2904),
(10803,'Cruz De Isalguez',2904),
(10804,'Las Palomas O Centro Del Pueblo',2904),
(10805,'Limonal',2904),
(10806,'Las Palomas Abajo',2904),
(10807,'Los Aritas',2904),
(10808,'Las Palomas Arriba',2904),
(10809,'Los Mirandas',2904),
(10810,'Cruce De Chã“N',2904),
(10811,'Los Portes',2904),
(10812,'Triple Play',2904),
(10813,'Los Colelos',2904),
(10814,'Los Cruces',2904),
(10815,'Uveral',2904),
(10816,'Puñal',2905),
(10817,'Los Cocos',2905),
(10818,'Arenoso O Arenoso Arriba',2905),
(10819,'Los Albinos',2905),
(10820,'Los Gonzalez',2905),
(10821,'Los Cabral',2905),
(10822,'Los Rodriguez',2905),
(10823,'Los Estrella',2905),
(10824,'Tierra Blanca',2905),
(10825,'La Jabilla',2905),
(10826,'Los Cercadillos',2905),
(10827,'San Antonio',2905),
(10828,'Monte Adentro',2905),
(10829,'Matanzas Adentro',2905),
(10830,'Matanzas Afuera',2905),
(10831,'Alto De Matanzas',2905),
(10832,'Laguna Prieta Al Centro',2905),
(10833,'Monte Adentro',2905),
(10834,'Laguna Prieta Abajo',2905),
(10835,'Laguna Prieta Arriba',2905),
(10836,'Guayabal',2905),
(10837,'Estancia Nueva',2905),
(10838,'Estancia Nueva  Arriba',2905),
(10839,'Estancia Nueva Abajo',2905),
(10840,'Mora',2905),
(10841,'Los Ciruelitos',2905),
(10842,'Castillo Arriba',2905),
(10843,'Don Juan',2905),
(10844,'Castillo Abajo',2905),
(10845,'La Guazara',2905),
(10846,'Palo Amarillo',2905),
(10847,'La Angostura',2905),
(10848,'El Guano',2905),
(10849,'La Jagua Arriba',2905),
(10850,'La Jagua Abajo',2905),
(10851,'Doña Agueda',2905),
(10852,'Los Picos',2905),
(10853,'La Guazara',2905),
(10854,'Guayabal Arriba',2905),
(10855,'Canabacoa Abajo',2905),
(10856,'Canabacoa',2905),
(10857,'La Capilla',2905),
(10858,'Colorado',2905),
(10859,'Los Castillos',2905),
(10860,'Sabaneta De Las Palomas',2905),
(10861,'Limonal Abajo',2905),
(10862,'La Freiduria O Fardiquera',2905),
(10863,'La Arcilla',2906),
(10864,'La Corporacion',2906),
(10865,'Boca De Bao',2906),
(10866,'El Hoyo Del Cercado',2906),
(10867,'La Barranca',2906),
(10868,'La Furnia (La Boca)',2906),
(10869,'La Galeta O La Goleta',2906),
(10870,'Los Ranchos De Babosico Abajo',2906),
(10871,'Los Ranchos De Babosico Arriba',2906),
(10872,'Palo Amarillo',2906),
(10873,'La Joya (Rincon)',2906),
(10874,'Rancho Abajo (Vuelta Larga)',2906),
(10875,'Sabaneta',2906),
(10876,'Terrero',2906),
(10877,'Zalaya',2906),
(10878,'Guardarraya',2906),
(10879,'La Caoba O Caobeta',2906),
(10880,'Boca De Corral',2906),
(10881,'Cañaveral',2906),
(10882,'El Flaire',2906),
(10883,'La Zanja',2906),
(10884,'Piedra Gorda',2906),
(10885,'Yerba De Culebra',2906),
(10886,'Pueblo Nuevo',2907),
(10887,'Centro Del Pueblo',2907),
(10888,'Villa Duarte Arriba',2907),
(10889,'Villa Duarte Abajo',2907),
(10890,'Paraiso De Las Matas',2907),
(10891,'Cañada Del Caimito',2907),
(10892,'La Mansion',2907),
(10893,'Ojo De Agua',2907),
(10894,'Villa Esperanza',2907),
(10895,'Paraiso',2907),
(10896,'Urbanizacion Ofelia',2907),
(10897,'La Mara',2907),
(10898,'Los Payasos O Los Parayases',2907),
(10899,'Los Palmaritos',2907),
(10900,'Barrancon',2907),
(10901,'El Caimito',2907),
(10902,'Nava',2907),
(10903,'Caobanico',2907),
(10904,'Pinalito',2907),
(10905,'El Corozo',2907),
(10906,'Quebrada Honda',2907),
(10907,'Vereda De Amina',2907),
(10908,'Los Platanitos',2907),
(10909,'Inoa Abajo',2907),
(10910,'Bernabe',2907),
(10911,'Boca De Higua',2907),
(10912,'Las Brujas',2907),
(10913,'Ceja De Higuero',2907),
(10914,'Los Naranjos',2907),
(10915,'Bejucal',2907),
(10916,'Las Yayas',2907),
(10917,'La Cabirma',2907),
(10918,'Higua',2907),
(10919,'Los Arroyos',2907),
(10920,'Los Pinos',2907),
(10921,'Inoa',2907),
(10922,'Pavon',2907),
(10923,'Limbao',2907),
(10924,'Guzman',2907),
(10925,'Vidal Pichardo',2907),
(10926,'El Alto',2907),
(10927,'Higuero',2907),
(10928,'Pedro Disla',2907),
(10929,'Paralimon',2907),
(10930,'Proyecto Moncion',2907),
(10931,'La Breña',2907),
(10932,'La Cabuya',2907),
(10933,'Moscoso',2907),
(10934,'La Guazuma',2907),
(10935,'Mata Grande',2907),
(10936,'Arroyo Prieto',2907),
(10937,'Los Junquitos',2907),
(10938,'Antonsape',2907),
(10939,'La Mina',2907),
(10940,'Loma Prieta',2907),
(10941,'Sabaneta',2907),
(10942,'Rancho Al Medio',2907),
(10943,'Los Aposentos',2907),
(10944,'Guacaritas',2907),
(10945,'El Valle',2907),
(10946,'Montellano',2907),
(10947,'Mohoso',2907),
(10948,'Loma Del Loro',2907),
(10949,'Bohio Viejo',2907),
(10950,'Los Dos Pinos',2907),
(10951,'La Fortuna',2907),
(10952,'Arroyo Al Medio',2907),
(10953,'Loma De Mara',2907),
(10954,'La Guazarita',2907),
(10955,'Loma Bajita',2907),
(10956,'Los Montones Abajo',2907),
(10957,'Damajagua',2907),
(10958,'La Guazuma',2907),
(10959,'Boca De Guazuma',2907),
(10960,'Cañada Llana',2907),
(10961,'Corocitos',2907),
(10962,'Mezquino',2907),
(10963,'Loma De Janico',2907),
(10964,'San Bartolo',2907),
(10965,'Lomita De Piedras',2907),
(10966,'Rincon De Piedras',2907),
(10967,'El Tallado',2907),
(10968,'Capita',2907),
(10969,'Rancho De Copey',2907),
(10970,'Rio Arriba',2907),
(10971,'La Ceiba',2907),
(10972,'Don Juan',2907),
(10973,'Los Montones Arriba',2907),
(10974,'La Cana',2907),
(10975,'La Bija',2907),
(10976,'Los Lirios',2907),
(10977,'Llano De La Cana',2907),
(10978,'La Ceja',2907),
(10979,'Cepito',2907),
(10980,'Ortega',2907),
(10981,'Magueyal',2907),
(10982,'Piedra Gorda',2907),
(10983,'Botoncillo',2907),
(10984,'Pedregal',2907),
(10985,'Loma De La Vaca',2907),
(10986,'Arroyo Janico',2907),
(10987,'La Ceiba',2907),
(10988,'Motolon',2907),
(10989,'Cerro Gordo',2907),
(10990,'Hoya Bellaca',2907),
(10991,'Guajaca',2907),
(10992,'El Verde',2907),
(10993,'Sui',2907),
(10994,'Loma De La Cienaga',2907),
(10995,'Mejia',2907),
(10996,'La Guazuma',2907),
(10997,'Las Piedras',2907),
(10998,'El Guano',2907),
(10999,'Los Jibaros',2907),
(11000,'El Llano De Las Piedras',2907),
(11001,'Aguacate',2907),
(11002,'Manaclar',2907),
(11003,'Arroyo Puerto',2907),
(11004,'Alto Del Dajao',2907),
(11005,'El Limon',2907),
(11006,'Loma De Los Rios',2907),
(11007,'Arroyo La Vieja',2907),
(11008,'Tierra Colorada',2907),
(11009,'El Carrizal',2907),
(11010,'Arroyo Carrizal',2907),
(11011,'Palo De Burro',2907),
(11012,'El Rodeo',2907),
(11013,'Dajao Abajo',2907),
(11014,'Arroyo Malo O Arroyo Del Dajao',2907),
(11015,'Laguna Del Dajao',2907),
(11016,'La Sierrecita',2907),
(11017,'El Dajao',2907),
(11018,'El Dajao De Las Piedras',2907),
(11019,'Llano De La Tala',2907),
(11020,'Los Llanos',2907),
(11021,'Mariana',2907),
(11022,'Yerba Buena',2907),
(11023,'Quebrada Llana',2907),
(11024,'Carpintero',2907),
(11025,'Los Cedros',2907),
(11026,'Llano Del Jobo',2907),
(11027,'Copey',2907),
(11028,'Loma Al Medio',2907),
(11029,'La Peña',2907),
(11030,'Higua',2907),
(11031,'El Limpio',2907),
(11032,'El Naranjo',2907),
(11033,'Los Corrales',2907),
(11034,'Cerro Malo',2907),
(11035,'Arroyo Hondo',2907),
(11036,'El Mamey',2907),
(11037,'Jaquey',2907),
(11038,'Quebradita',2907),
(11039,'Hoyo De Ramon',2907),
(11040,'Cañada Del Caimito',2907),
(11041,'Inoa Arriba',2907),
(11042,'El Rubio',2907),
(11043,'El Corbano',2907),
(11044,'Cañafistol',2907),
(11045,'Los Borno O La Vieja Mea',2907),
(11046,'Los Ramones O Bulla',2907),
(11047,'El Oregano',2907),
(11048,'Bohio Viejo',2907),
(11049,'Las Cuevas',2907),
(11050,'Los Fogones',2907),
(11051,'Los Corralitos',2907),
(11052,'Los Hoyitos',2907),
(11053,'Las Altamisas',2907),
(11054,'Sabana Abajo',2907),
(11055,'Los Cacaos',2907),
(11056,'Cañada Grande',2907),
(11057,'La Penda',2907),
(11058,'Sierrecita',2907),
(11059,'Los Helechos',2907),
(11060,'Celestina',2907),
(11061,'La Batea',2907),
(11062,'Los Jicacos',2907),
(11063,'Los Espatiles',2907),
(11064,'Don Domingo',2907),
(11065,'Cañada Bonita',2907),
(11066,'Corocito',2907),
(11067,'Loma De Las Canas',2907),
(11068,'Los Naranjos',2907),
(11069,'Los Ramones',2907),
(11070,'El Polvazo',2907),
(11071,'Las Minas',2907),
(11072,'Las Guajacas',2907),
(11073,'Loma Llana',2907),
(11074,'Corocito Abajo',2907),
(11075,'El Atacador',2907),
(11076,'Rancho Del Cojo',2907),
(11077,'Rio Los Palos',2907),
(11078,'Cerro Negro',2907),
(11079,'Monte Llano',2907),
(11080,'Los Arroyos',2907),
(11081,'Mata De Palma',2907),
(11082,'Marilope',2907),
(11083,'Diferencia',2907),
(11084,'Paso Del Ganado',2907),
(11085,'Sierrecita',2907),
(11086,'Paredes Prietas',2907),
(11087,'El Dajao',2907),
(11088,'El Crucero',2907),
(11089,'Cerrito Pelado',2907),
(11090,'Loma De Guayabo',2907),
(11091,'Bañaderos',2907),
(11092,'Roncador',2907),
(11093,'Sonador',2907),
(11094,'La Sierrecita',2907),
(11095,'El Guayabo',2907),
(11096,'Jicome',2907),
(11097,'Loma Del Medio',2907),
(11098,'Juan  Fino',2907),
(11099,'La Piña',2907),
(11100,'Loma Bajita',2907),
(11101,'Calimetal',2907),
(11102,'El Gallo',2907),
(11103,'Loma Vieja',2907),
(11104,'Rincon De Higuero',2907),
(11105,'Vallecito',2907),
(11106,'Palero',2907),
(11107,'Los Limones',2907),
(11108,'La Guaranita',2907),
(11109,'Magua Arriba',2907),
(11110,'La Mina',2907),
(11111,'Palmarito',2907),
(11112,'Las Auyamas',2907),
(11113,'Magua Al Medio',2907),
(11114,'La Hoya',2907),
(11115,'Magua Abajo',2907),
(11116,'Cerro Bonito',2907),
(11117,'Hoyo De Los Corozos',2907),
(11118,'Mata De Tuna',2907),
(11119,'El Estribo',2907),
(11120,'El Centro',2907),
(11121,'Los Cercadillos',2907),
(11122,'El Crucero',2907),
(11123,'Paso Del Ganado',2907),
(11124,'Manacla',2907),
(11125,'Racho De La Cana',2907),
(11126,'Cabismal',2907),
(11127,'El Manaclar',2907),
(11128,'Los Malcotes',2907),
(11129,'La Navaja',2907),
(11130,'Palo Amarillo',2907),
(11131,'Mata Del Dajao',2907),
(11132,'Los Cacaos',2907),
(11133,'El Dajao',2907),
(11134,'Los Mosquitos',2907),
(11135,'Cabuya',2907),
(11136,'La Ceiba',2907),
(11137,'Cerro De La Cana',2907),
(11138,'La Cienaga',2907),
(11139,'El Cajuil',2907),
(11140,'El Anisetal',2907),
(11141,'La Guarana',2907),
(11142,'La Isleta',2907),
(11143,'Bojon',2907),
(11144,'Naranjo',2907),
(11145,'Naranjo Bojon',2907),
(11146,'Mata De Cana',2907),
(11147,'Valeonor',2907),
(11148,'Caña Llana',2907),
(11149,'Recodo',2907),
(11150,'Los Baos',2907),
(11151,'Naranjo Abajo',2907),
(11152,'Las Auyamas',2907),
(11153,'Pananao Arriba',2907),
(11154,'La Potranca',2907),
(11155,'Los Sillones',2907),
(11156,'Pananao',2907),
(11157,'Pananao Al Medio',2907),
(11158,'La Toza',2907),
(11159,'Los Rincones',2907),
(11160,'La Estrechura De La Negra',2907),
(11161,'El Corbano',2907),
(11162,'Pananao Abajo',2907),
(11163,'La Sabana',2907),
(11164,'La Vereda',2907),
(11165,'La Sabaneta',2907),
(11166,'Bajo Del Pino',2907),
(11167,'Los Cajuiles',2907),
(11168,'Cuatro Esquinas',2907),
(11169,'Las Guaranas',2907),
(11170,'Rincon Llano',2907),
(11171,'La Culata',2907),
(11172,'El Cabrejito',2907),
(11173,'El Naranjito',2907),
(11174,'Los Guayuyos',2907),
(11175,'La Palmita',2907),
(11176,'La Laguna',2907),
(11177,'Cabreja',2907),
(11178,'Rubio Adentro',2907),
(11179,'El Pinar',2907),
(11180,'El Bambe',2907),
(11181,'Los Hornilos',2907),
(11182,'El Corralito',2907),
(11183,'Los Higos Gordos',2907),
(11184,'La Cuesta',2907),
(11185,'Guaralbana O Guanalbana',2907),
(11186,'El Cruce',2907),
(11187,'Hipolito Peralta',2907),
(11188,'Arroyo  Hondo',2907),
(11189,'Albanita O La Boca De Albanita',2907),
(11190,'El Corozo',2907),
(11191,'Jaiqui Picao Arriba (Aji Picao Arriba)',2907),
(11192,'Jaiqui Picao Abajo (Aji Picao Abajo)',2907),
(11193,'Los Rancheros',2907),
(11194,'Pozo Colorado (Hoyito San Lorenzo)',2907),
(11195,'Albana',2907),
(11196,'Eugenio Perdomo',2907),
(11197,'La Cueva',2907),
(11198,'La Guanita',2907),
(11199,'La Tuna',2907),
(11200,'Loma Albanita',2907),
(11201,'Lo Melmonto',2907),
(11202,'Pared Limpia',2907),
(11203,'Sabaneta',2907),
(11204,'El Molino',2907),
(11205,'Loma Sucia',2907),
(11206,'El Chorreron',2907),
(11207,'Guama Arriba O La Guama',2907),
(11208,'Guamita O Guama Abajo',2907),
(11209,'Hoya Bellaca',2907),
(11210,'La Chorrera',2907),
(11211,'Lorenzo',2907),
(11212,'Los Calabozos O La Calabaza',2907),
(11213,'Los Ciruelos',2907),
(11214,'Las Auyamas',2907),
(11215,'Loma Del Toro',2907),
(11216,'Loma De Los Palos',2907),
(11217,'Pueblo Nuevo',2907),
(11218,'Sierra Del Guano',2907),
(11219,'El Limpio',2907),
(11220,'Loma Quemada',2907),
(11221,'Los Ciruelos',2907),
(11222,'Anayo',2907),
(11223,'Cañada De La Tabla',2907),
(11224,'Cañete',2907),
(11225,'Cuesta Arriba',2907),
(11226,'Cueto',2907),
(11227,'Caimonal',2907),
(11228,'El Pinal',2907),
(11229,'Gurabo',2907),
(11230,'La Anacahuita',2907),
(11231,'Loma Amarilla',2907),
(11232,'Loma Del Pinal',2907),
(11233,'Loma Del Viento',2907),
(11234,'Los Paleros',2907),
(11235,'Los Positos',2907),
(11236,'Ojo De Agua',2907),
(11237,'La Sierrecita',2907),
(11238,'Aciba',2907),
(11239,'La Bozea',2907),
(11240,'Las Placetas',2907),
(11241,'Bohio Viejo',2907),
(11242,'Damajagua Adentro',2907),
(11243,'Guayabales',2907),
(11244,'La Bija',2907),
(11245,'La Cabirma',2907),
(11246,'La Jagua',2907),
(11247,'Las Carreras',2907),
(11248,'Los Corrales',2907),
(11249,'Manaclar',2907),
(11250,'Palero',2907),
(11251,'Palmarito',2907),
(11252,'Rincon Largo',2907),
(11253,'Rio Arriba',2907),
(11254,'Damajagua',2907),
(11255,'Arroyo Hondo',2907),
(11256,'Las Placetas Al Medio',2907),
(11257,'Las Placetas Arriba',2907),
(11258,'Loma El Colorado',2907),
(11259,'Los Limones',2907),
(11260,'Piedra Partida',2907),
(11261,'Rincon Del Junco',2907),
(11262,'Calimetal',2907),
(11263,'Cercadillo',2907),
(11264,'Jamame',2907),
(11265,'Jamamucito',2907),
(11266,'Donaja',2907),
(11267,'Laguna Arriba',2907),
(11268,'Las Lagunas',2907),
(11269,'Loma Los Rios',2907),
(11270,'Parte Bellaca',2907),
(11271,'Ranchito Postrero',2907),
(11272,'Cienfuegos',2908),
(11273,'Monte Rico',2908),
(11274,'Los Salados',2908),
(11275,'Ensanche Libertad',2908),
(11276,'Altos De Vireya',2908),
(11277,'Espaillat',2908),
(11278,'Ensanche Bermedez',2908),
(11279,'La Otra Banda',2908),
(11280,'Baracoa',2908),
(11281,'La Joya',2908),
(11282,'Bella  Vista',2908),
(11283,'Peralta',2908),
(11284,'La Yaguita De Pastor',2908),
(11285,'Los Jazmines',2908),
(11286,'Nibaje',2908),
(11287,'Centro De La Ciudad',2908),
(11288,'Pueblo Nuevo',2908),
(11289,'Ensanche Bolivar',2908),
(11290,'Los Ciruelitos',2908),
(11291,'Las Colinas',2908),
(11292,'Urbanizacion  Los Reyes',2908),
(11293,'Buenos Aires',2908),
(11294,'Gregorio Luperon',2908),
(11295,'Mejoramiento Social',2908),
(11296,'Los Jardines Metropolitanos',2908),
(11297,'La Trinitaria',2908),
(11298,'La Zurza',2908),
(11299,'El  Ensueño',2908),
(11300,'Pekin',2908),
(11301,'Reparto Universitario',2908),
(11302,'Villa Olga',2908),
(11303,'Reparto Del Este',2908),
(11304,'Los Cerros De Gurabo',2908),
(11305,'Reparto Consuelo',2908),
(11306,'Gurabo',2908),
(11307,'Hoya Del Caimito',2908),
(11308,'Arroyo Hondo Abajo',2908),
(11309,'Los Alamos',2908),
(11310,'Arroyo Hondo Arriba',2908),
(11311,'Hato Mayor',2908),
(11312,'Jardines Del Este',2908),
(11313,'Arboleda',2908),
(11314,'El Dorado',2908),
(11315,'Los Rieles',2908),
(11316,'La Herradura',2908),
(11317,'La Barranquita',2908),
(11318,'La Fardiquera',2908),
(11319,'Buena Vista',2908),
(11320,'Las Antillas',2908),
(11321,'Los Moran',2908),
(11322,'Altos De Rafey',2908),
(11323,'Zona Industrial',2908),
(11324,'La Terraza',2908),
(11325,'Urbanizacion Henriquez',2908),
(11326,'Los Santos',2908),
(11327,'Rincon Largo',2908),
(11328,'Villa Olimpica',2908),
(11329,'Area Monumental',2908),
(11330,'Pontezuela Al Medio',2908),
(11331,'Parque Metropolitano De Santiago',2908),
(11332,'El Ingenio Abajo',2908),
(11333,'El Ingenio Arriba',2908),
(11334,'La Cacata',2908),
(11335,'Mejia',2908),
(11336,'Los Campeches',2908),
(11337,'Callejon De Los Sanchez',2908),
(11338,'La Emboscada',2908),
(11339,'Quebrada Honda',2908),
(11340,'La Noriega',2908),
(11341,'El Papayo',2908),
(11342,'La Chichigua',2908),
(11343,'La Herradura Abajo',2908),
(11344,'La Herradura Arriba',2908),
(11345,'Los Naranjos',2908),
(11346,'La Cruz',2908),
(11347,'Las Charcas',2908),
(11348,'Las Charcas Abajo',2908),
(11349,'Pontezuela Abajo',2908),
(11350,'Monte Adentro Abajo O Las Aromas',2908),
(11351,'Don Pedro Abajo',2908),
(11352,'Kilometro 4 1/2 (Antiguo Kilometro 6)',2908),
(11353,'Kilometro 5 1/2 (Antiguo Kilometro 6 1/2)',2908),
(11354,'Kilometro 6 1/2 (Antiguo Kilometro 7)',2908),
(11355,'Los Cirises',2908),
(11356,'Don Pedro Arriba (Monte Peña)',2908),
(11357,'La Guama',2908),
(11358,'La Cumbre',2908),
(11359,'Pulido',2908),
(11360,'Palma Limpia',2908),
(11361,'La Jabilla',2908),
(11362,'Rio Arriba',2908),
(11363,'Puerto Rico',2908),
(11364,'Los Higos',2908),
(11365,'El Arroyo Arriba',2908),
(11366,'Kilometro 11',2908),
(11367,'El Meso',2908),
(11368,'Bellaco',2908),
(11369,'Palo Quemado',2908),
(11370,'Cuesta De Piedra',2908),
(11371,'Rancho Viejo',2908),
(11372,'El Arroyo',2908),
(11373,'El Caimito',2908),
(11374,'Pontezuela Arriba',2908),
(11375,'El Play',2908),
(11376,'Centro Del Pueblo',2908),
(11377,'Las Mercedes',2908),
(11378,'La Altagracia',2908),
(11379,'El Hoyazo',2908),
(11380,'Los Bueyes',2908),
(11381,'Piedras Azules Abajo',2908),
(11382,'El Puerto',2908),
(11383,'Los Lirios',2908),
(11384,'El Coral',2908),
(11385,'Cayas Quemadas',2908),
(11386,'La Canasta',2908),
(11387,'Los Naranjos',2908),
(11388,'Piedras Azules Arriba',2908),
(11389,'Arroyo Prieto',2908),
(11390,'Las Caobas',2908),
(11391,'El Piñon',2908),
(11392,'Lomas Frias',2908),
(11393,'El Congo',2908),
(11394,'La Catalina',2908),
(11395,'Arroyo Ancho',2908),
(11396,'La Guama',2908),
(11397,'La Yallita',2908),
(11398,'Los Mates',2908),
(11399,'Las Auyamas',2908),
(11400,'Los Ramones',2908),
(11401,'El Ribon',2908),
(11402,'Alto Gordo',2908),
(11403,'La Finca',2908),
(11404,'La Guamita',2908),
(11405,'Las Cayas',2908),
(11406,'El Maizal',2908),
(11407,'La Guazara',2908),
(11408,'Los Rincones',2908),
(11409,'Alto De Cedro',2908),
(11410,'Baitoa',2908),
(11411,'Guardarraya De Baitoa',2908),
(11412,'La Lima',2908),
(11413,'Loma Quemada',2908),
(11414,'Arroyo Arriba',2908),
(11415,'La Capilla',2908),
(11416,'Loma Del Coco',2908),
(11417,'Boca De Lopez',2908),
(11418,'Los Campeches',2908),
(11419,'Lopez',2908),
(11420,'La Angostura',2908),
(11421,'Los Melaos (Los Melados)',2908),
(11422,'Los Limones',2908),
(11423,'Boca De Los Rios',2908),
(11424,'Los Cedros',2908),
(11425,'Los Picos',2908),
(11426,'Loma De Cana',2908),
(11427,'San Jose Adentro',2908),
(11428,'Cruce De Gaspar',2908),
(11429,'Kilometro 5',2908),
(11430,'La Lomita',2908),
(11431,'Kilometro 6',2908),
(11432,'Mocan De San Jose',2908),
(11433,'San Jose Afuera',2908),
(11434,'La Sabana',2908),
(11435,'Cruce De Doña Maria',2908),
(11436,'Los Indios',2908),
(11437,'Canela Abajo',2908),
(11438,'Nuevo',2908),
(11439,'Canela Arriba O Centro Del Pueblo',2908),
(11440,'Hatillo San Lorenzo',2908),
(11441,'Baitoa Clara',2908),
(11442,'Los Cerritos',2908),
(11443,'Platanal Adentro',2908),
(11444,'Platanal Afuera O Arriba',2908),
(11445,'Platanal Abajo',2908),
(11446,'Platanal La Joya',2908),
(11447,'Capilla',2908),
(11448,'Piedra Grande O Gorda',2908),
(11449,'El Tenel',2908),
(11450,'Sabana Grande De Batey I',2908),
(11451,'Cuesta Arena',2908),
(11452,'Los Almacigos',2908),
(11453,'San Francisco Arriba',2908),
(11454,'Los Cocos O San Francisco Abajo',2908),
(11455,'Palmarito',2908),
(11456,'Quinigua',2908),
(11457,'La Becara',2908),
(11458,'Auqueyes',2908),
(11459,'Loma De Agua Honda',2908),
(11460,'El Buzo',2908),
(11461,'Jacagua Adentro',2908),
(11462,'El Play',2908),
(11463,'El Nispero',2908),
(11464,'La Tinaja',2908),
(11465,'Jacagua Abajo',2908),
(11466,'Jacagua Al Medio',2908),
(11467,'La Playa',2908),
(11468,'La Cienaga',2908),
(11469,'Los Tocones',2908),
(11470,'Piche',2908),
(11471,'La Guazumita',2908),
(11472,'Los Manantiales',2908),
(11473,'El Ranchito',2908),
(11474,'Loma De Sabana',2908),
(11475,'Cuesta De Quinigua',2908),
(11476,'La Hondura',2908),
(11477,'Las Tres Cruces',2908),
(11478,'Jacagua',2908),
(11479,'Monte Adentro',2908),
(11480,'Jacagua Arriba',2908),
(11481,'La Furnia',2908),
(11482,'El Buzo',2908),
(11483,'Palmarito',2908),
(11484,'Quinigua',2908),
(11485,'El Aguacate De Jacagua',2908),
(11486,'La Calabacita',2908),
(11487,'Palo Alto',2908),
(11488,'Los Guineos',2908),
(11489,'Palmar Arriba',2908),
(11490,'La Delgada',2908),
(11491,'La Delgada Arriba',2908),
(11492,'El Alto Del Jamo',2908),
(11493,'Los Arroyos De Salamanca',2908),
(11494,'Salamanca',2908),
(11495,'El Porton',2908),
(11496,'El Tamarindo',2908),
(11497,'Ensanche Hermanas Mirabal',2908),
(11498,'La Mina',2908),
(11499,'La Paz',2908),
(11500,'La Rinconada',2908),
(11501,'Los Jimenez',2908),
(11502,'Monseñor Eliseo Perez',2908),
(11503,'Praderas Del Yaque',2908),
(11504,'San Antonio',2908),
(11505,'Urbanizacion Grullon',2908),
(11506,'Villa Fatima',2908),
(11507,'Villa Progreso',2908),
(11508,'Mateo Pelon',2908),
(11509,'San Antonio',2908),
(11510,'Hato Del Yaque Abajo',2908),
(11511,'Villa Tabacalera',2908),
(11512,'Villa Bao Arriba',2908),
(11513,'Villa Bao Abajo',2908),
(11514,'El Flemer',2908),
(11515,'Barcelo',2908),
(11516,'El Muro',2908),
(11517,'Guayacanal',2908),
(11518,'Finca De Aciba',2908),
(11519,'El Salao',2908),
(11520,'Hico Martinez',2909),
(11521,'Centro Del Pueblo',2909),
(11522,'Valentin',2909),
(11523,'Manolo Dajer',2909),
(11524,'Los Recio',2909),
(11525,'Haina',2909),
(11526,'Vista Alegre',2909),
(11527,'Boca De Licey',2909),
(11528,'Moncada',2909),
(11529,'Don Manuel',2909),
(11530,'Carlos Diaz',2909),
(11531,'La Cacata',2909),
(11532,'Los Polanco',2909),
(11533,'La Ermita De Tamboril',2909),
(11534,'El Caño',2909),
(11535,'El Molino',2909),
(11536,'Ojo De Agua',2909),
(11537,'Maizal',2909),
(11538,'Haina',2909),
(11539,'Niño De Antorcha',2909),
(11540,'Boca De Maizal',2909),
(11541,'Guazumal Abajo',2909),
(11542,'Los Leones',2909),
(11543,'Gurabo',2909),
(11544,'La China',2909),
(11545,'El Coco',2909),
(11546,'Canturria Abajo',2909),
(11547,'Guazumal Arriba',2909),
(11548,'Los Rieles',2909),
(11549,'El Caño',2909),
(11550,'Guazumal Licey (Guazumal Abajo)',2909),
(11551,'Boca De Licey',2909),
(11552,'Los Liceyes',2909),
(11553,'Arroyo Las Bellacas',2909),
(11554,'La Sabana',2909),
(11555,'Miguel Sanchez',2909),
(11556,'Los Cacaos',2909),
(11557,'Los Guineos',2909),
(11558,'Kilometro 1',2909),
(11559,'Licey Al Medio',2909),
(11560,'Los Marcano',2909),
(11561,'Los Santana',2909),
(11562,'Pontezuela',2909),
(11563,'Don Pedro Abajo',2909),
(11564,'Don Pedro Arriba Licey',2909),
(11565,'Pontezuela Arriba',2909),
(11566,'La Hoya',2909),
(11567,'La Piedra',2909),
(11568,'Los Rieles',2909),
(11569,'Arenoso',2909),
(11570,'El Molino',2909),
(11571,'El Palmar',2909),
(11572,'Juan Antonio Alix',2909),
(11573,'Amaceyes Arriba',2909),
(11574,'Amaceyes Abajo',2909),
(11575,'La Lomita',2909),
(11576,'Palma Picada De Los Amaceyes',2909),
(11577,'La Boca Del Sonador',2909),
(11578,'El Alto',2909),
(11579,'Los Factores O Carlos Diaz',2909),
(11580,'Seboruco',2909),
(11581,'La Hoya',2909),
(11582,'Palma Picada De Carlos Diaz',2909),
(11583,'Guatemala',2909),
(11584,'Canca Arriba',2909),
(11585,'Canca Las Aromas',2909),
(11586,'Canca Arriba La Nueva',2909),
(11587,'Alto Del Aguacate',2909),
(11588,'Nigua',2909),
(11589,'Canca Abajo',2909),
(11590,'Cementerio',2910),
(11591,'Espaillat',2910),
(11592,'Centro Del Pueblo',2910),
(11593,'Arrenquillo',2910),
(11594,'Nueva Esperanza',2910),
(11595,'La Lomita',2910),
(11596,'Vidal Guillã‰N',2910),
(11597,'Las Lavas',2910),
(11598,'Palmarejo',2910),
(11599,'El Boqueron',2910),
(11600,'El Martillo',2910),
(11601,'La Lomita Del Palmar Abajo',2910),
(11602,'Arrenquillo',2910),
(11603,'Loma Mata Puercos',2910),
(11604,'El Jamo',2910),
(11605,'La Lomita',2910),
(11606,'Palmar Abajo',2910),
(11607,'El Rincon',2910),
(11608,'La Breña',2910),
(11609,'Villa Duarte',2910),
(11610,'Ingenio Abajo',2910),
(11611,'Cruce De Quinigua',2910),
(11612,'Quinigua De La Yuca (La Yuca)',2910),
(11613,'Villa Del Yaque',2910),
(11614,'Banegas',2910),
(11615,'Quinigua',2910),
(11616,'Palmar Arriba',2910),
(11617,'El Pozo',2910),
(11618,'Lindo',2910),
(11619,'La Piedra',2910),
(11620,'Loma De La Llanada',2910),
(11621,'Arroyo Del Agua',2910),
(11622,'Quebrada Honda',2910),
(11623,'El Pozo',2910),
(11624,'Los Manantiales',2910),
(11625,'El Limã“N',2910),
(11626,'La Cuesta',2910),
(11627,'La Sabana',2910),
(11628,'Llano Grande',2910),
(11629,'Macoris',2910),
(11630,'Los Perez',2910),
(11631,'Higo De Agua',2910),
(11632,'La Aguaita',2910),
(11633,'Perez De Los Mates',2910),
(11634,'Los Mates',2910),
(11635,'Mata Puercos',2910),
(11636,'Altos De Los Mates',2910),
(11637,'Los Jobos',2910),
(11638,'Los Lebrillos (La 14)',2910),
(11639,'La U',2910),
(11640,'El Aguacate',2910),
(11641,'La Cumbre',2910),
(11642,'Palo Blanco',2910),
(11643,'Ranchito',2910),
(11644,'La Pocilguita',2910),
(11645,'Barrio Lindo O La Finquita',2910),
(11646,'Vuelta Larga',2910),
(11647,'Las Aromas',2910),
(11648,'Los Uveros',2910),
(11649,'Caracol',2910),
(11650,'La Calabaza',2910),
(11651,'Los Robles',2910),
(11652,'La Pastilla',3001),
(11653,'Veladero',3001),
(11654,'Loma Al Medio',3001),
(11655,'Bulla',3001),
(11656,'Hato Viejo',3001),
(11657,'Arroyo Bulla',3001),
(11658,'Cañada Grande',3001),
(11659,'El Cepillo',3001),
(11660,'Nuevo',3001),
(11661,'Urbanizacion Peralta',3001),
(11662,'Los Juncos',3001),
(11663,'27 Partes Atras La Noria',3001),
(11664,'El Centro',3001),
(11665,'Plan Sierra',3001),
(11666,'El Cerro',3001),
(11667,'El Mamoncito',3001),
(11668,'Los Juncos',3001),
(11669,'Arroyo Seco',3001),
(11670,'Las Chorreras',3001),
(11671,'Los Baez',3001),
(11672,'Gurabito',3001),
(11673,'Gurabo',3001),
(11674,'Los Bañaderos',3001),
(11675,'Los Barrancones',3001),
(11676,'Alto De Gurabo',3001),
(11677,'Cruce De Duran',3001),
(11678,'Maguanita',3001),
(11679,'El Guayabal',3001),
(11680,'Monte Higuero',3001),
(11681,'El Ranchito',3001),
(11682,'Guamacha',3001),
(11683,'La Estancia',3001),
(11684,'Las Rejoyas',3001),
(11685,'Botoncillo',3001),
(11686,'El Hoyo De Los Toros',3001),
(11687,'Cañada Grande',3001),
(11688,'Loma Del Dajao',3001),
(11689,'Llano De La Meseta',3001),
(11690,'Arroyo Los Dajaos',3001),
(11691,'La Cacique',3001),
(11692,'Los Pinos',3001),
(11693,'Arroyo De Agua',3001),
(11694,'Los Calabozos',3001),
(11695,'Mata Grande',3001),
(11696,'Arroyo El Dajao',3001),
(11697,'Sabaneta',3001),
(11698,'Duran',3001),
(11699,'El Cacao',3001),
(11700,'El Rodeo',3001),
(11701,'Los Ranchos',3001),
(11702,'Los Cercadillos',3001),
(11703,'Loma De Tanque (Botoncillo)',3001),
(11704,'El Hoyazo',3001),
(11705,'Cambelen',3002),
(11706,'El Cementerio',3002),
(11707,'Francisco Bueno Zapata',3002),
(11708,'Urbanizacion Invi',3002),
(11709,'Centro',3002),
(11710,'La Joya',3002),
(11711,'E. Leon Jimenes',3002),
(11712,'Bolsillo',3002),
(11713,'El Hospital',3002),
(11714,'Felito Bueno',3002),
(11715,'Norte',3002),
(11716,'Cerro Dulce',3002),
(11717,'Los Maestros',3002),
(11718,'Tamarindo',3002),
(11719,'Mejoramiento Social (Bameso)',3002),
(11720,'Tomines Arriba',3002),
(11721,'Alejandro Bueno',3002),
(11722,'Marien',3002),
(11723,'Rodolfo Scheaffler',3002),
(11724,'Villa Polin O Tomines Abajo',3002),
(11725,'Las Espinas',3002),
(11726,'La Sabana',3002),
(11727,'Arroyo Blanco',3002),
(11728,'Arroyo Blanco Abajo',3002),
(11729,'Atras De Los Cerros',3002),
(11730,'La Lechuza',3002),
(11731,'Alto De Amacey',3002),
(11732,'La Lana',3002),
(11733,'El Rodeo',3002),
(11734,'Loma Del Hicacal',3002),
(11735,'Los Cuaos',3002),
(11736,'El Cerrazo',3002),
(11737,'El Anicetal',3002),
(11738,'La Estaca',3002),
(11739,'Los Brazos',3002),
(11740,'La Babosa',3002),
(11741,'El Manglar',3002),
(11742,'El Maniel',3002),
(11743,'El Corral',3002),
(11744,'Arroyo Al Medio',3002),
(11745,'Los Magueyes',3002),
(11746,'Boca De Los Rios',3002),
(11747,'Arroyo Blanco Arriba',3002),
(11748,'El Canton',3002),
(11749,'Los Corozos',3002),
(11750,'Monte Llano',3002),
(11751,'Agua Clara',3002),
(11752,'Los Higueros',3002),
(11753,'La Estancia',3002),
(11754,'Guamanal O Guamachal',3002),
(11755,'Arroyo Palero',3002),
(11756,'El Oregano',3002),
(11757,'Los Caimonies',3002),
(11758,'El Mamon',3002),
(11759,'Gurabo Dulce',3002),
(11760,'Loma De Las Caobas',3002),
(11761,'Las Caobas',3002),
(11762,'Cerro Caimonies',3002),
(11763,'Los Ingenitos',3002),
(11764,'Cañada Verde',3002),
(11765,'Arroyo Seco',3002),
(11766,'Sanchez',3002),
(11767,'Las Caobas Adentro',3002),
(11768,'El Estrecho',3002),
(11769,'La Loma De Las Caobas',3002),
(11770,'Gurabo Adentro',3002),
(11771,'Rancho De Las Mujeres',3002),
(11772,'El Pomo',3002),
(11773,'Los Planes Arriba',3002),
(11774,'Los Planes Abajo',3002),
(11775,'El Corozo Arriba',3002),
(11776,'El Corozo Abajo',3002),
(11777,'Mata Clara',3002),
(11778,'Mata De Limon',3002),
(11779,'Mata Bonita',3002),
(11780,'Pinar Claro',3002),
(11781,'El Romerillo',3002),
(11782,'Quebrada Honda',3002),
(11783,'La Tarana',3002),
(11784,'Los Cercadillos Al Medio',3002),
(11785,'El Guanal',3002),
(11786,'El Pozo',3002),
(11787,'Pata De Vaca',3002),
(11788,'Palmarejo',3002),
(11789,'Lazaro',3002),
(11790,'La Laguneta',3002),
(11791,'Higuerito',3002),
(11792,'Los Cercadillos Abajo',3002),
(11793,'Higuerito Arriba',3002),
(11794,'Minaya',3002),
(11795,'Los Cercadillos Arriba',3002),
(11796,'Clavijo',3002),
(11797,'El Guanabano',3002),
(11798,'Cerro De La Estancia',3002),
(11799,'Clavijo Abajo',3002),
(11800,'Los Carderejos',3002),
(11801,'Cañada De Palma',3002),
(11802,'Arroyo Del Cuano',3002),
(11803,'Luis Gomez',3002),
(11804,'La Peñita',3002),
(11805,'Sabana De Maguana',3002),
(11806,'Cruce De Maguana',3002),
(11807,'Conuco Lejos',3002),
(11808,'La Maguana',3002),
(11809,'Hundideros',3002),
(11810,'Los Garcia',3002),
(11811,'Copeyal',3002),
(11812,'La Piña',3002),
(11813,'Mesa',3002),
(11814,'Coqui',3002),
(11815,'Los Guayubines',3002),
(11816,'La Ceiba',3002),
(11817,'Palo Amarillo',3002),
(11818,'Pastor',3002),
(11819,'Cerro Chino',3002),
(11820,'Sebastian',3002),
(11821,'Barrigon',3002),
(11822,'Cordero',3002),
(11823,'La Reforma',3002),
(11824,'El Capacito',3002),
(11825,'Estancita',3002),
(11826,'Estancia Vieja',3002),
(11827,'Naranjo De China',3002),
(11828,'Hato Viejo',3002),
(11829,'El Guano',3002),
(11830,'Mata De Jobo',3002),
(11831,'Los Bambees',3002),
(11832,'Cañada De Palma',3002),
(11833,'El Limon',3002),
(11834,'Mata Macey',3002),
(11835,'Los Candelones',3002),
(11836,'La Castilla',3002),
(11837,'Alto De Cana',3002),
(11838,'La Puerta Del Mulo',3002),
(11839,'Palo Blanco',3002),
(11840,'El Rodeo',3002),
(11841,'Juan Becerro',3002),
(11842,'El Candelon',3002),
(11843,'Maria Garcia',3002),
(11844,'Cabezada Del Caimito',3002),
(11845,'La Maguanita',3002),
(11846,'La Lima',3002),
(11847,'La Cabirmita',3002),
(11848,'Amacey Picado',3002),
(11849,'Nizay',3002),
(11850,'Los Ramones',3002),
(11851,'Brazo Chiquito',3002),
(11852,'La Patilla',3002),
(11853,'Rincon Llano',3002),
(11854,'La Jagua',3002),
(11855,'Piedra Blanca',3002),
(11856,'Los Jobos',3002),
(11857,'El Jobo',3002),
(11858,'El Llano',3002),
(11859,'La Guama',3002),
(11860,'Palmarejo',3002),
(11861,'Rincon Alto',3002),
(11862,'La Osea',3002),
(11863,'El Naranjito',3002),
(11864,'Los Palmaritos',3002),
(11865,'El Guayabo',3002),
(11866,'Revolcaderos',3002),
(11867,'El Bebedero',3002),
(11868,'Los Castilo',3002),
(11869,'La Breña Abajo',3002),
(11870,'El Guayabito',3002),
(11871,'Baboso',3002),
(11872,'La Tuatea',3002),
(11873,'Pastor',3002),
(11874,'El Rincon',3002),
(11875,'Sabana Abajo',3002),
(11876,'El Cafe',3002),
(11877,'Las Animas',3002),
(11878,'Los Cerros',3002),
(11879,'La Enramada',3002),
(11880,'Los Bombones',3002),
(11881,'San Jose',3002),
(11882,'El Oregano',3002),
(11883,'Sabana Arriba',3002),
(11884,'El Candejon',3002),
(11885,'La Baitoa',3002),
(11886,'Los Tocones',3002),
(11887,'Zamba Arriba',3002),
(11888,'Los Cajuiles',3002),
(11889,'Los Tomines',3002),
(11890,'Los Indios',3002),
(11891,'El Caimito',3002),
(11892,'Sabaneta Redonda',3002),
(11893,'Los Puentes De Tomines',3002),
(11894,'Los Tomines Abajo',3002),
(11895,'Los Pravieles',3002),
(11896,'Zamba',3002),
(11897,'El Poblado',3002),
(11898,'La Leonor',3002),
(11899,'Toma - Pinar Sucio',3002),
(11900,'La Bija',3002),
(11901,'El Aguacate',3002),
(11902,'Loma Escondida',3002),
(11903,'Loma Vieja',3002),
(11904,'Arroyo Montazo',3002),
(11905,'El Cerrazo',3002),
(11906,'Los Amaceyes',3002),
(11907,'Los Anquelles',3002),
(11908,'La Cabirma',3002),
(11909,'Cenovi',3002),
(11910,'La Cidra',3002),
(11911,'La Cidrita',3002),
(11912,'Loma De Cana',3002),
(11913,'Los Alzafraz',3002),
(11914,'Fuquete',3002),
(11915,'Loma De Copey',3002),
(11916,'Hoya Grande',3002),
(11917,'La Peonia',3002),
(11918,'Los Hundideros',3002),
(11919,'El Montazo',3002),
(11920,'El Vallecito',3002),
(11921,'Los Higos',3002),
(11922,'Loma Los Palos De Escoba',3002),
(11923,'Palo De Burro',3002),
(11924,'Loma Cenovi',3002),
(11925,'Parque Nacional',3002),
(11926,'Caobanitas',3002),
(11927,'Baldemiro Cabreras',3003),
(11928,'La Ceiba',3003),
(11929,'San Isidro',3003),
(11930,'El Fundo',3003),
(11931,'Enriquillo O La Gallera',3003),
(11932,'Yaya Picada',3003),
(11933,'Los Naranjos',3003),
(11934,'El Jengibre',3003),
(11935,'Muse',3003),
(11936,'La Ceiba De Bonet',3003),
(11937,'La Luisa',3003),
(11938,'Los Aguacates',3003),
(11939,'Cerro El Dajao',3003),
(11940,'Loma Llana',3003),
(11941,'El Cabirmal',3003),
(11942,'Los Carmonies',3003),
(11943,'Loma De Tomas',3003),
(11944,'Los Palmaritos',3003),
(11945,'Loma Del Perico',3003),
(11946,'Palo Bonito',3003),
(11947,'Loma De Palo Bonito',3003),
(11948,'Las Berbenas',3003),
(11949,'El Dajao',3003),
(11950,'Los Dajaitos',3003),
(11951,'Julupe',3003),
(11952,'Los Jaiquices',3003),
(11953,'El Caimital Arriba',3003),
(11954,'El Resbaloso',3003),
(11955,'Los Hoyos',3003),
(11956,'Monier',3003),
(11957,'El Algarrobo',3003),
(11958,'El Fundo',3003),
(11959,'La Guasima',3003),
(11960,'La Soya (Soyo)',3003),
(11961,'La Ceiba Abajo',3003),
(11962,'Los Rodriguez',3003),
(11963,'Palo Alto',3003),
(11964,'La Ginita',3003),
(11965,'Palma Larga',3003),
(11966,'Cerca De La Piña',3003),
(11967,'La Piña',3003),
(11968,'Boca De Vereda',3003),
(11969,'Arroyito Malo',3003),
(11970,'La Canastica O Canastilla',3003),
(11971,'Los Cinco (5) Puercos',3003),
(11972,'La Pionia',3003),
(11973,'El Limon',3003),
(11974,'La Cidra',3003),
(11975,'Burende',3003),
(11976,'La Ceiba Arriba',3003),
(11977,'Colonia El Naranjito',3003),
(11978,'Colonia Los Limones',3003),
(11979,'El Valle',3003),
(11980,'Llano De La Pionia',3003),
(11981,'Bohio Viejo',3003),
(11982,'Los Naranjos',3003),
(11983,'Los Candelones',3003),
(11984,'Sabana De Inaje',3003),
(11985,'Higuero',3003),
(11986,'Los Inajitos O Los Najitos',3003),
(11987,'Inaje',3003),
(11988,'Caimital Abajo',3003),
(11989,'Los Cacaos',3003),
(11990,'Los Arroyitos',3003),
(11991,'La Lana O La Calle De La Bebida',3003),
(11992,'Ceja Larga',3003),
(11993,'Rancho Viejo',3003),
(11994,'Cruce De La Lana',3003),
(11995,'La Madrecita',3003),
(11996,'Boca Chica',3101),
(11997,'Andres',3101),
(11998,'Cruce De Boca Chica',3101),
(11999,'El Limon',3101),
(12000,'Kilometro 36, Carretera Mella',3101),
(12001,'Los Paredones De Andres',3101),
(12002,'Batey Jubey',3101),
(12003,'La Malena',3101),
(12004,'La Cucama',3101),
(12005,'La Tumba',3101),
(12006,'La Ciguapa',3101),
(12007,'La Bocaina',3101),
(12008,'Los Bancos De Arena',3101),
(12009,'La Borda',3101),
(12010,'La Caleta',3101),
(12011,'El Valiente',3101),
(12012,'Torre  B',3101),
(12013,'Campo Lindo',3101),
(12014,'La Cien Mil-La Piedra',3101),
(12015,'Aeropuerto Internacional',3101),
(12016,'El Cachimbo',3101),
(12017,'Savica',3102),
(12018,'Canta La Rana O Barriolandia',3102),
(12019,'Pueblo Nuevo',3102),
(12020,'Las Mercedes',3102),
(12021,'Los Libertadores',3102),
(12022,'Altos De Chavon',3102),
(12023,'Los Americanos (Los Angeles)',3102),
(12024,'Nuevo Amanecer',3102),
(12025,'Nazareno O Manzanero',3102),
(12026,'Lebron',3102),
(12027,'La Union',3102),
(12028,'La Fe',3102),
(12029,'La Piña',3102),
(12030,'Valle Encantado',3102),
(12031,'Residencial Los Cerros',3102),
(12032,'La Esperanza',3102),
(12033,'Residencial Los Hidalgos',3102),
(12034,'Paraiso',3102),
(12035,'Santa Rosa',3102),
(12036,'Palmarejo',3102),
(12037,'Santa Rosa',3102),
(12038,'Palmarejito',3102),
(12039,'Las Flores',3102),
(12040,'Santa Barbara',3102),
(12041,'Los Coquitos',3102),
(12042,'Cerinca',3102),
(12043,'Villa Linda',3102),
(12044,'Pantoja',3102),
(12045,'Urbanizacion Don Gregorio',3102),
(12046,'Villa El Palmar',3102),
(12047,'Urbanizacion Proyecto Invi-Cea',3102),
(12048,'Villa Morada',3102),
(12049,'Urbanizacion Villa Pantoja',3102),
(12050,'La Redencion',3102),
(12051,'Las Colinas O Los Cocos',3102),
(12052,'Pantoja I',3102),
(12053,'Vista Verde',3102),
(12054,'Jose Contreras',3102),
(12055,'Reparto Samaria',3102),
(12056,'Residencial Don Miguel',3102),
(12057,'Pedro Brand',3103),
(12058,'Los Cocos (Kilometro 28)',3103),
(12059,'El Catalan',3103),
(12060,'Los Corozos',3103),
(12061,'San Miguel',3103),
(12062,'Mata De Iglesia',3103),
(12063,'Piedra Gorda',3103),
(12064,'La Montosa',3103),
(12065,'La Polonia',3103),
(12066,'El Platon',3103),
(12067,'Frasquito Gomez',3103),
(12068,'El Puerto',3103),
(12069,'Santa Cruz',3103),
(12070,'Hato Viejo',3103),
(12071,'La Guayiga',3103),
(12072,'Batey Palamara',3103),
(12073,'Los Garcia',3103),
(12074,'El Pedregal',3103),
(12075,'Yaco',3103),
(12076,'Proyecto Los Guardias',3103),
(12077,'La Cuaba',3103),
(12078,'Los Aguacates',3103),
(12079,'Salamanca',3103),
(12080,'Arroyo Indio',3103),
(12081,'La Piña',3103),
(12082,'El Convento',3103),
(12083,'La Maleza',3103),
(12084,'La Estancia',3103),
(12085,'Sabana Al Medio',3103),
(12086,'Higuero',3103),
(12087,'Los Jobos De Matea',3103),
(12088,'Higuamo',3103),
(12089,'Suardi',3103),
(12090,'Hojas Anchas',3103),
(12091,'El Limon',3103),
(12092,'La Isabela Arriba',3103),
(12093,'Bañadero',3103),
(12094,'El Cachon',3103),
(12095,'Los Genaros',3103),
(12096,'Sabana Mina',3103),
(12097,'El Cachimbo',3103),
(12098,'Mala Vuelta',3103),
(12099,'Victoriano',3103),
(12100,'Arroyo Mina',3103),
(12101,'Loma De Galan',3103),
(12102,'La Malenita',3103),
(12103,'La Malena',3103),
(12104,'Los Pilones O Los Pilares',3103),
(12105,'Guerra Centro',3104),
(12106,'El Toro',3104),
(12107,'La Piedra',3104),
(12108,'El Fao',3104),
(12109,'El Mamon',3104),
(12110,'La Mujarra (Mojarra)',3104),
(12111,'La Corcobada (Corcovada)',3104),
(12112,'El Viso',3104),
(12113,'Concordia',3104),
(12114,'La Filipina',3104),
(12115,'El Mamey',3104),
(12116,'La Joya',3104),
(12117,'Los Barreros',3104),
(12118,'La Guama',3104),
(12119,'Mata Barraco',3104),
(12120,'Santa Lucia',3104),
(12121,'Tierra Blanca',3104),
(12122,'El Alto',3104),
(12123,'El Cachon (Los Cachones)',3104),
(12124,'La Batata',3104),
(12125,'El Peje',3104),
(12126,'Ahorca Los Perros',3104),
(12127,'Cruce De Guerra',3104),
(12128,'La Estancia',3104),
(12129,'Bejucal',3104),
(12130,'Los Berroa',3104),
(12131,'La Caoba',3104),
(12132,'El Fao',3104),
(12133,'La Pluma',3104),
(12134,'El Cajuilito',3104),
(12135,'El Coquito',3104),
(12136,'La Culebra',3104),
(12137,'Los Cocos',3104),
(12138,'Cuenca',3104),
(12139,'La Jaguita',3104),
(12140,'Valentin',3104),
(12141,'Las Parras',3104),
(12142,'La Reforma',3104),
(12143,'El Porrito O Pomito',3104),
(12144,'La Granja',3104),
(12145,'La Barias',3104),
(12146,'Cerro Cabra',3104),
(12147,'El Cea',3104),
(12148,'Santa Maria',3104),
(12149,'Poco Agua',3104),
(12150,'La Picadora',3104),
(12151,'Capacito',3104),
(12152,'Bella Vista',3104),
(12153,'Mata Vaca',3104),
(12154,'Los Marenos',3104),
(12155,'La Piña',3104),
(12156,'Estorga',3104),
(12157,'Batey Ii O Hato Viejo Ii',3104),
(12158,'El Limon',3104),
(12159,'Hato Viejo',3104),
(12160,'La Gina',3104),
(12161,'Kilometro 36b',3104),
(12162,'Batey Amelia',3104),
(12163,'Mata La Piedra',3104),
(12164,'Juana Jico',3104),
(12165,'La Catalina',3104),
(12166,'Ismael Jimenez O Las Garzas',3104),
(12167,'Los Urbanos',3104),
(12168,'Estorga',3104),
(12169,'Villa Duarte',3105),
(12170,'Ensanche Ozama',3105),
(12171,'Los Mina Norte',3105),
(12172,'Los Mina Sur',3105),
(12173,'Alma Rosa',3105),
(12174,'Las Americas',3105),
(12175,'Sans Souci',3105),
(12176,'Los Tres Brazos-Jardines Del Ozama',3105),
(12177,'Faro A Colon',3105),
(12178,'Los Mameyes',3105),
(12179,'Isabelita',3105),
(12180,'Los Tres Ojos',3105),
(12181,'Villa Faro',3105),
(12182,'Mendoza',3105),
(12183,'Cancino',3105),
(12184,'Los Trinitarios',3105),
(12185,'El Cachon De La Rubia',3105),
(12186,'Cancino Afuera',3105),
(12187,'Cancino Adentro',3105),
(12188,'El Tamarindo',3105),
(12189,'San Jose De Mendoza',3105),
(12190,'Prado Oriental',3105),
(12191,'Brisa Oriental',3105),
(12192,'Juan Lopez',3105),
(12193,'Hainamosa',3105),
(12194,'El Almirante',3105),
(12195,'Los Frailes',3105),
(12196,'Las Canas',3105),
(12197,'Cancino Adentro',3105),
(12198,'El Cuatro',3105),
(12199,'Los Paredones',3105),
(12200,'San Miguel',3105),
(12201,'La Grea',3105),
(12202,'El Valiente',3105),
(12203,'La Ureña',3105),
(12204,'San Luis',3105),
(12205,'El Bonito',3105),
(12206,'San Isidro Adentro',3105),
(12207,'San Isidro Afuera',3105),
(12208,'Batey El Naranjo',3105),
(12209,'El Puente',3105),
(12210,'El Cabreto',3105),
(12211,'El Muelle',3105),
(12212,'Piragua',3105),
(12213,'Villa Mella',3106),
(12214,'Santa Cruz',3106),
(12215,'Sabana Perdida',3106),
(12216,'El Eden',3106),
(12217,'Guaricano',3106),
(12218,'San Felipe',3106),
(12219,'Licey',3106),
(12220,'Mancebo',3106),
(12221,'Mata Gorda',3106),
(12222,'Mata San Juan',3106),
(12223,'Limonal',3106),
(12224,'Punta',3106),
(12225,'Cercadillo',3106),
(12226,'Sierra Prieta',3106),
(12227,'Los Vizcaino',3106),
(12228,'Buenos Aires',3106),
(12229,'Hoyos Oscuros',3106),
(12230,'Kilometro 26',3106),
(12231,'Jubileo',3106),
(12232,'Juan Dinga',3106),
(12233,'Duquesa',3106),
(12234,'La Jacagua',3106),
(12235,'Los Cazabes',3106),
(12236,'Higuero Abajo',3106),
(12237,'San Mateo',3106),
(12238,'La Guabina',3106),
(12239,'Los Tapia (El Ocho)',3106),
(12240,'Los Potrazos',3106),
(12241,'Rincon Dorado',3106),
(12242,'Los Rosario',3106),
(12243,'Los Genaro',3106),
(12244,'El Siete',3106),
(12245,'Cabon',3106),
(12246,'Santana',3106),
(12247,'Aguacate Adentro',3106),
(12248,'El Higuerito',3106),
(12249,'El Ocho',3106),
(12250,'La Bomba',3106),
(12251,'Guayabo',3106),
(12252,'Batey Guanuma',3106),
(12253,'Mata Redonda',3106),
(12254,'La Gina (La Tita)',3106),
(12255,'El Hato De Sanguineo',3106),
(12256,'Hacienda Estrella',3106),
(12257,'El 11 De Hacienda Estrella',3106),
(12258,'San Mateo',3106),
(12259,'El 10 De Hacienda Estrella',3106),
(12260,'La Campaña',3106),
(12261,'Los Morenos',3106),
(12262,'La Ceiba',3106),
(12263,'La Piña',3106),
(12264,'Los Castillos',3106),
(12265,'Los Mercedes',3106),
(12266,'Los Mambruses',3106),
(12267,'La Jaiba',3106),
(12268,'Rancho Arriba-Cabon',3106),
(12269,'Cruce De Gina',3106),
(12270,'Cajuilito',3106),
(12271,'La Sabana Del Hato',3106),
(12272,'La Gina',3106),
(12273,'Los Llanos',3106),
(12274,'Rincon Yaco',3106),
(12275,'La Jagua',3106),
(12276,'Loma De Mateo',3106),
(12277,'La Joya O Los Goya',3106),
(12278,'Los Callejones',3106),
(12279,'Los Mameyes',3106),
(12280,'Amor A Dios',3106),
(12281,'Los Cocos',3106),
(12282,'Los Peralejos',3106),
(12283,'Rincon',3106),
(12284,'La Victoria',3106),
(12285,'Mal Nombre',3106),
(12286,'Punta Larga',3106),
(12287,'Maricao',3106),
(12288,'El Dajao',3106),
(12289,'La Caoba',3106),
(12290,'Palmilla',3106),
(12291,'Primavera',3106),
(12292,'El Corozo',3106),
(12293,'Juan Tomas',3106),
(12294,'El Jobo',3106),
(12295,'La Virgen',3106),
(12296,'San Joaquin',3106),
(12297,'Verdem',3106),
(12298,'Ferreges',3106),
(12299,'La Culata',3106),
(12300,'Mata Mamon',3106),
(12301,'Santo Domingo Country Club',3107),
(12302,'La Altagracia',3107),
(12303,'Engombe',3107),
(12304,'La Rosa',3107),
(12305,'Las Caobas',3107),
(12306,'Alameda',3107),
(12307,'Enriquillo',3107),
(12308,'Buenos Aires De Herrera',3107),
(12309,'Herrera',3107),
(12310,'Zona Industrial Herrera',3107),
(12311,'Juan Pablo Duarte',3107),
(12312,'Costa Verde',3107),
(12313,'San Miguel',3107),
(12314,'Bayona',3107),
(12315,'Manoguayabo',3107),
(12316,'Finca De Engombe',3107),
(12317,'La Cienaga',3107),
(12318,'Caballona',3107),
(12319,'Palave',3107),
(12320,'Buenas Noches',3107),
(12321,'Hato Nuevo',3107),
(12322,'Bienvenido',3107),
(12323,'Sur',3201),
(12324,'Centro De La Ciudad',3201),
(12325,'Norte O Rincon',3201),
(12326,'Gregorio Luperon',3201),
(12327,'Cristobal Colon',3201),
(12328,'Duarte',3201),
(12329,'Nuevo',3201),
(12330,'La Logia',3201),
(12331,'Enriquillo',3201),
(12332,'Vista Hermosa',3201),
(12333,'Los Cayucos I',3201),
(12334,'Tito Cabrera',3201),
(12335,'La Fe',3201),
(12336,'Buenos Aires',3201),
(12337,'Quisqueya',3201),
(12338,'Los Cayucos Ii',3201),
(12339,'Los Patitos O Maria Auxiliadora',3201),
(12340,'Salome Ureña',3201),
(12341,'La Altagracia',3201),
(12342,'Paraiso',3201),
(12343,'Jose Francisco Peña Gomez',3201),
(12344,'Buena Vista O El Bolsillo',3201),
(12345,'1 De Mayo',3201),
(12346,'Peñuela Adentro',3201),
(12347,'Peñuela Abajo',3201),
(12348,'Guachupita - Los Callejones',3201),
(12349,'Kilometro 7',3201),
(12350,'Cañeo',3201),
(12351,'Cruce De Esperanza',3201),
(12352,'Los Callejones De Peñuela',3201),
(12353,'Peñuela Afuera',3201),
(12354,'Cacheo',3201),
(12355,'Bejucal',3201),
(12356,'Barrero',3201),
(12357,'Cruce De Barrero',3201),
(12358,'Villa Henequen (Ponton)',3201),
(12359,'Cruce Jicome',3201),
(12360,'Maizal',3201),
(12361,'Damajagua',3201),
(12362,'Saltadero',3201),
(12363,'El Mango',3201),
(12364,'El Palo',3201),
(12365,'Ojos De Agua',3201),
(12366,'Batey Libertad',3201),
(12367,'Linea A',3201),
(12368,'Buen Hombre',3201),
(12369,'Domingo Cabrera (Antiguo Vietnam)',3201),
(12370,'Loma De Maimon O Pozo Del Maiz',3201),
(12371,'Loma La Majagua',3201),
(12372,'Los Aguacaticos',3201),
(12373,'Los Arroyos',3201),
(12374,'El Alto',3201),
(12375,'La Cumbre',3201),
(12376,'Los Ozorio (Osorio)',3201),
(12377,'Loma De Palma Picada O Palma Picada',3201),
(12378,'El Rayo',3201),
(12379,'El 31',3201),
(12380,'La Lomita',3201),
(12381,'La Palma',3201),
(12382,'Loma De Damajagua',3201),
(12383,'El Llano',3201),
(12384,'La Llanada',3201),
(12385,'Maimon',3201),
(12386,'La Cañita',3201),
(12387,'Los Guamachos',3201),
(12388,'Loma Del Aguacate',3201),
(12389,'Bejucal',3201),
(12390,'Jicome',3201),
(12391,'Cruce De Jicome-Kilometro 7',3201),
(12392,'Kilometro 10',3201),
(12393,'Cruce De Esperanza',3201),
(12394,'Jicome Arriba (Rural)',3201),
(12395,'Jicome Abajo',3201),
(12396,'Bañadero Prieto',3201),
(12397,'La Guazara',3201),
(12398,'Los  Ortegas',3201),
(12399,'El Jarqui',3201),
(12400,'El Pozo',3201),
(12401,'Boca De Mao',3201),
(12402,'Guazumita',3201),
(12403,'Batey 3',3201),
(12404,'El Puente De Laguna Salada',3201),
(12405,'Boca De Mao',3201),
(12406,'Paradero',3201),
(12407,'La Cayota',3201),
(12408,'Loma De Aguacate O El Aguacate',3201),
(12409,'Los Cocos',3201),
(12410,'El Barrero',3201),
(12411,'La Cana O La Yuca',3201),
(12412,'El Aguacate Abajo',3201),
(12413,'El Chepe',3201),
(12414,'Las Cabirmas',3201),
(12415,'La Campana',3201),
(12416,'Los Higos O La Yaguita',3201),
(12417,'La Lomota',3201),
(12418,'El Murazo',3201),
(12419,'Arroyo Seco',3201),
(12420,'El Corte',3201),
(12421,'Loma De Jicome',3201),
(12422,'Derrumbadero',3201),
(12423,'Las Flores',3202),
(12424,'Pueblo Nuevo',3202),
(12425,'Enemencio Diaz',3202),
(12426,'Residencial Triniti',3202),
(12427,'Lindo',3202),
(12428,'Camilo Rodriguez',3202),
(12429,'Los Tejada',3202),
(12430,'Sito Toro',3202),
(12431,'El Yaque',3202),
(12432,'La Duarte',3202),
(12433,'San Antonio',3202),
(12434,'Los Altos De Buenos Aires',3202),
(12435,'Los Crespo',3202),
(12436,'Puerto Rico',3202),
(12437,'Los Fermin',3202),
(12438,'La Curva',3202),
(12439,'Ranchete',3202),
(12440,'El Firme',3202),
(12441,'Cabirma',3202),
(12442,'Los Mangos',3202),
(12443,'El Naranjo',3202),
(12444,'Barrera O La Divisora',3202),
(12445,'El Carril Arriba',3202),
(12446,'El Carril Abajo',3202),
(12447,'Paso Largo',3202),
(12448,'Jaibon',3202),
(12449,'Entrada De Pozo Prieto',3202),
(12450,'El Cerro',3202),
(12451,'Jaibon',3202),
(12452,'Arroyo Seco',3202),
(12453,'San Roque',3202),
(12454,'La Sabana',3202),
(12455,'La Caya',3202),
(12456,'Pozo Prieto',3202),
(12457,'Los Manantiales',3202),
(12458,'Loma De Pozo Prieto',3202),
(12459,'Palo Amarillo',3202),
(12460,'Los Toros',3202),
(12461,'La Caya',3202),
(12462,'Loma De La Caya',3202),
(12463,'Los Grayumbos',3202),
(12464,'Cruce De Guayacanes',3202),
(12465,'Ojo De Agua',3202),
(12466,'Las Cañitas',3202),
(12467,'Los Guamachos',3202),
(12468,'Loma De Guayacanes O Arroyo De Agua',3202),
(12469,'El Molino',3202),
(12470,'Los Pinos',3202),
(12471,'El Chorro',3202),
(12472,'Guayacanes Adentro',3202),
(12473,'La Barranquita',3202),
(12474,'El Barrio O Los Parceleros',3202),
(12475,'Puente San Rafael',3202),
(12476,'Las Flores',3203),
(12477,'Los Cajuiles',3203),
(12478,'Los Restauradores',3203),
(12479,'San Anton',3203),
(12480,'De Pericle',3203),
(12481,'Sibila',3203),
(12482,'Los Cayucos',3203),
(12483,'Cerro Marino',3203),
(12484,'La Guardia O Carlos Daniel',3203),
(12485,'Los Oficiales',3203),
(12486,'Las Cuarenta (Las 40)',3203),
(12487,'Las Trescientas (Las 300)',3203),
(12488,'Centro Del Pueblo',3203),
(12489,'Buenos Aires',3203),
(12490,'Residencial Carol Gissel',3203),
(12491,'Militar',3203),
(12492,'Urbanizacion Sin Nombre',3203),
(12493,'Enriquillo',3203),
(12494,'Maria Auxiliadora',3203),
(12495,'El Rincon',3203),
(12496,'Los Bonilla',3203),
(12497,'Los Acostados',3203),
(12498,'Moto Cross',3203),
(12499,'Hatico',3203),
(12500,'Pueblo De Dios',3203),
(12501,'Los Medicos',3203),
(12502,'Desiderio Arias',3203),
(12503,'Urbanizacion Villa Carolina',3203),
(12504,'Urbanizacion Bello Atardecer',3203),
(12505,'Villa Olimpica',3203),
(12506,'La Compuerta',3203),
(12507,'Tierra Seca',3203),
(12508,'Urbanizacion Los Corobat',3203),
(12509,'Villa Diego',3203),
(12510,'El Saman',3203),
(12511,'Don Bosco',3203),
(12512,'Cruce De Copellito',3203),
(12513,'Aserradero',3203),
(12514,'Urbanizacion Laiden',3203),
(12515,'Arroyo De Agua',3203),
(12516,'Los Quemados',3203),
(12517,'Gurabo Adentro',3203),
(12518,'Mao Adentro',3203),
(12519,'Laguna De La Ceiba',3203),
(12520,'Damajagua',3203),
(12521,'El Cercado',3203),
(12522,'Palo Amarillo',3203),
(12523,'Yerba De Guinea O Yerba Buena',3203),
(12524,'Amina',3203),
(12525,'Hato Nuevo',3203),
(12526,'Laguneta',3203),
(12527,'Batey Laguneta',3203),
(12528,'Batey  Amina',3203),
(12529,'Los Chichiguaos',3203),
(12530,'Tierra Fria Afuera',3203),
(12531,'La Becerrera',3203),
(12532,'Tartabon',3203),
(12533,'Entrada De Mao',3203),
(12534,'Los Helechos',3203),
(12535,'Martinez',3203),
(12536,'Sabana Grande',3203),
(12537,'Jimenez',3203),
(12538,'Tartabon Adentro',3203),
(12539,'Pueblo Nuevo',3203),
(12540,'Gurabo Afuera',3203),
(12541,'La Caida',3203),
(12542,'Piedra Blanca',3203),
(12543,'Las Raices',3203),
(12544,'Gurabo Adentro',3203),
(12545,'Prestiles',3203),
(12546,'La Yagua (La Jagua)',3203),
(12547,'Pueblo Nuevo',3203),
(12548,'Cartujo',3203),
(12549,'Cayito',3203),
(12550,'Guatapanal',3203),
(12551,'Boruco',3203),
(12552,'La Sabana',3203),
(12553,'La Caña',3203),
(12554,'Baguazuma',3203),
(12555,'Jinamagao Abajo',3203),
(12556,'Jinamagao Arriba',3203),
(12557,'El Remate',3203),
(12558,'Tierra Fria',3203),
(12559,'Potrero',3203),
(12560,'Hundidera',3203),
(12561,'Higuerito-Peñuela',3203),
(12562,'Guanal',3203),
(12563,'Guazabara',3203),
(12564,'Tabacal',3203),
(12565,'Guanajuma',3203),
(12566,'La Caoba',3203),
(12567,'Jaiquipicao',3203),
(12568,'La Sabana',3203);
